diet_pattern,food_group,outcome,impact_median_day,LB_day,UB_day,impact_median_year,LB_year,UB_year
Med,added_sugar,BLUEWATER (L),-10.1809571422476,-10.3797008510916,-9.95392674352771,-3716.049356920374,-3788.590810648434,-3633.183261387614
Med,added_sugar,CED (mJ),-0.513376830650809,-0.523523878792911,-0.501965072908321,-187.38254318754528,-191.0862157594125,-183.2172516115372
Med,added_sugar,FL (mrh-eq),-0.0237825965359421,-0.0242555243473373,-0.0232541901384606,-8.680647735618866,-8.853266386778113,-8.48777940053812
Med,added_sugar,Food_price ($),-0.834621761547551,-0.850966922799075,-0.816410464357458,-304.6369429648561,-310.6029268216624,-297.9898194904722
Med,added_sugar,GHG (kgCO2eq),-0.0528103771094155,-0.0538438383756552,-0.0516307746955599,-19.27578764493666,-19.65300100711415,-18.845232763879363
Med,added_sugar,WATER (litereq),-37.6247615209002,-38.3630137665929,-36.7898601638702,-13733.037955128573,-14002.500024806408,-13428.298959812624
Med,dairy_cow,BLUEWATER (L),14.1124901347996,13.5390449631702,14.7111397298467,5151.058899201854,4941.751411557123,5369.566001394045
Med,dairy_cow,CED (mJ),1.13797665787086,1.09173625567041,1.18624944735736,415.36148012286395,398.48373331969964,432.9810482854364
Med,dairy_cow,FL (mrh-eq),0.0258608536208917,0.0248100269062961,0.0269578669332018,9.43921157162547,9.055659820798077,9.839621430618658
Med,dairy_cow,Food_price ($),0,0,0,0,0,0
Med,dairy_cow,GHG (kgCO2eq),0.211246552654398,0.202662786466722,0.220207597940788,77.10499171885527,73.97191706035353,80.37577324838762
Med,dairy_cow,WATER (litereq),59.1395100559622,56.7364425483725,61.6481987004267,21585.9211704262,20708.801530155964,22501.592525655746
Med,dairy_soy,BLUEWATER (L),-0.0223003609358892,-0.0295040490207771,-0.0149880686211381,-8.139631741599558,-10.768977892583642,-5.470645046715406
Med,dairy_soy,CED (mJ),-0.00290558660590594,-0.00384417857187226,-0.00195284424136347,-1.0605391111556681,-1.4031251787333747,-0.7127881480976666
Med,dairy_soy,FL (mrh-eq),-4.8749318828448e-4,-6.4496816736688e-4,-3.2764408519444e-4,-0.1779350137238352,-0.2354133810889112,-0.11959009109597062
Med,dairy_soy,Food_price ($),0,0,0,0,0,0
Med,dairy_soy,GHG (kgCO2eq),-4.4600514820292e-4,-5.9007824106203e-4,-2.9975998083009e-4,-0.1627918790940658,-0.21537855798764094,-0.10941239300298286
Med,dairy_soy,WATER (litereq),-0.0388819869008606,-0.0514420394739887,-0.0261325764848234,-14.19192521881412,-18.776344408005876,-9.538390416960542
Med,dairy_tot,BLUEWATER (L),0,0,0,0,0,0
Med,dairy_tot,Cancer (cases),NA,NA,NA,4477.11608444943,4067.11865759179,4898.22080274892
Med,dairy_tot,CED (mJ),0,0,0,0,0,0
Med,dairy_tot,CVD (deaths),NA,NA,NA,0,0,0
Med,dairy_tot,FL (mrh-eq),0,0,0,0,0,0
Med,dairy_tot,Food_price ($),0.243282747287528,0.229262187896897,0.257154371527332,88.79820275994771,83.68069858236741,93.86134560747618
Med,dairy_tot,GHG (kgCO2eq),0,0,0,0,0,0
Med,dairy_tot,WATER (litereq),0,0,0,0,0,0
Med,fruit_exc_juice,BLUEWATER (L),88.826344785201,86.770190430506,91.0653813455113,32421.615846598364,31671.119507134692,33238.86419111162
Med,fruit_exc_juice,Cancer (cases),NA,NA,NA,7428.24472556207,5817.51026865895,9035.16562693371
Med,fruit_exc_juice,CED (mJ),1.43835137214074,1.40681154261979,1.47210466281521,524.9982508313701,513.4862130562234,537.3182019275516
Med,fruit_exc_juice,CVD (deaths),NA,NA,NA,58259.9601887031,53282.8283369549,63585.6185776199
Med,fruit_exc_juice,FL (mrh-eq),0.0881381152508998,0.086219523030424,0.0900608779644976,32.17041206657843,31.470125906104762,32.87222045704163
Med,fruit_exc_juice,Food_price ($),2.21193279013016,2.16485239472042,2.26469443428039,807.3554683975084,790.1711240729534,826.6134685123423
Med,fruit_exc_juice,GHG (kgCO2eq),0.189076225838566,0.184766050594078,0.193359570451069,69.0128224310766,67.43960846683846,70.57624321464019
Med,fruit_exc_juice,WATER (litereq),657.118096275215,642.269663122323,673.035589604394,239848.10514045347,234428.42703964788,245657.9902056038
Med,fruit_juice,BLUEWATER (L),31.892341825359,31.0390136326172,32.7049773568016,11640.704766256034,11329.239975905277,11937.316735232584
Med,fruit_juice,CED (mJ),0.789877224185313,0.768409803422325,0.81039204671361,288.30518682763926,280.46957824914864,295.7930970504676
Med,fruit_juice,FL (mrh-eq),0.0500785042381786,0.0487227916146319,0.051397026101453,18.278654046935188,17.783818939340645,18.759914527030343
Med,fruit_juice,Food_price ($),0.219895006431877,0.213764273771898,0.225747567407315,80.26167734763511,78.02395992674276,82.39786210366998
Med,fruit_juice,GHG (kgCO2eq),0.100052993781693,0.0973166947750232,0.10268485885068,36.519342730317945,35.520593592883465,37.4799734804982
Med,fruit_juice,WATER (litereq),271.553225909509,264.392630290337,278.456652651696,99116.92745697079,96503.31005597301,101636.67821786905
Med,gr_refined,BLUEWATER (L),-30.1116781143998,-30.8134818860301,-29.440055005143,-10990.762511755927,-11246.920888400986,-10745.620076877196
Med,gr_refined,CED (mJ),-0.351390040941821,-0.359465279200257,-0.34372463655718,-128.25736494376468,-131.2048269080938,-125.4594923433707
Med,gr_refined,FL (mrh-eq),-0.00794615043288047,-0.00813789468987137,-0.00776366189403355,-2.9003449080013715,-2.97033156180305,-2.833736591322246
Med,gr_refined,Food_price ($),-1.04360658065236,-1.06745001583575,-1.01802668668473,-380.9164019381114,-389.6192557800488,-371.57974063992646
Med,gr_refined,GHG (kgCO2eq),-0.0612588835307059,-0.0626709859812602,-0.0599345961695731,-22.359492488707655,-22.874909883159972,-21.87612760189418
Med,gr_refined,WATER (litereq),-94.6923472594216,-96.8663928726456,-92.5961754448994,-34562.706749688885,-35356.233398515644,-33797.60403738828
Med,gr_whole,BLUEWATER (L),26.9533786319692,26.5422435159254,27.3659850947183,9837.98320066876,9687.91888331277,9988.58455957218
Med,gr_whole,Cancer (cases),NA,NA,NA,29263.258955636,26993.0190943881,31424.8473110372
Med,gr_whole,CED (mJ),0.440033138853737,0.433592212732729,0.446551648143972,160.61209568161402,158.26115764744608,162.9913515725498
Med,gr_whole,CVD (deaths),NA,NA,NA,50128.7648128309,45569.5439834725,54658.3668726959
Med,gr_whole,FL (mrh-eq),0.00787024776750376,0.00774837446602652,0.00798856193141487,2.8726404351388726,2.82815668009968,2.915825104966428
Med,gr_whole,Food_price ($),0.744448829642949,0.733391420295186,0.755616642841983,271.7238228196764,267.6878684077429,275.8000746373238
Med,gr_whole,GHG (kgCO2eq),0.0695509352676728,0.0685520838704562,0.070601149937673,25.38609137270057,25.021510612716515,25.769419727250643
Med,gr_whole,WATER (litereq),125.224445723944,123.18167654634,127.148246970456,45706.92268923956,44961.3119394141,46409.11014421644
Med,leg_tot,BLUEWATER (L),3.71180690863093,3.41410705099112,4.02439946020652,1354.8095216502895,1246.149073611759,1468.9058029753796
Med,leg_tot,Cancer (cases),NA,NA,NA,2808.07095930982,2477.37540696042,3165.83491441622
Med,leg_tot,CED (mJ),0.0713489498052653,0.0668762605876404,0.076321147851396,26.042366678921834,24.409835114488747,27.85721896575954
Med,leg_tot,CVD (deaths),NA,NA,NA,9893.13840012968,8826.89979586921,10995.2485599773
Med,leg_tot,FL (mrh-eq),0.00300527910898178,0.00282282885005107,0.00321187228174471,1.0969268747783496,1.0303325302686406,1.1723333828368192
Med,leg_tot,Food_price ($),0.082799094385694,0.0775720163204437,0.0882113095062691,30.221669450778307,28.313785956961954,32.19712796978822
Med,leg_tot,GHG (kgCO2eq),0.0122697140868125,0.0115033238784944,0.0130914826581336,4.478445641686562,4.198713215650456,4.778391170218764
Med,leg_tot,WATER (litereq),14.5210384159565,13.1831017889067,15.8622721006407,5300.179021824122,4811.832152950946,5789.729316733856
Med,oil,BLUEWATER (L),-0.282082414077568,-0.388879233451388,-0.174336865117564,-102.96008113831232,-141.9409202097566,-63.63295576791086
Med,oil,CED (mJ),-0.00909359517018428,-0.0125671709402435,-0.00560084181849183,-3.3191622371172618,-4.587017393188877,-2.044307263749518
Med,oil,FL (mrh-eq),-3.5471695215282e-4,-4.9124480530595e-4,-2.1567566973568e-4,-0.1294716875357793,-0.17930435393667177,-0.0787216194535232
Med,oil,Food_price ($),-0.00699579478681103,-0.0101511385224028,-0.00383527997839187,-2.553465097186026,-3.705165560677022,-1.3998771921130326
Med,oil,GHG (kgCO2eq),-0.00111145854734809,-0.00153171833885522,-6.8195995443983e-4,-0.4056823697820529,-0.5590771936821552,-0.24891538337053795
Med,oil,WATER (litereq),-0.788448611936654,-1.08037417466471,-0.492895083756898,-287.78374335687874,-394.33657375261913,-179.90670557126776
Med,pf_egg,BLUEWATER (L),-3.74997164843137,-4.32076708586732,-3.16953454892864,-1368.73965167745,-1577.0799863415718,-1156.8801103589535
Med,pf_egg,CED (mJ),-0.191697712348976,-0.220876647507453,-0.162025897581071,-69.96966500737624,-80.61997634022035,-59.13945261709092
Med,pf_egg,FL (mrh-eq),-0.0027749319207442,-0.00320323701534189,-0.00233566181980543,-1.012850151071633,-1.1691815105997898,-0.8525165642289819
Med,pf_egg,Food_price ($),-0.233031270895257,-0.287358725891965,-0.179695628410271,-85.0564138767688,-104.88593495056722,-65.58890436974892
Med,pf_egg,GHG (kgCO2eq),-0.0312865259787715,-0.0360487503250206,-0.0264438599281544,-11.419581982251596,-13.157793868632519,-9.652008873776357
Med,pf_egg,WATER (litereq),-8.6051298517256,-9.91494478325007,-7.2731900185086404,-3140.872395879844,-3618.9548458862755,-2654.7143567556536
Med,pf_ns,BLUEWATER (L),-8.62798027518692,-11.3564739618731,-6.19877407312262,-3149.2128004432257,-4145.1129960836815,-2262.5525366897564
Med,pf_ns,Cancer (cases),NA,NA,NA,80.8919030574992,55.5267255974901,116.087329812567
Med,pf_ns,CED (mJ),-0.0210057519106664,-0.0282570398574405,-0.0147684407335021,-7.667099447393236,-10.313819547965783,-5.390480867728266
Med,pf_ns,CVD (deaths),NA,NA,NA,5106.97662480966,3623.93554896742,7258.99830958204
Med,pf_ns,FL (mrh-eq),-0.00588095543126036,-0.00763405716146595,-0.00429280962814502,-2.1465487324100314,-2.7864308639350717,-1.5668755142729325
Med,pf_ns,Food_price ($),-0.0300254194723066,-0.0401718744869514,-0.0205685411169858,-10.95927810739191,-14.66273418773726,-7.507517507699816
Med,pf_ns,GHG (kgCO2eq),-0.00376706712516474,-0.00498934422319535,-0.00266825321927788,-1.37497950068513,-1.8211106414663027,-0.9739124250364262
Med,pf_ns,WATER (litereq),-49.6000703040686,-65.8994237106954,-35.5319010799467,-18104.02566098504,-24053.289654403823,-12969.143894180545
Med,pf_pm,BLUEWATER (L),0,0,0,0,0,0
Med,pf_pm,Cancer (cases),NA,NA,NA,3983.37567018598,3104.40407684691,4890.5680409383
Med,pf_pm,CED (mJ),0,0,0,0,0,0
Med,pf_pm,CVD (deaths),NA,NA,NA,21506.2753686045,16641.7979692144,26977.2839418632
Med,pf_pm,FL (mrh-eq),0,0,0,0,0,0
Med,pf_pm,Food_price ($),-0.173924259921908,-0.201896816362253,-0.144493339764362,-63.48235487149642,-73.69233797222235,-52.74006901399213
Med,pf_pm,GHG (kgCO2eq),0,0,0,0,0,0
Med,pf_pm,WATER (litereq),0,0,0,0,0,0
Med,pf_poultry,BLUEWATER (L),0,0,0,0,0,0
Med,pf_poultry,CED (mJ),0,0,0,0,0,0
Med,pf_poultry,FL (mrh-eq),0,0,0,0,0,0
Med,pf_poultry,Food_price ($),-0.364650387760229,-0.417784388085871,-0.310241558093006,-133.09739153248358,-152.49130165134292,-113.2381687039472
Med,pf_poultry,GHG (kgCO2eq),0,0,0,0,0,0
Med,pf_poultry,WATER (litereq),0,0,0,0,0,0
Med,pf_poultry_tot,BLUEWATER (L),-11.7771868863515,-13.2643349823032,-10.3320326052117,-4298.673213518297,-4841.482268540668,-3771.1919009022704
Med,pf_poultry_tot,CED (mJ),-0.367938424969772,-0.414404453490104,-0.322804087829624,-134.2975251139668,-151.25762552388798,-117.82349205781276
Med,pf_poultry_tot,FL (mrh-eq),-0.00551727286763225,-0.00620802854163556,-0.00483871644674403,-2.0138045966857714,-2.2659304176969797,-1.7661315030615707
Med,pf_poultry_tot,Food_price ($),0,0,0,0,0,0
Med,pf_poultry_tot,GHG (kgCO2eq),-0.0533948765425554,-0.060071987878257,-0.0468271839146933,-19.48912993803272,-21.926275575563807,-17.091922128863054
Med,pf_poultry_tot,WATER (litereq),-25.2847816239152,-28.4772759177764,-22.1821491167585,-9228.945292729048,-10394.205709988386,-8096.484427616852
Med,pf_redm,BLUEWATER (L),0,0,0,0,0,0
Med,pf_redm,Cancer (cases),NA,NA,NA,2239.23645955884,1530.1627781651,3222.40740200465
Med,pf_redm,CED (mJ),0,0,0,0,0,0
Med,pf_redm,CVD (deaths),NA,NA,NA,8405.53315435494,6229.1517765246,10656.327429195
Med,pf_redm,FL (mrh-eq),0,0,0,0,0,0
Med,pf_redm,Food_price ($),-0.608634707186127,-0.717839452108071,-0.497363762615667,-222.15166812293634,-262.0114000194459,-181.53777335471847
Med,pf_redm,GHG (kgCO2eq),0,0,0,0,0,0
Med,pf_redm,WATER (litereq),0,0,0,0,0,0
Med,pf_redm_tot,BLUEWATER (L),-22.1497515151912,-25.0309907893935,-19.5191007352327,-8084.6593030447875,-9136.311638128627,-7124.471768359936
Med,pf_redm_tot,CED (mJ),-0.976690703830852,-1.10465132916149,-0.86072074647704,-356.492106898261,-403.1977351439438,-314.1630724641196
Med,pf_redm_tot,FL (mrh-eq),-0.0326690055528545,-0.0369502776976214,-0.0288027383380021,-11.924187026791893,-13.486851359631812,-10.512999493370767
Med,pf_redm_tot,Food_price ($),0,0,0,0,0,0
Med,pf_redm_tot,GHG (kgCO2eq),-0.425136845319702,-0.480590356486054,-0.375088354410881,-155.1749485416912,-175.41548011740971,-136.90724935997156
Med,pf_redm_tot,WATER (litereq),-125.832669711305,-142.273111292539,-111.025488525126,-45928.924444626326,-51929.685621776734,-40524.303311670985
Med,pf_seafood,BLUEWATER (L),3.30911116601994,3.23194484641445,3.38805622757039,1207.8255755972782,1179.6598689412742,1236.6405230631922
Med,pf_seafood,Cancer (cases),NA,NA,NA,0,0,0
Med,pf_seafood,CED (mJ),10.0153263840721,9.79331997473461,10.2341103999903,3655.5941301863168,3574.5617907781325,3735.4502959964593
Med,pf_seafood,CVD (deaths),NA,NA,NA,13201.0655385379,10346.310164013,16313.3652852747
Med,pf_seafood,FL (mrh-eq),0.11107100908676,0.10857976806142,0.113639382635218,40.5409183166674,39.6316153424183,41.47837466185457
Med,pf_seafood,Food_price ($),3.74553947508207,3.64482779205746,3.84861269420941,1367.1219084049555,1330.362144100973,1404.7436333864348
Med,pf_seafood,GHG (kgCO2eq),0.58976442371331,0.576472319818681,0.603189381336332,215.26401465535812,210.41239673381855,220.1641241877612
Med,pf_seafood,WATER (litereq),22.9042896620719,22.3685780494892,23.4615146339147,8360.065726656243,8164.530988063559,8563.452841378865
Med,sat_fat,BLUEWATER (L),-15.1588366416996,-15.3774924004443,-14.9497615470477,-5532.975374220354,-5612.784726162169,-5456.6629646724105
Med,sat_fat,CED (mJ),-0.85094152260676,-0.863372208740939,-0.839191505924724,-310.5936557514674,-315.1308561904427,-306.3048996625243
Med,sat_fat,FL (mrh-eq),-0.022177531500519,-0.0225027903023749,-0.021867335583651,-8.094798997689436,-8.213518460366839,-7.981577488032615
Med,sat_fat,Food_price ($),-0.0873297184291308,-0.0888624157336306,-0.0859368729530099,-31.87534722663274,-32.43478174277517,-31.366958627848614
Med,sat_fat,GHG (kgCO2eq),-0.230562354908238,-0.233923763327376,-0.227349836915152,-84.15525954150688,-85.38217361449223,-82.98269047403048
Med,sat_fat,WATER (litereq),-68.601812053907,-69.5992784437206,-67.6504465810737,-25039.661399676053,-25403.73663195802,-24692.4130020919
Med,sodium,Cancer (cases),NA,NA,NA,0,0,0
Med,sodium,CVD (deaths),NA,NA,NA,42819.5613826702,39435.4714555325,46387.606546244
Med,ssb,Cancer (cases),NA,NA,NA,337.809897750778,184.5432635719,535.68691265602
Med,ssb,CVD (deaths),NA,NA,NA,7170.48946306813,4395.62832913864,10421.6504350128
Med,veg_dg,BLUEWATER (L),2.68585301007979,2.12010552960616,3.18950622853854,980.3363486791234,773.8385183062484,1164.169773416567
Med,veg_dg,CED (mJ),0.0431979974318704,0.0332073834837326,0.0525647656003371,15.767269062632696,12.1206949715624,19.18613944412304
Med,veg_dg,FL (mrh-eq),0.00228747884894948,0.001829808493803,0.00270037432303897,0.8349297798665603,0.667880100238095,0.985636627909224
Med,veg_dg,Food_price ($),0.0743234028272605,0.0568985879697211,0.0917205996797604,27.128042031950084,20.767984608948204,33.47801888311255
Med,veg_dg,GHG (kgCO2eq),0.00491390725880995,0.0037770172479136,0.00598916255979891,1.793576149465632,1.378611295488464,2.186044334326602
Med,veg_dg,WATER (litereq),33.6625353309247,26.3429104300309,40.4876902967518,12286.825395787515,9615.16230696128,14778.006958314407
Med,veg_exc_sta,Cancer (cases),NA,NA,NA,3807.41157824615,3133.13794133299,4581.13712585705
Med,veg_exc_sta,CVD (deaths),NA,NA,NA,19188.5382037686,16499.642026593,21882.9971813397
Med,veg_oth,BLUEWATER (L),0.539890517041625,0.0631310660681676,1.03814780809022,197.06003872019315,23.042839114881172,378.9239499529303
Med,veg_oth,CED (mJ),0.00871763368473351,-1.9102357453522e-4,0.0179465993018496,3.181936294927731,-0.0697236047053553,6.5505087451751045
Med,veg_oth,FL (mrh-eq),5.1280167148294e-4,-8.72611236399854e-5,0.00112027577096346,0.18717261009127312,-0.031850310128594676,0.4089006564016629
Med,veg_oth,Food_price ($),0.0645428538707467,0.0173541153032819,0.113406946744405,23.558141662822543,6.334252085697893,41.39353556170783
Med,veg_oth,GHG (kgCO2eq),8.4177344775841e-4,-6.953971826606e-4,0.00240006370377029,0.30724730843181963,-0.253819971671119,0.8760232518761558
Med,veg_oth,WATER (litereq),4.53744654074733,0.228863626227624,8.97217248404502,1656.1679873727753,83.53522357308276,3274.842956676432
Med,veg_ro,BLUEWATER (L),8.27323114085484,8.07395794823959,8.46376798960531,3019.7293664120166,2946.9946511074504,3089.2753162059385
Med,veg_ro,CED (mJ),0.466188487335559,0.455289803799607,0.476434502158902,170.15879787747903,166.18077838685656,173.89859328799923
Med,veg_ro,FL (mrh-eq),0.0194830907370989,0.0190301234076868,0.0199273317541786,7.111328119041099,6.9459950438056826,7.27347609027519
Med,veg_ro,Food_price ($),0.489972546913886,0.479786247691764,0.50059013364288,178.83997962356838,175.12198040749385,182.7153987796512
Med,veg_ro,GHG (kgCO2eq),0.0561776218527967,0.0548740797898902,0.0574213855508333,20.504831976270793,20.029039123309925,20.958805726054155
Med,veg_ro,WATER (litereq),63.8759980230652,62.3238114674264,65.3473182911254,23314.739278418798,22748.191185610638,23851.771176260772
Med,veg_sta,BLUEWATER (L),12.4168767139259,11.8296250301577,12.9642788266894,4532.160000582953,4317.81313600756,4731.961771741631
Med,veg_sta,CED (mJ),0.319237650858539,0.30391028977029,0.33401920804208,116.52174256336673,110.92725576615585,121.9170109353592
Med,veg_sta,FL (mrh-eq),0.00537226811982926,0.00512649885918282,0.00559963745974912,1.9608778637376798,1.8711720836017292,2.0438676728084286
Med,veg_sta,Food_price ($),0.210037000294872,0.199436998427059,0.219567094774995,76.66350510762828,72.79450442587654,80.14198959287317
Med,veg_sta,GHG (kgCO2eq),0.0361157882428945,0.0344641683857192,0.0376888340061613,13.182262708656491,12.57942146078751,13.756424412248874
Med,veg_sta,WATER (litereq),54.9356791237073,52.3221524448143,57.4355187199284,20051.522880153167,19097.58564235722,20963.964332773867
US,added_sugar,BLUEWATER (L),-10.1704950182363,-10.382166972788,-9.96920510026483,-3712.2306816562495,-3789.4909450676196,-3638.759861596663
US,added_sugar,CED (mJ),-0.512920689306909,-0.523666445459797,-0.502809730264631,-187.2160515970218,-191.13825259282592,-183.52555154659032
US,added_sugar,FL (mrh-eq),-0.023762696557522,-0.0242598231932907,-0.0232890116917825,-8.67338424349553,-8.854835465551105,-8.500489267500614
US,added_sugar,Food_price ($),-0.833939673325176,-0.85089471035622,-0.817566422190414,-304.38798076368926,-310.5765692800203,-298.4117440995011
US,added_sugar,GHG (kgCO2eq),-0.0527609070224536,-0.0538606648371421,-0.0517171992746294,-19.257731063195564,-19.659142665556868,-18.87677773523973
US,added_sugar,WATER (litereq),-37.5865766653111,-38.3684945655775,-36.8423385945093,-13719.100482838552,-14004.500516435788,-13447.453586995895
US,dairy_cow,BLUEWATER (L),36.9422026305619,36.3143147624765,37.4916267999724,13483.903960155094,13254.724888303923,13684.443781989927
US,dairy_cow,CED (mJ),2.97887643373803,2.92824598292343,3.02317987516382,1087.289898314381,1068.809783767052,1103.4606544347944
US,dairy_cow,FL (mrh-eq),0.0676958414522817,0.0665452495941624,0.0687026501646483,24.708982130082823,24.289016101869276,25.07646731009663
US,dairy_cow,Food_price ($),0,0,0,0,0,0
US,dairy_cow,GHG (kgCO2eq),0.552979160915266,0.543580454781932,0.561203362358409,201.8373937340721,198.40686599540516,204.83922726081926
US,dairy_cow,WATER (litereq),154.809232324791,152.17801837644,157.111637915971,56505.369798548716,55544.9767074006,57345.74783932941
US,dairy_soy,BLUEWATER (L),-0.0226665287214163,-0.0292061193044548,-0.0152887755011087,-8.27328298331695,-10.660233546126003,-5.580403057904676
US,dairy_soy,CED (mJ),-0.00295329579842531,-0.00380536033947969,-0.00199202431944643,-1.0779529664252383,-1.3889565239100867,-0.727088876597947
US,dairy_soy,FL (mrh-eq),-4.9549773591162e-4,-6.3845532626479e-4,-3.3421763600276e-4,-0.1808566736077413,-0.23303619408664836,-0.12198943714100739
US,dairy_soy,Food_price ($),0,0,0,0,0,0
US,dairy_soy,GHG (kgCO2eq),-4.5332846991599e-4,-5.8411967439737e-4,-3.0577409050986e-4,-0.16546489151933635,-0.21320368115504004,-0.1116075430360989
US,dairy_soy,WATER (litereq),-0.0395204219056264,-0.0509225815441048,-0.0266568765623706,-14.424953995553636,-18.58674226359825,-9.72975994526527
US,dairy_tot,BLUEWATER (L),0,0,0,0,0,0
US,dairy_tot,Cancer (cases),NA,NA,NA,10758.560465923,9945.73971038599,11508.3558715006
US,dairy_tot,CED (mJ),0,0,0,0,0,0
US,dairy_tot,CVD (deaths),NA,NA,NA,0,0,0
US,dairy_tot,FL (mrh-eq),0,0,0,0,0,0
US,dairy_tot,Food_price ($),0.647427842967699,0.632896305150014,0.660197914908603,236.3111626832101,231.00715137975513,240.97223894164011
US,dairy_tot,GHG (kgCO2eq),0,0,0,0,0,0
US,dairy_tot,WATER (litereq),0,0,0,0,0,0
US,fruit_exc_juice,BLUEWATER (L),60.9505585461556,58.7295357961804,63.0921011412007,22246.953869346795,21436.280565605844,23028.616916538256
US,fruit_exc_juice,Cancer (cases),NA,NA,NA,5001.45979474112,3923.87892692775,6135.48851900182
US,fruit_exc_juice,CED (mJ),0.989477097472178,0.956041882618971,1.02195483612207,361.159140577345,348.95528715592445,373.01351518455556
US,fruit_exc_juice,CVD (deaths),NA,NA,NA,39346.7270002041,35468.4109076334,43296.5708134953
US,fruit_exc_juice,FL (mrh-eq),0.0605778104899806,0.0585945374030368,0.0624591798677392,22.11090082884292,21.387006152108434,22.797600651724807
US,fruit_exc_juice,Food_price ($),1.52236232442628,1.47101902491926,1.57052349847406,555.6622484155922,536.92194409553,573.2410769430319
US,fruit_exc_juice,GHG (kgCO2eq),0.129980041921318,0.125703391628884,0.134233057502996,47.442715301281076,45.88173794454266,48.99506598859354
US,fruit_exc_juice,WATER (litereq),450.890771358324,434.424737632269,466.312669728298,164575.13154578826,158565.02923577817,170204.12445082876
US,fruit_juice,BLUEWATER (L),21.621684637947,20.6738080935452,22.5380666616027,7891.914892850655,7545.939954143998,8226.394331484986
US,fruit_juice,CED (mJ),0.534202702348436,0.510896683524677,0.556014515210138,194.98398635717916,186.4772894865071,202.94529805170038
US,fruit_juice,FL (mrh-eq),0.0339111791405251,0.0324586534006181,0.0352894054753047,12.37758038629166,11.847408491225606,12.880632998486217
US,fruit_juice,Food_price ($),0.149158189825734,0.142757514705054,0.155324834873076,54.442739286392914,52.106492867344706,56.69356472867274
US,fruit_juice,GHG (kgCO2eq),0.0675899949317255,0.0646353270903647,0.0703369925831115,24.670348150079807,23.591894387983114,25.6730022928357
US,fruit_juice,WATER (litereq),184.761084041612,177.05732897821,192.494799057063,67437.79567518839,64625.925077046646,70260.601655828
US,gr_refined,BLUEWATER (L),-30.1117746614761,-30.8168035892565,-29.371558335808,-10990.797751438777,-11248.133310078623,-10720.61879256992
US,gr_refined,CED (mJ),-0.351425080682096,-0.359773948534707,-0.342629551181555,-128.27015444896503,-131.31749121516805,-125.05978618126758
US,gr_refined,FL (mrh-eq),-0.00794626579489283,-0.00812697245556971,-0.0077507898941479,-2.9003870151358826,-2.9663449462829443,-2.8290383113639836
US,gr_refined,Food_price ($),-1.04302366963895,-1.07029922668075,-1.01586572157977,-380.70363941821677,-390.6592177384738,-370.79098837661604
US,gr_refined,GHG (kgCO2eq),-0.0612791645664454,-0.0626855387573232,-0.0597904390245111,-22.366895066752573,-22.88022164642297,-21.82351024394655
US,gr_refined,WATER (litereq),-94.7065263630239,-96.9006649619883,-92.3758554842616,-34567.882122503725,-35368.74271112573,-33717.18725175549
US,gr_whole,BLUEWATER (L),26.9566370301456,26.5837172911878,27.362580553939,9839.172516003144,9703.056811283546,9987.341902187736
US,gr_whole,Cancer (cases),NA,NA,NA,29263.258955636,26993.0190943881,31424.8473110372
US,gr_whole,CED (mJ),0.440161907582166,0.433988400331652,0.446628687525557,160.65909626749058,158.40576612105298,163.0194709468283
US,gr_whole,CVD (deaths),NA,NA,NA,50128.7648128309,45569.5439834725,54658.3668726959
US,gr_whole,FL (mrh-eq),0.00786921648590278,0.00775849506614441,0.00798956296608937,2.8722640173545146,2.8318506991427097,2.9161904826226204
US,gr_whole,Food_price ($),0.744736943593773,0.73435460508887,0.755449627248421,271.8289844117271,268.03943085743754,275.7391139456737
US,gr_whole,GHG (kgCO2eq),0.069580467752602,0.0686235055482012,0.070583155791398,25.39687072969973,25.047579525093436,25.76285186386027
US,gr_whole,WATER (litereq),125.209973718784,123.354576527677,127.176316450385,45701.64040735616,45024.420432602106,46419.35550439053
US,leg_tot,BLUEWATER (L),3.72930723727786,3.39625471264923,4.03576608707373,1361.1971416064189,1239.632970116969,1473.0546217819115
US,leg_tot,Cancer (cases),NA,NA,NA,2808.07095930982,2477.37540696042,3165.83491441622
US,leg_tot,CED (mJ),0.0716837706197748,0.0666436189988659,0.0763315557720121,26.1645762762178,24.32492093458605,27.861017856784418
US,leg_tot,CVD (deaths),NA,NA,NA,9893.13840012968,8826.89979586921,10995.2485599773
US,leg_tot,FL (mrh-eq),0.00301976679795306,0.00281519047477088,0.00320788807496676,1.102214881252867,1.0275445232913711,1.1708791473628675
US,leg_tot,Food_price ($),0.0831458541032969,0.0773623074600799,0.0884650640468335,30.34823674770337,28.23724222292916,32.28974837709423
US,leg_tot,GHG (kgCO2eq),0.0123215460401859,0.0115071662306655,0.013070091357438,4.497364304667854,4.200115674192907,4.77058334546487
US,leg_tot,WATER (litereq),14.5868349424506,13.1428993882404,15.9338325186787,5324.1947539944695,4797.158276707746,5815.848869317726
US,oil,BLUEWATER (L),-0.284862335952153,-0.393259309530971,-0.1763066324009,-103.97475262253585,-143.53964797880442,-64.3519208263285
US,oil,CED (mJ),-0.00918255093292125,-0.0126921805330699,-0.00564123608956906,-3.351631090516256,-4.632645894570514,-2.0590511726927065
US,oil,FL (mrh-eq),-3.5767325075606e-4,-4.9732185953887e-4,-2.2105479945014e-4,-0.13055073652596189,-0.18152247873168756,-0.0806850017993011
US,oil,Food_price ($),-0.0070019732886429,-0.0103152183200547,-0.00381027603163181,-2.5557202503546588,-3.765054686819966,-1.3907507515456106
US,oil,GHG (kgCO2eq),-0.0011225614569179,-0.00155217949768668,-6.9100616865382e-4,-0.4097349317750335,-0.5665455166556381,-0.25221725155864433
US,oil,WATER (litereq),-0.795029667158601,-1.09246953502531,-0.490049152791663,-290.1858285128894,-398.75138028423817,-178.867940768957
US,pf_egg,BLUEWATER (L),-3.75356359541298,-4.3640930796804,-3.17081822145978,-1370.0507123257378,-1592.893974083346,-1157.3486508328197
US,pf_egg,CED (mJ),-0.191881331875684,-0.223091462625505,-0.162091518633894,-70.03668613462466,-81.42838385830933,-59.163404301371315
US,pf_egg,FL (mrh-eq),-0.00277697504666523,-0.00324256947838188,-0.0023336089422984598,-1.013595892032809,-1.1835378596093862,-0.8517672639389379
US,pf_egg,Food_price ($),-0.234408944621676,-0.287056034867698,-0.17642473538505,-85.55926478691174,-104.77545272670976,-64.39502841554325
US,pf_egg,GHG (kgCO2eq),-0.0313164940833573,-0.0364102250128509,-0.0264545697835238,-11.430520340425415,-13.289732129690577,-9.655917970986186
US,pf_egg,WATER (litereq),-8.61337235942834,-10.0143657489719,-7.27613568579715,-3143.880911191344,-3655.2434983747435,-2655.7895253159595
US,pf_ns,BLUEWATER (L),-8.76593232207959,-11.4526746501246,-6.12949368693586,-3199.5652975590506,-4180.226247295479,-2237.265195731589
US,pf_ns,Cancer (cases),NA,NA,NA,80.8919030574992,55.5267255974901,116.087329812567
US,pf_ns,CED (mJ),-0.0214241722482427,-0.028501843469474,-0.0143989627215619,-7.8198228706085855,-10.40317286635801,-5.2556213933700935
US,pf_ns,CVD (deaths),NA,NA,NA,5106.97662480966,3623.93554896742,7258.99830958204
US,pf_ns,FL (mrh-eq),-0.00595007382802686,-0.00765629400106803,-0.00431893373932932,-2.171776947229804,-2.7945473103898313,-1.5764108148552016
US,pf_ns,Food_price ($),-0.0306363781247804,-0.040634625509425,-0.020826033796856,-11.182278015544846,-14.831638310940127,-7.601502335852439
US,pf_ns,GHG (kgCO2eq),-0.00382790597619818,-0.00503426109245815,-0.00265286748173367,-1.3971856813123358,-1.8375052987472247,-0.9682966308327896
US,pf_ns,WATER (litereq),-50.5047244034985,-66.4915959779289,-35.019888833132,-18434.224407276954,-24269.432531944047,-12782.25942409318
US,pf_pm,BLUEWATER (L),0,0,0,0,0,0
US,pf_pm,Cancer (cases),NA,NA,NA,3983.37567018598,3104.40407684691,4890.5680409383
US,pf_pm,CED (mJ),0,0,0,0,0,0
US,pf_pm,CVD (deaths),NA,NA,NA,21506.2753686045,16641.7979692144,26977.2839418632
US,pf_pm,FL (mrh-eq),0,0,0,0,0,0
US,pf_pm,Food_price ($),-0.172375675512933,-0.20159361783762,-0.146071065577349,-62.91712156222055,-73.5816705107313,-53.31593893573238
US,pf_pm,GHG (kgCO2eq),0,0,0,0,0,0
US,pf_pm,WATER (litereq),0,0,0,0,0,0
US,pf_poultry,BLUEWATER (L),0,0,0,0,0,0
US,pf_poultry,CED (mJ),0,0,0,0,0,0
US,pf_poultry,FL (mrh-eq),0,0,0,0,0,0
US,pf_poultry,Food_price ($),-0.365850252477253,-0.417228736327675,-0.315320136958724,-133.53534215419734,-152.28848875960136,-115.09184998993426
US,pf_poultry,GHG (kgCO2eq),0,0,0,0,0,0
US,pf_poultry,WATER (litereq),0,0,0,0,0,0
US,pf_poultry_tot,BLUEWATER (L),-11.790909764024,-13.2541124870994,-10.3172126119028,-4303.68206386876,-4837.751057791281,-3765.782603344522
US,pf_poultry_tot,CED (mJ),-0.368362260404239,-0.414086559730015,-0.322353978928637,-134.45222504754722,-151.14159430145548,-117.6592023089525
US,pf_poultry_tot,FL (mrh-eq),-0.00552057447271345,-0.006204970508467,-0.00482901254205007,-2.0150096825404096,-2.264814235590455,-1.7625895778482756
US,pf_poultry_tot,Food_price ($),0,0,0,0,0,0
US,pf_poultry_tot,GHG (kgCO2eq),-0.0534348097407902,-0.0600403880611958,-0.046722471273563,-19.50370555538842,-21.914741642336466,-17.053702014850494
US,pf_poultry_tot,WATER (litereq),-25.3143593518871,-28.4555376544634,-22.1501624571693,-9239.741163438792,-10386.27124387914,-8084.809296866795
US,pf_redm,BLUEWATER (L),0,0,0,0,0,0
US,pf_redm,Cancer (cases),NA,NA,NA,2239.23645955884,1530.1627781651,3222.40740200465
US,pf_redm,CED (mJ),0,0,0,0,0,0
US,pf_redm,CVD (deaths),NA,NA,NA,8405.53315435494,6229.1517765246,10656.327429195
US,pf_redm,FL (mrh-eq),0,0,0,0,0,0
US,pf_redm,Food_price ($),-0.608633651498686,-0.719750067960985,-0.498952942149991,-222.15128279702037,-262.7087748057595,-182.1178238847467
US,pf_redm,GHG (kgCO2eq),0,0,0,0,0,0
US,pf_redm,WATER (litereq),0,0,0,0,0,0
US,pf_redm_tot,BLUEWATER (L),-22.1619084330494,-25.0234425632913,-19.4682229710451,-8089.096578063031,-9133.556535601325,-7105.901384431462
US,pf_redm_tot,CED (mJ),-0.977362802019134,-1.10411124786232,-0.858713091563259,-356.7374227369839,-403.0006054697468,-313.43027842058956
US,pf_redm_tot,FL (mrh-eq),-0.0326902176378499,-0.036920998982749,-0.0287209023182393,-11.931929437815214,-13.476164628703383,-10.483129346157344
US,pf_redm_tot,Food_price ($),0,0,0,0,0,0
US,pf_redm_tot,GHG (kgCO2eq),-0.425179772845375,-0.47963632689928,-0.37389323049978,-155.19061708856188,-175.0672593182372,-136.47102913241972
US,pf_redm_tot,WATER (litereq),-125.868587489189,-141.990753124284,-110.666530543397,-45942.034433553985,-51826.62489036366,-40393.28364833991
US,pf_seafood,BLUEWATER (L),1.14607483676052,1.06979696555591,1.22447783334945,418.3173154175898,390.4758924279072,446.93440917254924
US,pf_seafood,Cancer (cases),NA,NA,NA,0,0,0
US,pf_seafood,CED (mJ),3.44028070496106,3.21897962330651,3.67284745378836,1255.702457310787,1174.9275625068763,1340.5893206327514
US,pf_seafood,CVD (deaths),NA,NA,NA,6357.31179999595,4794.56622901612,8138.3727564539
US,pf_seafood,FL (mrh-eq),0.0379225340803336,0.0352778236912945,0.0405733406474714,13.841724939321765,12.876405647322493,14.809269336327063
US,pf_seafood,Food_price ($),1.306176531577,1.20321651922559,1.40817530979711,476.754434025605,439.17402951734033,513.9839880759451
US,pf_seafood,GHG (kgCO2eq),0.205303066251984,0.191938732653471,0.219069533992501,74.93561918197416,70.05763741851692,79.96037990726286
US,pf_seafood,WATER (litereq),7.91666864255291,7.38329479537216,8.45804369976735,2889.584054531812,2694.9026003108384,3087.1859504150825
US,sat_fat,BLUEWATER (L),-15.1606470788679,-15.3522955772093,-14.9515731305929,-5533.6361837867835,-5603.587885681395,-5457.324192666409
US,sat_fat,CED (mJ),-0.851005967298362,-0.861850836374519,-0.839149884068903,-310.61717806390214,-314.57555527669945,-306.2897076851496
US,sat_fat,FL (mrh-eq),-0.0221812498535847,-0.0224624204368417,-0.0218709893484837,-8.096156196558415,-8.19878345944722,-7.98291111219655
US,sat_fat,Food_price ($),-0.0873582872553507,-0.0887406224763251,-0.0859596336183052,-31.885774848203006,-32.39032720385866,-31.3752662706814
US,sat_fat,GHG (kgCO2eq),-0.230594510431246,-0.233494136631389,-0.227416438834752,-84.1669963074048,-85.22535987045698,-83.00700017468448
US,sat_fat,WATER (litereq),-68.6115056983242,-69.4710272758612,-67.6680661236053,-25043.199579888333,-25356.92495568934,-24698.844135115934
US,sodium,Cancer (cases),NA,NA,NA,0,0,0
US,sodium,CVD (deaths),NA,NA,NA,42819.5613826702,39435.4714555325,46387.606546244
US,ssb,Cancer (cases),NA,NA,NA,337.809897750778,184.5432635719,535.68691265602
US,ssb,CVD (deaths),NA,NA,NA,7170.48946306813,4395.62832913864,10421.6504350128
US,veg_dg,BLUEWATER (L),2.67364510114441,2.12873101139294,3.17036635164369,975.8804619177096,776.9868191584231,1157.183718349947
US,veg_dg,CED (mJ),0.04299171139566,0.0336429865805449,0.0518249299395794,15.6919746594159,12.279690101898888,18.91609942794648
US,veg_dg,FL (mrh-eq),0.00227753204915469,0.00182688925819928,0.00268128623557428,0.8312991979414618,0.6668145792427372,0.9786694759846122
US,veg_dg,Food_price ($),0.0744505148272044,0.0572925295228919,0.0901614586469612,27.174437911929605,20.91177327585554,32.90893240614084
US,veg_dg,GHG (kgCO2eq),0.00489468996205909,0.00382732183980749,0.00589996951760468,1.7865618361515678,1.3969724715297338,2.153488873925708
US,veg_dg,WATER (litereq),33.4527670630547,26.6142127673259,39.9581117420454,12210.259978014965,9714.187660073952,14584.710785846572
US,veg_exc_sta,Cancer (cases),NA,NA,NA,3807.41157824615,3133.13794133299,4581.13712585705
US,veg_exc_sta,CVD (deaths),NA,NA,NA,19188.5382037686,16499.642026593,21882.9971813397
US,veg_oth,BLUEWATER (L),0.560591443804124,0.0430569010213905,1.04342562030677,204.61587698850525,15.715768872807534,380.8503514119711
US,veg_oth,CED (mJ),0.00905971500185593,-4.7956483209801e-4,0.0180593633834901,3.3067959756774146,-0.17504116371577363,6.591667634973886
US,veg_oth,FL (mrh-eq),5.3855092564312e-4,-8.93148375615387e-5,0.0011309823402321,0.1965710878597388,-0.032599915709961624,0.4128085541847165
US,veg_oth,Food_price ($),0.0669326024554426,0.0170579249520198,0.114969569563286,24.430399896236548,6.226142607487226,41.96389289059939
US,veg_oth,GHG (kgCO2eq),9.1556878513935e-4,-7.1618929673296e-4,0.00242712525970964,0.33418260657586274,-0.2614090933075304,0.8859007197940186
US,veg_oth,WATER (litereq),4.7143336711867,0.100732577187564,9.00250142254022,1720.7317899831455,36.76739067346086,3285.9130192271805
US,veg_ro,BLUEWATER (L),8.27547671845833,8.08541782922219,8.45431291874308,3020.5490022372906,2951.1775076660992,3085.824215341224
US,veg_ro,CED (mJ),0.466163612636928,0.456181695714558,0.475775538128484,170.14971861247872,166.50631893581368,173.65807141689666
US,veg_ro,FL (mrh-eq),0.0194875319895072,0.0190630049887625,0.0198911987905091,7.112949176170129,6.9579968208983125,7.260287558535822
US,veg_ro,Food_price ($),0.489992936501322,0.479335282870626,0.500237954064004,178.8474218229825,174.95737824777848,182.58685323336144
US,veg_ro,GHG (kgCO2eq),0.0561795269230594,0.0549784664277376,0.0573342921834796,20.50552732691668,20.067140246124225,20.927016646970056
US,veg_ro,WATER (litereq),63.8981164750468,62.4160082011885,65.2827186870116,23322.81251339208,22781.842993433802,23828.192320759234
US,veg_sta,BLUEWATER (L),12.4242809633199,11.8554590032247,12.9494528717559,4534.862551611764,4327.242536177016,4726.550298190904
US,veg_sta,CED (mJ),0.319492393960571,0.304414723432774,0.333334673890813,116.61472379560841,111.1113740529625,121.66715597014675
US,veg_sta,FL (mrh-eq),0.00537653602849593,0.00514518525109054,0.0055945670565066,1.9624356504010143,1.877992616648047,2.0420169756249087
US,veg_sta,Food_price ($),0.210069141496303,0.199757223295896,0.219678977597368,76.6752366461506,72.91138650300205,80.18282682303932
US,veg_sta,GHG (kgCO2eq),0.0361531007722586,0.0345341370091437,0.0376663303102702,13.195881781874387,12.60496000833745,13.748210563248625
US,veg_sta,WATER (litereq),54.9882582413217,52.4081993633973,57.3808236526818,20070.714258082422,19128.992767640015,20944.000633228858
Veg,added_sugar,BLUEWATER (L),-10.1239323378008,-10.3374292784686,-9.91647349945684,-3695.2353032972924,-3773.1616866410386,-3619.5128273017467
Veg,added_sugar,CED (mJ),-0.510550191268767,-0.521072777301988,-0.500033870994133,-186.35081981309995,-190.1915637152256,-182.51236291285855
Veg,added_sugar,FL (mrh-eq),-0.0236555329128126,-0.02415095606746,-0.023173938822161,-8.6342695131766,-8.8150989646229,-8.458487670088765
Veg,added_sugar,Food_price ($),-0.830309819335093,-0.848049120104745,-0.813596777924808,-303.0630840573089,-309.5379288382319,-296.9628239425549
Veg,added_sugar,GHG (kgCO2eq),-0.0525160983039448,-0.0536192570911091,-0.0514529361353847,-19.168375880939852,-19.571028838254822,-18.780321689415416
Veg,added_sugar,WATER (litereq),-37.4170138641178,-38.2059430878751,-36.6490841757606,-13657.210060402997,-13945.169227074412,-13376.915724152619
Veg,dairy_cow,BLUEWATER (L),36.9406832342913,36.3782088674557,37.5737104712732,13483.349380516323,13278.046236621329,13714.40432201472
Veg,dairy_cow,CED (mJ),2.97875391549543,2.93339815658997,3.02979878515351,1087.245179155832,1070.690327155339,1105.8765565810313
Veg,dairy_cow,FL (mrh-eq),0.0676930571892515,0.0666623342532354,0.0688530668372482,24.7079658740768,24.331752002430918,25.131369395595595
Veg,dairy_cow,Food_price ($),0,0,0,0,0,0
Veg,dairy_cow,GHG (kgCO2eq),0.55295641742909,0.544536870643546,0.562432053569237,201.82909236161782,198.75595778489426,205.2876995527715
Veg,dairy_cow,WATER (litereq),154.80286517412,152.445771694801,157.45561605575799,56503.0457885538,55642.70666860237,57471.29986035167
Veg,dairy_soy,BLUEWATER (L),-0.0222712456473515,-0.0289761662183706,-0.0149597968122097,-8.129004661283298,-10.576300669705269,-5.460325836456541
Veg,dairy_soy,CED (mJ),-0.00290179308020269,-0.00377539900348007,-0.00194916061536373,-1.0591544742739818,-1.3780206362702256,-0.7114436246077614
Veg,dairy_soy,FL (mrh-eq),-4.8685671854851e-4,-6.3342847654638e-4,-3.2702605419876e-4,-0.17770270227020615,-0.23120139393942868,-0.11936450978254741
Veg,dairy_soy,Food_price ($),0,0,0,0,0,0
Veg,dairy_soy,GHG (kgCO2eq),-4.4542284513542e-4,-5.7952063402607e-4,-2.9919454727646e-4,-0.1625793384744283,-0.21152503141951554,-0.1092060097559079
Veg,dairy_soy,WATER (litereq),-0.0388312226880844,-0.0505216448549345,-0.0260832829282044,-14.173396281150806,-18.440400372051094,-9.520398268794606
Veg,dairy_tot,BLUEWATER (L),0,0,0,0,0,0
Veg,dairy_tot,Cancer (cases),NA,NA,NA,10758.560465923,9945.73971038599,11508.3558715006
Veg,dairy_tot,CED (mJ),0,0,0,0,0,0
Veg,dairy_tot,CVD (deaths),NA,NA,NA,0,0,0
Veg,dairy_tot,FL (mrh-eq),0,0,0,0,0,0
Veg,dairy_tot,Food_price ($),0.647555749817022,0.634259249381313,0.66070580275652,236.35784868321304,231.50462602417923,241.1576180061298
Veg,dairy_tot,GHG (kgCO2eq),0,0,0,0,0,0
Veg,dairy_tot,WATER (litereq),0,0,0,0,0,0
Veg,fruit_exc_juice,BLUEWATER (L),60.97200676038,58.7564451763154,63.3112773837093,22254.7824675387,21446.102489355122,23108.616245053894
Veg,fruit_exc_juice,Cancer (cases),NA,NA,NA,5001.45979474112,3923.87892692775,6135.48851900182
Veg,fruit_exc_juice,CED (mJ),0.990640951323677,0.958513394566379,1.02429206643217,361.5839472331421,349.85738901672835,373.86660424774203
Veg,fruit_exc_juice,CVD (deaths),NA,NA,NA,39346.7270002041,35468.4109076334,43296.5708134953
Veg,fruit_exc_juice,FL (mrh-eq),0.0607025026722182,0.0587374251679272,0.062641166971431,22.156413475359646,21.439160186293428,22.864025944572315
Veg,fruit_exc_juice,Food_price ($),1.52328564751767,1.47456665919804,1.57740242614197,555.9992613439496,538.2168306072846,575.751885541819
Veg,fruit_exc_juice,GHG (kgCO2eq),0.130127421932688,0.125856721939699,0.13446740104603,47.49650900543112,45.93770350799013,49.08060138180095
Veg,fruit_exc_juice,WATER (litereq),451.032483967192,434.923213667273,467.899428527179,164626.85664802507,158746.97298855465,170783.29141242034
Veg,fruit_juice,BLUEWATER (L),21.5994435394504,20.7554705073139,22.4730374482064,7883.7968918993965,7575.746735169573,8202.658668595337
Veg,fruit_juice,CED (mJ),0.533866061202697,0.512559388050271,0.555322067308712,194.86111233898438,187.0841766383489,202.69255456767988
Veg,fruit_juice,FL (mrh-eq),0.0338877519517495,0.0325690247614302,0.0352070852061214,12.369029462388568,11.887694037922023,12.85058610023431
Veg,fruit_juice,Food_price ($),0.149073330122122,0.143162659909839,0.155048927567409,54.41176549457453,52.25437086709124,56.59285856210429
Veg,fruit_juice,GHG (kgCO2eq),0.0675575048299456,0.0648679378190326,0.0702661185391842,24.658489262930146,23.676797303946902,25.647133266802232
Veg,fruit_juice,WATER (litereq),184.66713218881,177.373866857581,191.872423725573,67403.50324891564,64741.46140301706,70033.43465983414
Veg,gr_refined,BLUEWATER (L),-30.120462824494,-30.7566375416182,-29.4470155962276,-10993.96893094031,-11226.172702690643,-10748.160692623074
Veg,gr_refined,CED (mJ),-0.351383557771427,-0.359162158935783,-0.343591626457444,-128.25499858657085,-131.0941880115608,-125.41094365696706
Veg,gr_refined,FL (mrh-eq),-0.00794666350688636,-0.00811554806585502,-0.00776254332895801,-2.9005321800135215,-2.962175044037082,-2.8333283150696738
Veg,gr_refined,Food_price ($),-1.04336388159612,-1.06711432037288,-1.01859927058036,-380.8278167825838,-389.49672693610114,-371.7887337618314
Veg,gr_refined,GHG (kgCO2eq),-0.0612732405458549,-0.0626119859930996,-0.0598838610997603,-22.36473279923704,-22.853374887481355,-21.85760930141251
Veg,gr_refined,WATER (litereq),-94.7070848864196,-96.732626816372,-92.5936516550952,-34568.085983543155,-35307.40878797578,-33796.68285410975
Veg,gr_whole,BLUEWATER (L),33.3531230590272,32.9077251740923,33.7598648049312,12173.889916544927,12011.319688543688,12322.350653799887
Veg,gr_whole,Cancer (cases),NA,NA,NA,29263.258955636,26993.0190943881,31424.8473110372
Veg,gr_whole,CED (mJ),0.544128641967416,0.537269758433429,0.550607346767427,198.60695431810683,196.10346182820157,200.97168157011083
Veg,gr_whole,CVD (deaths),NA,NA,NA,50128.7648128309,45569.5439834725,54658.3668726959
Veg,gr_whole,FL (mrh-eq),0.00973010140009939,0.00959727954652847,0.00984521510708284,3.5514870110362775,3.503007034482892,3.5935035140852367
Veg,gr_whole,Food_price ($),0.91995034705086,0.908410164482569,0.930344588254854,335.7818766735639,331.5697100361377,339.5757747130217
Veg,gr_whole,GHG (kgCO2eq),0.0860612235026871,0.0849545635763091,0.0871145066084708,31.412346578480793,31.00841570535282,31.79679491209184
Veg,gr_whole,WATER (litereq),154.765151641542,152.680696075439,156.662726795098,56489.28034916283,55728.45406753523,57181.89528021077
Veg,leg_tot,BLUEWATER (L),27.459780043475,27.1627281688072,27.7615139185822,10022.819715868374,9914.395781614627,10132.952580282503
Veg,leg_tot,Cancer (cases),NA,NA,NA,13214.9730852266,12122.7008912036,14378.5638062007
Veg,leg_tot,CED (mJ),0.463388334762612,0.458635106367828,0.467965716751857,169.13674218835337,167.40181382425723,170.8074866144278
Veg,leg_tot,CVD (deaths),NA,NA,NA,43246.502182224,40193.6984939308,46355.1373216092
Veg,leg_tot,FL (mrh-eq),0.0192038848998872,0.0190107726048966,0.0193938036346231,7.009417988458829,6.9389320007872595,7.078738326637432
Veg,leg_tot,Food_price ($),0.527473824057688,0.521987456463893,0.53289160996081,192.5279457810561,190.52542160932094,194.50543763569564
Veg,leg_tot,GHG (kgCO2eq),0.0771687655353171,0.0763775484990165,0.0779236123589364,28.16659942039074,27.877805202141023,28.442118511011785
Veg,leg_tot,WATER (litereq),113.626504985816,112.346983302091,114.932550398265,41473.674319822836,41006.64890526322,41950.380895366725
Veg,oil,BLUEWATER (L),-0.282553257462507,-0.393014550707159,-0.176846927212188,-103.13193897381505,-143.45031100811303,-64.54912843244863
Veg,oil,CED (mJ),-0.00912297870939931,-0.0127051983286826,-0.00563801789134404,-3.3298872289307484,-4.6373973899691485,-2.0578765303405744
Veg,oil,FL (mrh-eq),-3.5611238521898e-4,-4.9718585557728e-4,-2.2283162595247e-4,-0.1299810206049277,-0.18147283728570718,-0.08133354347265155
Veg,oil,Food_price ($),-0.00696846384097153,-0.0102479357100064,-0.00359890055154807,-2.5434893019546085,-3.7404965341523364,-1.3135987013150456
Veg,oil,GHG (kgCO2eq),-0.0011155768898147,-0.00155439365625214,-6.9475351454769e-4,-0.4071855647823655,-0.567353684532031,-0.25358503280990685
Veg,oil,WATER (litereq),-0.788346469464999,-1.09572418571444,-0.495657603052535,-287.7464613547246,-399.9393277857706,-180.91502511417528
Veg,pf_egg,BLUEWATER (L),-5.27621405870255,-5.92777841075377,-4.72316920102343,-1925.8181314264307,-2163.639119925126,-1723.956758373552
Veg,pf_egg,CED (mJ),-0.26971888316539,-0.303026707182835,-0.24144735367588,-98.44739235536736,-110.60474812173477,-88.1282840916962
Veg,pf_egg,FL (mrh-eq),-0.00390397520992843,-0.00437321797546682,-0.00348917389279801,-1.424950951623877,-1.5962245610453891,-1.2735484708712737
Veg,pf_egg,Food_price ($),-0.33709554330064,-0.395074905427131,-0.28365037643811303,-123.0398733047336,-144.20234048090282,-103.53238739991126
Veg,pf_egg,GHG (kgCO2eq),-0.0440201750021785,-0.0494562654419073,-0.0394060461688467,-16.067363875795152,-18.051536886296166,-14.383206851629046
Veg,pf_egg,WATER (litereq),-12.1074267640471,-13.6025836297,-10.8383444188115,-4419.210768877191,-4964.9430248405,-3955.9957128661977
Veg,pf_ns,BLUEWATER (L),13.6009020863365,10.9540568714982,16.3629137929951,4964.329261512823,3998.2307580968427,5972.463534443212
Veg,pf_ns,Cancer (cases),NA,NA,NA,620.024655163077,506.657242665283,750.828480155817
Veg,pf_ns,CED (mJ),0.0372229228030836,0.0300643827978384,0.0442212666805979,13.586366823125513,10.973499721211017,16.140762338418234
Veg,pf_ns,CVD (deaths),NA,NA,NA,38360.2537136558,31185.8175080339,46153.4702558378
Veg,pf_ns,FL (mrh-eq),0.00860044506211605,0.00685282020408557,0.0103751311277572,3.139162447672358,2.5012793744912334,3.786922861631378
Veg,pf_ns,Food_price ($),0.0639692192895838,0.0538474600205223,0.0741503731961727,23.348765040698087,19.654322907490638,27.064886216603032
Veg,pf_ns,GHG (kgCO2eq),0.00641119431477382,0.00519133692102022,0.00763920676157727,2.340085924892444,1.8948379761723801,2.7883104679757036
Veg,pf_ns,WATER (litereq),79.3831087787794,63.7441901703506,95.2540314180325,28974.83470425448,23266.62941217797,34767.72146758186
Veg,pf_pm,BLUEWATER (L),0,0,0,0,0,0
Veg,pf_pm,Cancer (cases),NA,NA,NA,14009.0897748626,12201.6207775806,15859.8130578614
Veg,pf_pm,CED (mJ),0,0,0,0,0,0
Veg,pf_pm,CVD (deaths),NA,NA,NA,66719.1490036747,56821.1621107491,75989.1892373499
Veg,pf_pm,FL (mrh-eq),0,0,0,0,0,0
Veg,pf_pm,Food_price ($),-0.856672421009868,-0.886033788347597,-0.828353682599705,-312.68543366860183,-323.4023327468729,-302.34909414889233
Veg,pf_pm,GHG (kgCO2eq),0,0,0,0,0,0
Veg,pf_pm,WATER (litereq),0,0,0,0,0,0
Veg,pf_poultry,BLUEWATER (L),0,0,0,0,0,0
Veg,pf_poultry,CED (mJ),0,0,0,0,0,0
Veg,pf_poultry,FL (mrh-eq),0,0,0,0,0,0
Veg,pf_poultry,Food_price ($),-1.66097462244761,-1.7131136666291,-1.60677584271125,-606.2557371933776,-625.2864883196215,-586.4731825896063
Veg,pf_poultry,GHG (kgCO2eq),0,0,0,0,0,0
Veg,pf_poultry,WATER (litereq),0,0,0,0,0,0
Veg,pf_poultry_tot,BLUEWATER (L),-57.3069185143431,-58.7029505969518,-55.9313653878952,-20917.025257735233,-21426.576967887406,-20414.948366581746
Veg,pf_poultry_tot,CED (mJ),-1.79045675405638,-1.83405412385394,-1.74747434722616,-653.5167152305787,-669.4297552066881,-637.8281367375484
Veg,pf_poultry_tot,FL (mrh-eq),-0.0267777602544328,-0.0274268393661495,-0.0261401454542677,-9.77388249286797,-10.010796368644568,-9.541153090807711
Veg,pf_poultry_tot,Food_price ($),0,0,0,0,0,0
Veg,pf_poultry_tot,GHG (kgCO2eq),-0.258911588468751,-0.265168756575958,-0.252746244862536,-94.50272979109411,-96.78659615022467,-92.25237937482564
Veg,pf_poultry_tot,WATER (litereq),-123.030342195574,-126.027589416893,-120.07785115268,-44906.074901384505,-46000.070137165945,-43828.4156707282
Veg,pf_redm,BLUEWATER (L),0,0,0,0,0,0
Veg,pf_redm,Cancer (cases),NA,NA,NA,9496.45098314288,7481.6631621433,11805.8887628419
Veg,pf_redm,CED (mJ),0,0,0,0,0,0
Veg,pf_redm,CVD (deaths),NA,NA,NA,37149.9801248133,34107.8162243897,40494.9408492254
Veg,pf_redm,FL (mrh-eq),0,0,0,0,0,0
Veg,pf_redm,Food_price ($),-3.00313202988334,-3.11024169065023,-2.89760839480838,-1096.1431909074192,-1135.238217087334,-1057.6270641050587
Veg,pf_redm,GHG (kgCO2eq),0,0,0,0,0,0
Veg,pf_redm,WATER (litereq),0,0,0,0,0,0
Veg,pf_redm_tot,BLUEWATER (L),-108.476225078807,-111.126867468944,-105.706250479636,-39593.82215376456,-40561.30662616456,-38582.781425067136
Veg,pf_redm_tot,CED (mJ),-4.77475022872169,-4.89137986842499,-4.65205451877498,-1742.7838334834166,-1785.3536519751215,-1697.9998993528677
Veg,pf_redm_tot,FL (mrh-eq),-0.159572996940053,-0.163474148577499,-0.155457973296428,-58.24414388311935,-59.66806423078714,-56.74216025319622
Veg,pf_redm_tot,Food_price ($),0,0,0,0,0,0
Veg,pf_redm_tot,GHG (kgCO2eq),-2.07169546740789,-2.12207556983183,-2.01835532681683,-756.1688456038797,-774.5575829886179,-736.6996942881431
Veg,pf_redm_tot,WATER (litereq),-613.484786953151,-628.413984250177,-597.692807320177,-223921.9472379001,-229371.1042513146,-218157.8746718646
Veg,pf_seafood,BLUEWATER (L),-1.32742965674868,-1.40064427628049,-1.25328071497886,-484.51182471326825,-511.2351608423789,-457.4474609672839
Veg,pf_seafood,Cancer (cases),NA,NA,NA,0,0,0
Veg,pf_seafood,CED (mJ),-4.06784940059028,-4.27881406117785,-3.84981623610395,-1484.7650312154522,-1561.7671323299153,-1405.1829261779417
Veg,pf_seafood,CVD (deaths),NA,NA,NA,0.0260692257065251,9.25265957035037e-8,1.99181855553147
Veg,pf_seafood,FL (mrh-eq),-0.0456261032577653,-0.0480058526894229,-0.0431760265701812,-16.653527689084335,-17.522136231639358,-15.759249698116138
Veg,pf_seafood,Food_price ($),-1.48090113127681,-1.57872627859713,-1.37824449991543,-540.5289129160357,-576.2350916879525,-503.05924246913196
Veg,pf_seafood,GHG (kgCO2eq),-0.234405862943491,-0.247082106884896,-0.221351702511186,-85.55813997437421,-90.18496901298704,-80.79337141658289
Veg,pf_seafood,WATER (litereq),-9.21941593446921,-9.73021353964508,-8.71352726254904,-3365.0868160812615,-3551.5279419704543,-3180.4374508303995
Veg,sat_fat,BLUEWATER (L),-14.4835141368784,-14.6970751802517,-14.2859354737909,-5286.482659960616,-5364.43244079187,-5214.3664479336785
Veg,sat_fat,CED (mJ),-0.81329134086458,-0.825469063097696,-0.801914434304748,-296.8513394155717,-301.29620803065905,-292.698768521233
Veg,sat_fat,FL (mrh-eq),-0.0211958012983039,-0.021511431582427,-0.0208988719918868,-7.736467473880923,-7.851672527585855,-7.628088277038683
Veg,sat_fat,Food_price ($),-0.0834736880058485,-0.0848959364227003,-0.0820524956202991,-30.467896122134704,-30.98701679428561,-29.949160901409176
Veg,sat_fat,GHG (kgCO2eq),-0.22032145378689,-0.223579264150955,-0.217236346168006,-80.41733063221486,-81.60643141509857,-79.2912663513222
Veg,sat_fat,WATER (litereq),-65.5521220180959,-66.5177892357693,-64.6423467231715,-23926.524536605004,-24278.993071055793,-23594.456553957596
Veg,sodium,Cancer (cases),NA,NA,NA,0,0,0
Veg,sodium,CVD (deaths),NA,NA,NA,42819.5613826702,39435.4714555325,46387.606546244
Veg,ssb,Cancer (cases),NA,NA,NA,337.809897750778,184.5432635719,535.68691265602
Veg,ssb,CVD (deaths),NA,NA,NA,7170.48946306813,4395.62832913864,10421.6504350128
Veg,veg_dg,BLUEWATER (L),2.68755046147846,2.1467208442781,3.22268974709427,980.955918439638,783.5531081615065,1176.2817576894086
Veg,veg_dg,CED (mJ),0.0431825736653299,0.033730415674786,0.0525385869732835,15.761639387845413,12.311601721296888,19.176584245248478
Veg,veg_dg,FL (mrh-eq),0.00228699593875804,0.00186050025718673,0.00272128870633487,0.8347535176466846,0.6790825938731564,0.9932703778122276
Veg,veg_dg,Food_price ($),0.0748716925246191,0.0572435141847524,0.0919741188666939,27.328167771485973,20.89388267743463,33.57055338634328
Veg,veg_dg,GHG (kgCO2eq),0.00491262830721663,0.00382586475739075,0.00596712385712555,1.79310933213407,1.3964406364476238,2.178000207850826
Veg,veg_dg,WATER (litereq),33.6202663838178,26.6861554398239,40.6779818001978,12271.397230093497,9740.446735535723,14847.463357072196
Veg,veg_exc_sta,Cancer (cases),NA,NA,NA,3807.41157824615,3133.13794133299,4581.13712585705
Veg,veg_exc_sta,CVD (deaths),NA,NA,NA,19188.5382037686,16499.642026593,21882.9971813397
Veg,veg_oth,BLUEWATER (L),0.535997382664918,0.0253103648339207,1.00940714151038,195.6390446726951,9.238283164381055,368.4336066512887
Veg,veg_oth,CED (mJ),0.0086202032892342,-0.00100563058106041,0.0176206384631393,3.146374200570483,-0.3670551620870497,6.431533039045844
Veg,veg_oth,FL (mrh-eq),5.0495571401017e-4,-1.346279612705e-4,0.00109500711482049,0.18430883561371203,-0.0491392058637325,0.39967759690947885
Veg,veg_oth,Food_price ($),0.0656772868806495,0.0151384696249663,0.113225777428275,23.972209711437067,5.5255414131127,41.32740876132038
Veg,veg_oth,GHG (kgCO2eq),8.3407651866284e-4,-8.0972632233875e-4,0.00235303896446378,0.3044379293119366,-0.29555010765364376,0.8588592220292798
Veg,veg_oth,WATER (litereq),4.45270081201493,-0.155184960438684,8.87912821380489,1625.2357963854495,-56.64251056011965,3240.881798038785
Veg,veg_ro,BLUEWATER (L),8.2698577746374,8.08755491321511,8.4526752990026,3018.498087742651,2951.957543323515,3085.226484135949
Veg,veg_ro,CED (mJ),0.466128363904597,0.456189541286053,0.476018521364008,170.1368528251779,166.50918256940935,173.74676029786292
Veg,veg_ro,FL (mrh-eq),0.019482533622071,0.019061046224426,0.0199028390529833,7.1111247720559145,6.95728187191549,7.264536254338904
Veg,veg_ro,Food_price ($),0.489942627543445,0.479468330506063,0.500195937302393,178.8290590533574,175.005940634713,182.57151711537344
Veg,veg_ro,GHG (kgCO2eq),0.0561745680125573,0.05498585430292,0.0573672888985103,20.503717324583413,20.0698368205658,20.939060447956262
Veg,veg_ro,WATER (litereq),63.8564775267838,62.4232802370393,65.2867769577654,23307.614297276086,22784.497286519345,23829.67358958437
Veg,veg_sta,BLUEWATER (L),12.4121298582713,11.8511711165647,12.9574197285918,4530.427398269025,4325.677457546116,4729.458200936007
Veg,veg_sta,CED (mJ),0.319361270244742,0.304852696258794,0.333724103228796,116.56686363933082,111.27123413445982,121.80929767851053
Veg,veg_sta,FL (mrh-eq),0.00537073885458172,0.00513104219352912,0.00559726650313723,1.9603196819223279,1.872830400638129,2.043002273645089
Veg,veg_sta,Food_price ($),0.20998683101412,0.199851743161483,0.219682049696036,76.6451933201538,72.9458862539413,80.18394813905314
Veg,veg_sta,GHG (kgCO2eq),0.0361252553301376,0.0345158042481165,0.037698462450738,13.185718195500224,12.598268550562521,13.75993879451937
Veg,veg_sta,WATER (litereq),54.9501735818512,52.4334556234755,57.4135904860868,20056.81335737569,19138.211302568558,20955.96052742168
Vegan,added_sugar,BLUEWATER (L),-10.1194830097532,-10.3153411923151,-9.911990255514,-3693.611298559918,-3765.099535195012,-3617.8764432626103
Vegan,added_sugar,CED (mJ),-0.510352750114736,-0.52049738075553,-0.500028005295894,-186.27875379187864,-189.98154397576843,-182.5102219330013
Vegan,added_sugar,FL (mrh-eq),-0.0236423922843954,-0.024107070932309,-0.0231530085923116,-8.629473183804322,-8.799080890292785,-8.450848136193734
Vegan,added_sugar,Food_price ($),-0.829811527179726,-0.847505427645355,-0.812389483226439,-302.8812074206,-309.33948109055456,-296.52216137765026
Vegan,added_sugar,GHG (kgCO2eq),-0.0524951272095489,-0.0535268837515915,-0.0514256582938979,-19.16072143148535,-19.537312569330897,-18.770365277272735
Vegan,added_sugar,WATER (litereq),-37.3994786932203,-38.1241562876817,-36.632401801327,-13650.80972302541,-13915.31704500382,-13370.826657484355
Vegan,dairy_cow,BLUEWATER (L),-31.5526108527901,-32.1106745699758,-30.9730104816304,-11516.702961268385,-11720.396218041167,-11305.148825795097
Vegan,dairy_cow,CED (mJ),-2.54428058424771,-2.58928068541313,-2.49754385054777,-928.6624132504141,-945.0874501757924,-911.6035054499359
Vegan,dairy_cow,FL (mrh-eq),-0.057819523190232,-0.0588421636996969,-0.0567574171966047,-21.10412596443468,-21.477389750389367,-20.716457276760718
Vegan,dairy_cow,Food_price ($),0,0,0,0,0,0
Vegan,dairy_cow,GHG (kgCO2eq),-0.47230362652029,-0.480657151326397,-0.463627724595457,-172.39082367990585,-175.43986023413493,-169.2241194773418
Vegan,dairy_cow,WATER (litereq),-132.223720193725,-134.562330495601,-129.794858833949,-48261.65787070963,-49115.25063089436,-47375.12347439139
Vegan,dairy_soy,BLUEWATER (L),7.15531091301368,7.14867663047967,7.16298480331631,2611.688483249993,2609.2669701250798,2614.489453210453
Vegan,dairy_soy,CED (mJ),0.932288746792707,0.931424344529173,0.93328860293596,340.28539257933807,339.96988575314816,340.6503400716254
Vegan,dairy_soy,FL (mrh-eq),0.156417438272854,0.156272410685463,0.156585192026299,57.09236496959171,57.039429900193994,57.153595089599136
Vegan,dairy_soy,Food_price ($),0,0,0,0,0,0
Vegan,dairy_soy,GHG (kgCO2eq),0.143105553913287,0.142972868878578,0.143259031006845,52.23352717834975,52.185097140680966,52.28954631749843
Vegan,dairy_soy,WATER (litereq),12.4757041373102,12.4641368767028,12.4890840150208,4553.632010118223,4549.409959996522,4558.515665482592
Vegan,dairy_tot,BLUEWATER (L),0,0,0,0,0,0
Vegan,dairy_tot,Cancer (cases),NA,NA,NA,0,0,0
Vegan,dairy_tot,CED (mJ),0,0,0,0,0,0
Vegan,dairy_tot,CVD (deaths),NA,NA,NA,0,0,0
Vegan,dairy_tot,FL (mrh-eq),0,0,0,0,0,0
Vegan,dairy_tot,Food_price ($),-0.565502758499548,-0.578005880161459,-0.550872378116412,-206.40850685233502,-210.97214625893255,-201.06841801249038
Vegan,dairy_tot,GHG (kgCO2eq),0,0,0,0,0,0
Vegan,dairy_tot,WATER (litereq),0,0,0,0,0,0
Vegan,fruit_exc_juice,BLUEWATER (L),60.9358234385973,58.5374654043079,63.2340131065996,22241.575555088017,21366.174872572385,23080.414783908855
Vegan,fruit_exc_juice,Cancer (cases),NA,NA,NA,5001.45979474112,3923.87892692775,6135.48851900182
Vegan,fruit_exc_juice,CED (mJ),0.989758152274221,0.95457307865615,1.02463608361927,361.2617255800907,348.41917370949477,373.9921705210336
Vegan,fruit_exc_juice,CVD (deaths),NA,NA,NA,39346.7270002041,35468.4109076334,43296.5708134953
Vegan,fruit_exc_juice,FL (mrh-eq),0.0606225319300417,0.0585201392874503,0.0627146961148209,22.12722415446522,21.35985083991936,22.89086408190963
Vegan,fruit_exc_juice,Food_price ($),1.52235171541994,1.46828276411178,1.57417702463938,555.6583761282781,535.9232089007996,574.5746139933738
Vegan,fruit_exc_juice,GHG (kgCO2eq),0.130046516884806,0.125227897978929,0.134438284002268,47.46697866295419,45.708182762309086,49.06997366082783
Vegan,fruit_exc_juice,WATER (litereq),450.886433172241,433.51375710277,467.102817845435,164573.54810786797,158232.52134251106,170492.5285135838
Vegan,fruit_juice,BLUEWATER (L),21.6067920932989,20.70965531169,22.4912885413985,7886.479114054098,7559.02418876685,8209.320317610453
Vegan,fruit_juice,CED (mJ),0.534107099715735,0.512186865649969,0.555761724816251,194.94909139624326,186.94820596223866,202.8530295579316
Vegan,fruit_juice,FL (mrh-eq),0.0338958929469509,0.0325312178174253,0.0352505429981585,12.372000925637078,11.873894503360235,12.866448194327853
Vegan,fruit_juice,Food_price ($),0.149113345325362,0.143310857167879,0.155238707383449,54.42637104375713,52.30846286627584,56.66212819495888
Vegan,fruit_juice,GHG (kgCO2eq),0.0675726706734255,0.064793669270408,0.0703302687505972,24.664024795800305,23.64968928369892,25.670548093967977
Vegan,fruit_juice,WATER (litereq),184.724635315668,177.101537972216,192.029948472815,67424.49189021882,64642.06135985884,70090.93119257747
Vegan,gr_refined,BLUEWATER (L),-30.0996126810112,-30.8152580857499,-29.3657608250924,-10986.358628569089,-11247.569201298713,-10718.502701158726
Vegan,gr_refined,CED (mJ),-0.351223161205518,-0.359471667356578,-0.342539760728634,-128.19645384001407,-131.20715858515098,-125.02701266595142
Vegan,gr_refined,FL (mrh-eq),-0.00794182053172213,-0.00813195816355556,-0.00775593925073628,-2.8987644940785775,-2.9681647296977793,-2.8309178265187422
Vegan,gr_refined,Food_price ($),-1.04303736636439,-1.06907119052105,-1.01605817088749,-380.7086387230023,-390.21098454018323,-370.8612323739339
Vegan,gr_refined,GHG (kgCO2eq),-0.0612411947105804,-0.0627052401327002,-0.0597983907020838,-22.353036069361846,-22.88741264843557,-21.826412606260586
Vegan,gr_refined,WATER (litereq),-94.6616615934608,-96.8929235245344,-92.3683476004141,-34551.50648161319,-35365.917086455054,-33714.446874151145
Vegan,gr_whole,BLUEWATER (L),33.3398847361081,32.9329468995775,33.7485388582884,12169.057928679455,12020.525618345788,12318.216683275265
Vegan,gr_whole,Cancer (cases),NA,NA,NA,29263.258955636,26993.0190943881,31424.8473110372
Vegan,gr_whole,CED (mJ),0.543952911986946,0.537409615972973,0.550361764801455,198.54281287523528,196.15450983013514,200.88204415253108
Vegan,gr_whole,CVD (deaths),NA,NA,NA,50128.7648128309,45569.5439834725,54658.3668726959
Vegan,gr_whole,FL (mrh-eq),0.00972723629713258,0.00960222212662557,0.0098438621670277,3.5504412484533914,3.504811076218333,3.593009690965111
Vegan,gr_whole,Food_price ($),0.919547315514437,0.908765902230265,0.930035404453936,335.63477016276954,331.69955431404674,339.46292262568664
Vegan,gr_whole,GHG (kgCO2eq),0.086034145634841,0.0849885816353673,0.0870633237106978,31.402463156716966,31.020832296909063,31.7781131544047
Vegan,gr_whole,WATER (litereq),154.727831389352,152.648198348087,156.6427390374,56475.65845711347,55716.592397051754,57174.599748650995
Vegan,leg_tot,BLUEWATER (L),30.7785974216133,30.4957536190991,31.0662030796856,11234.188058888854,11130.950070971172,11339.164124085244
Vegan,leg_tot,Cancer (cases),NA,NA,NA,13214.9730852266,12122.7008912036,14378.5638062007
Vegan,leg_tot,CED (mJ),0.518045730349238,0.513548828018019,0.522608561208203,189.08669157747184,187.44532222657696,190.7521248409941
Vegan,leg_tot,CVD (deaths),NA,NA,NA,43246.502182224,40193.6984939308,46355.1373216092
Vegan,leg_tot,FL (mrh-eq),0.0214649503750369,0.0212792186674746,0.0216535253556657,7.834706886888469,7.766914813628229,7.903536754817981
Vegan,leg_tot,Food_price ($),0.589460894016238,0.584210840378605,0.595022876076278,215.15322631592687,213.23695673819086,217.18334976784146
Vegan,leg_tot,GHG (kgCO2eq),0.0862092617799085,0.0854679421524153,0.0869502864557077,31.4663805496666,31.195798885631582,31.73685455633331
Vegan,leg_tot,WATER (litereq),127.469781353383,126.234410284711,128.706710395053,46526.470193984795,46075.559753919515,46977.949294194346
Vegan,oil,BLUEWATER (L),-0.279032411799687,-0.386118062218058,-0.173402968964182,-101.84683030688576,-140.93309270959116,-63.292083671926434
Vegan,oil,CED (mJ),-0.00899898912852338,-0.012474271613217,-0.0055956373126865,-3.284631031911034,-4.553109138824205,-2.0424076191305724
Vegan,oil,FL (mrh-eq),-3.5126111068668e-4,-4.8641964591942e-4,-2.1695735624888e-4,-0.12821030540063819,-0.1775431707605883,-0.0791894350308412
Vegan,oil,Food_price ($),-0.00687780247791203,-0.0102044090437323,-0.0037802448120631,-2.510397904437891,-3.7246093009622894,-1.3797893564030315
Vegan,oil,GHG (kgCO2eq),-0.00109816442163304,-0.00152292308403798,-6.8424884403588e-4,-0.40083001389605954,-0.5558669256738626,-0.24975082807309618
Vegan,oil,WATER (litereq),-0.779428017039025,-1.07244336439294,-0.48772070536317,-284.49122621924414,-391.44182800342315,-178.01805745755706
Vegan,pf_egg,BLUEWATER (L),-18.3845666091801,-18.9443352790003,-17.7777285888467,-6710.366812350737,-6914.682376835109,-6488.870934929045
Vegan,pf_egg,CED (mJ),-0.939814935129289,-0.968430184392318,-0.908793511190533,-343.0324513221905,-353.4770173031961,-331.7096315845445
Vegan,pf_egg,FL (mrh-eq),-0.0135948966990618,-0.0140275562654949,-0.0131421004029554,-4.962137295157557,-5.120058036905639,-4.796866647078721
Vegan,pf_egg,Food_price ($),-1.22985517724668,-1.2823321683243,-1.17770838093751,-448.89713969503816,-468.0512414383695,-429.8635590421911
Vegan,pf_egg,GHG (kgCO2eq),-0.153384951874816,-0.158055178391797,-0.148322019333443,-55.985507434307834,-57.6901401130059,-54.13753705670669
Vegan,pf_egg,WATER (litereq),-42.1874077383679,-43.4719193406743,-40.7948852199329,-15398.403824504285,-15867.25055934612,-14890.133105275509
Vegan,pf_ns,BLUEWATER (L),21.9843179944215,19.2555057562792,24.5513988359942,8024.276067963847,7028.259601041907,8961.260575137883
Vegan,pf_ns,Cancer (cases),NA,NA,NA,618.697382723694,505.254105265298,749.152066842
Vegan,pf_ns,CED (mJ),0.0590163836040514,0.0522081618400337,0.0655510146359604,21.54098001547876,19.0559790716123,23.926120342125547
Vegan,pf_ns,CVD (deaths),NA,NA,NA,38360.1938651419,31185.7995749872,46153.4428208199
Vegan,pf_ns,FL (mrh-eq),0.0140823582880903,0.012374158327551,0.0157270096576034,5.14006077515296,4.516567789556115,5.740358525025241
Vegan,pf_ns,Food_price ($),0.0993061017875794,0.0892641733684764,0.108568397256158,36.246727152466484,32.58142327949389,39.627464998497665
Vegan,pf_ns,GHG (kgCO2eq),0.0102508812973285,0.0090098430307816,0.0113761553073915,3.7415716735249025,3.288592706235284,4.1522966871978975
Vegan,pf_ns,WATER (litereq),128.044304834233,112.417977148968,143.180212149912,46736.171264495046,41032.56165937332,52260.77743471788
Vegan,pf_pm,BLUEWATER (L),0,0,0,0,0,0
Vegan,pf_pm,Cancer (cases),NA,NA,NA,14009.0897748626,12201.6207775806,15859.8130578614
Vegan,pf_pm,CED (mJ),0,0,0,0,0,0
Vegan,pf_pm,CVD (deaths),NA,NA,NA,66719.1490036747,56821.1621107491,75989.1892373499
Vegan,pf_pm,FL (mrh-eq),0,0,0,0,0,0
Vegan,pf_pm,Food_price ($),-0.856126131512912,-0.886326544876866,-0.82810750602536,-312.48603800221287,-323.5091888800561,-302.2592396992564
Vegan,pf_pm,GHG (kgCO2eq),0,0,0,0,0,0
Vegan,pf_pm,WATER (litereq),0,0,0,0,0,0
Vegan,pf_poultry,BLUEWATER (L),0,0,0,0,0,0
Vegan,pf_poultry,CED (mJ),0,0,0,0,0,0
Vegan,pf_poultry,FL (mrh-eq),0,0,0,0,0,0
Vegan,pf_poultry,Food_price ($),-1.65967841912712,-1.71363286137287,-1.60759237574092,-605.7826229813988,-625.4759944010975,-586.7712171454358
Vegan,pf_poultry,GHG (kgCO2eq),0,0,0,0,0,0
Vegan,pf_poultry,WATER (litereq),0,0,0,0,0,0
Vegan,pf_poultry_tot,BLUEWATER (L),-57.3088764342341,-58.7577049408046,-55.8945824320468,-20917.739898495445,-21446.56230339368,-20401.522587697084
Vegan,pf_poultry_tot,CED (mJ),-1.79052168581742,-1.83579355975325,-1.74632896336176,-653.5404153233583,-670.0646493099363,-637.4100716270424
Vegan,pf_poultry_tot,FL (mrh-eq),-0.0267761515739992,-0.0274519195003644,-0.0261143930122727,-9.773295324509709,-10.019950617633006,-9.531753449479535
Vegan,pf_poultry_tot,Food_price ($),0,0,0,0,0,0
Vegan,pf_poultry_tot,GHG (kgCO2eq),-0.258868639345885,-0.265413595438532,-0.252485265505168,-94.48705336124803,-96.87596233506417,-92.1571219093863
Vegan,pf_poultry_tot,WATER (litereq),-123.034574305439,-126.144946112439,-119.998251128597,-44907.61962148523,-46042.90533104024,-43799.36166193791
Vegan,pf_redm,BLUEWATER (L),0,0,0,0,0,0
Vegan,pf_redm,Cancer (cases),NA,NA,NA,9496.45098314288,7481.6631621433,11805.8887628419
Vegan,pf_redm,CED (mJ),0,0,0,0,0,0
Vegan,pf_redm,CVD (deaths),NA,NA,NA,37149.9801248133,34107.8162243897,40494.9408492254
Vegan,pf_redm,FL (mrh-eq),0,0,0,0,0,0
Vegan,pf_redm,Food_price ($),-2.99999319385168,-3.10734117118477,-2.89094754282019,-1094.997515755863,-1134.179527482441,-1055.1958531293692
Vegan,pf_redm,GHG (kgCO2eq),0,0,0,0,0,0
Vegan,pf_redm,WATER (litereq),0,0,0,0,0,0
Vegan,pf_redm_tot,BLUEWATER (L),-108.482908314751,-111.110591103999,-105.836294510839,-39596.261534884114,-40555.36575295963,-38630.247496456235
Vegan,pf_redm_tot,CED (mJ),-4.77515627183102,-4.89122749082476,-4.65784236552215,-1742.9320392183222,-1785.2980341510374,-1700.1124634155847
Vegan,pf_redm_tot,FL (mrh-eq),-0.159592104027181,-0.163470679988047,-0.155663484553076,-58.25111796992106,-59.666798195637156,-56.81717186187274
Vegan,pf_redm_tot,Food_price ($),0,0,0,0,0,0
Vegan,pf_redm_tot,GHG (kgCO2eq),-2.07184807172779,-2.12206485232996,-2.02044824340739,-756.2245461806434,-774.5536711004354,-737.4636088436973
Vegan,pf_redm_tot,WATER (litereq),-613.534701962245,-628.405299168674,-598.330120127775,-223940.16621621943,-229367.934196566,-218390.49384663787
Vegan,pf_seafood,BLUEWATER (L),-1.32725118108475,-1.40058343284806,-1.25218205453504,-484.44668109593374,-511.2129529895419,-457.0464499052896
Vegan,pf_seafood,Cancer (cases),NA,NA,NA,0,0,0
Vegan,pf_seafood,CED (mJ),-4.06626639012424,-4.28044268058949,-3.84702630440965,-1484.1872323953476,-1562.361578415164,-1404.1646011095222
Vegan,pf_seafood,CVD (deaths),NA,NA,NA,0.0260692257065251,9.25265957035037e-8,1.99181855553147
Vegan,pf_seafood,FL (mrh-eq),-0.0456018857934995,-0.048009172583508,-0.0430291544742556,-16.644688314627317,-17.52334799298042,-15.705641383103295
Vegan,pf_seafood,Food_price ($),-1.4825808408218,-1.56815228162487,-1.37977140988605,-541.142006899957,-572.3755827930776,-503.6165646084083
Vegan,pf_seafood,GHG (kgCO2eq),-0.234236547080607,-0.246769614509486,-0.220996991745208,-85.49633968442156,-90.0709092959624,-80.66390198700093
Vegan,pf_seafood,WATER (litereq),-9.2184680589714,-9.72870156592816,-8.70050240662215,-3364.740841524561,-3550.9760715637785,-3175.6833784170844
Vegan,sat_fat,BLUEWATER (L),-14.5006591515464,-14.7058193518855,-14.2885771179111,-5292.740590314435,-5367.6240634382075,-5215.330648037551
Vegan,sat_fat,CED (mJ),-0.814202388754848,-0.825757778630491,-0.802116371025325,-297.18387189551953,-301.40158920012925,-292.7724754242436
Vegan,sat_fat,FL (mrh-eq),-0.0212189665168151,-0.0215222271922713,-0.0209047563133859,-7.744922778637512,-7.855612925179025,-7.630236054385854
Vegan,sat_fat,Food_price ($),-0.0835601601290471,-0.0848824455600473,-0.0820912691241952,-30.499458447102192,-30.982092629417266,-29.96331323033125
Vegan,sat_fat,GHG (kgCO2eq),-0.22057275174126,-0.223742836659692,-0.217285573210647,-80.5090543855599,-81.66613538078758,-79.30923422188616
Vegan,sat_fat,WATER (litereq),-65.6272120788428,-66.5683780497232,-64.6552714374857,-23953.932408777622,-24297.457988148966,-23599.17407468228
Vegan,sodium,Cancer (cases),NA,NA,NA,0,0,0
Vegan,sodium,CVD (deaths),NA,NA,NA,42819.5613826702,39435.4714555325,46387.606546244
Vegan,ssb,Cancer (cases),NA,NA,NA,337.809897750778,184.5432635719,535.68691265602
Vegan,ssb,CVD (deaths),NA,NA,NA,7170.48946306813,4395.62832913864,10421.6504350128
Vegan,veg_dg,BLUEWATER (L),2.66537764475968,2.12072966527142,3.16336052546679,972.8628403372833,774.0663278240684,1154.6265917953783
Vegan,veg_dg,CED (mJ),0.0428780685271991,0.0332154008389802,0.0519669038226367,15.650495012427672,12.123621306227772,18.967919895262394
Vegan,veg_dg,FL (mrh-eq),0.00228166244626603,0.00183425402819188,0.00267350415004224,0.832806792887101,0.6695027202900362,0.9758290147654176
Vegan,veg_dg,Food_price ($),0.0739977234363466,0.0569113922379726,0.0906846166882066,27.009169054266508,20.772658166859998,33.09988509119541
Vegan,veg_dg,GHG (kgCO2eq),0.00487486020088518,0.00377729891430684,0.00591321556132885,1.7793239733230908,1.3787141037219965,2.1583236798850303
Vegan,veg_dg,WATER (litereq),33.4010297300759,26.2567208889846,40.039856522561,12191.375851477702,9583.703124479378,14614.547630734765
Vegan,veg_exc_sta,Cancer (cases),NA,NA,NA,3807.41157824615,3133.13794133299,4581.13712585705
Vegan,veg_exc_sta,CVD (deaths),NA,NA,NA,19188.5382037686,16499.642026593,21882.9971813397
Vegan,veg_oth,BLUEWATER (L),0.523376570290565,0.0149619657531744,1.01455500666266,191.0324481560562,5.4611174999086565,370.3125774318709
Vegan,veg_oth,CED (mJ),0.00840998744125839,-0.00124528243918012,0.0175933160589621,3.0696454160593123,-0.45452809030074376,6.421560361521166
Vegan,veg_oth,FL (mrh-eq),4.9107579810392e-4,-1.4498306386741e-4,0.0011040144050674,0.1792426663079308,-0.05291881831160465,0.40296525784960097
Vegan,veg_oth,Food_price ($),0.0639164120590013,0.0166050878203913,0.113977625715361,23.329490401535473,6.060857054442825,41.60183338610677
Vegan,veg_oth,GHG (kgCO2eq),7.9804027067097e-4,-8.4169691223309e-4,0.0023883621051187,0.29128469879490404,-0.30721937296507784,0.8717521683683255
Vegan,veg_oth,WATER (litereq),4.40685741415154,-0.20889517838351,8.72775188400627,1608.502956165312,-76.24674010998115,3185.6294376622886
Vegan,veg_ro,BLUEWATER (L),8.27059392971285,8.0730924569869,8.463931344561,3018.7667843451904,2946.678746800219,3089.334940764765
Vegan,veg_ro,CED (mJ),0.465896937427585,0.45568769942317,0.47647795835371,170.05238216106852,166.32601028945706,173.91445479910413
Vegan,veg_ro,FL (mrh-eq),0.0194736515148539,0.0190300238072097,0.0199113312873097,7.107882802921674,6.9459586896315395,7.267635919868041
Vegan,veg_ro,Food_price ($),0.489765228513409,0.479259021863118,0.500715525238893,178.76430840739428,174.92954298003806,182.76116671219592
Vegan,veg_ro,GHG (kgCO2eq),0.0561363288883445,0.054934293353709,0.0574002033831581,20.48976004424574,20.051017074103786,20.951074234852705
Vegan,veg_ro,WATER (litereq),63.8567522543887,62.3341478819196,65.3567517539057,23307.714572851877,22751.963976900654,23855.21439017558
Vegan,veg_sta,BLUEWATER (L),12.4215881970562,11.8229728495886,12.9692293481878,4533.879691925513,4315.3850900998395,4733.7687120885475
Vegan,veg_sta,CED (mJ),0.319461965556849,0.303673876168523,0.333985251061404,116.60361742824989,110.84096480151089,121.90461663741245
Vegan,veg_sta,FL (mrh-eq),0.00537555413763487,0.00513790972202909,0.00560938294556481,1.9620772602367276,1.8753370485406178,2.0474247751311556
Vegan,veg_sta,Food_price ($),0.21012271952571,0.199532746251529,0.220019248099724,76.69479262688415,72.82945238180808,80.30702555639927
Vegan,veg_sta,GHG (kgCO2eq),0.0361538346454525,0.0344875053144198,0.0377304440418082,13.196149645590163,12.587939439763225,13.771612075259991
Vegan,veg_sta,WATER (litereq),54.9561891207499,52.2698237224583,57.4537864194481,20059.009029073713,19078.48565869728,20970.632043098558
