year,race_gp,age_gp,sex,subgroup_id,crude_rate
2017,NHW,age_2044,Female,1,29.177
2017,NHB,age_2044,Female,2,13.5789999
2017,HIS,age_2044,Female,3,22.66099988
2017,Other,age_2044,Female,4,27.727999868
2017,NHW,age_2044,Male,5,7.3040000584
2017,NHB,age_2044,Male,6,2.3850002739
2017,HIS,age_2044,Male,7,4.1400000493
2017,Other,age_2044,Male,8,7.2139997748
2017,NHW,age_4554,Female,9,38.3139999
2017,NHB,age_4554,Female,10,24.183000275
2017,HIS,age_4554,Female,11,37.227000051
2017,Other,age_4554,Female,12,41.186001033
2017,NHW,age_4554,Male,13,13.052000045
2017,NHB,age_4554,Male,14,6.0150004884
2017,HIS,age_4554,Male,15,8.5789996914
2017,Other,age_4554,Male,16,12.471999402
2017,NHW,age_5564,Female,17,34.287999985
2017,NHB,age_5564,Female,18,26.88400008
2017,HIS,age_5564,Female,19,37.927000293
2017,Other,age_5564,Female,20,39.875000195
2017,NHW,age_5564,Male,21,16.123999993
2017,NHB,age_5564,Male,22,8.7780003645
2017,HIS,age_5564,Male,23,11.665999444
2017,Other,age_5564,Male,24,14.798000801
2017,NHW,age_65+,Female,25,25.112999805
2017,NHB,age_65+,Female,26,22.841999575
2017,HIS,age_65+,Female,27,30.231000906
2017,Other,age_65+,Female,28,28.83700026
2017,NHW,age_65+,Male,29,17.41799992
2017,NHB,age_65+,Male,30,10.761001404
2017,HIS,age_65+,Male,31,14.955001037
2017,Other,age_65+,Male,32,15.760000255
2018,NHW,age_2044,Female,1,31.839115754
2018,NHB,age_2044,Female,2,15.050461207
2018,HIS,age_2044,Female,3,25.15405333
2018,Other,age_2044,Female,4,30.649081045
2018,NHW,age_2044,Male,5,8.2652871324
2018,NHB,age_2044,Male,6,2.6841731254
2018,HIS,age_2044,Male,7,4.7231736528
2018,Other,age_2044,Male,8,8.3194335263
2018,NHW,age_4554,Female,9,41.020036264
2018,NHB,age_4554,Female,10,26.501900302
2018,HIS,age_4554,Female,11,40.911865038
2018,Other,age_4554,Female,12,44.883142678
2018,NHW,age_4554,Male,13,14.573702251
2018,NHB,age_4554,Male,14,6.7737649427
2018,HIS,age_4554,Male,15,9.5941537736
2018,Other,age_4554,Male,16,14.436666521
2018,NHW,age_5564,Female,17,36.403973185
2018,NHB,age_5564,Female,18,28.791405261
2018,HIS,age_5564,Female,19,40.712950581
2018,Other,age_5564,Female,20,42.945392507
2018,NHW,age_5564,Male,21,17.481078903
2018,NHB,age_5564,Male,22,9.4604259724
2018,HIS,age_5564,Male,23,12.683733898
2018,Other,age_5564,Male,24,16.097993586
2018,NHW,age_65+,Female,25,27.043135573
2018,NHB,age_65+,Female,26,25.053210942
2018,HIS,age_65+,Female,27,32.13084943
2018,Other,age_65+,Female,28,30.428796381
2018,NHW,age_65+,Male,29,18.84241961
2018,NHB,age_65+,Male,30,11.574215432
2018,HIS,age_65+,Male,31,15.765844368
2018,Other,age_65+,Male,32,16.67388606
2019,NHW,age_2044,Female,1,33.450011468
2019,NHB,age_2044,Female,2,16.041278232
2019,HIS,age_2044,Female,3,26.813174611
2019,Other,age_2044,Female,4,32.509400261
2019,NHW,age_2044,Male,5,8.8991067881
2019,NHB,age_2044,Male,6,2.9081258005
2019,HIS,age_2044,Male,7,5.1230052982
2019,Other,age_2044,Male,8,9.0551219874
2019,NHW,age_4554,Female,9,42.238102764
2019,NHB,age_4554,Female,10,27.900326331
2019,HIS,age_4554,Female,11,42.899951372
2019,Other,age_4554,Female,12,46.874463044
2019,NHW,age_4554,Male,13,15.544132016
2019,NHB,age_4554,Male,14,7.3129724474
2019,HIS,age_4554,Male,15,10.273992797
2019,Other,age_4554,Male,16,15.535398991
2019,NHW,age_5564,Female,17,36.942962806
2019,NHB,age_5564,Female,18,29.621977368
2019,HIS,age_5564,Female,19,41.675640529
2019,Other,age_5564,Female,20,43.74515782
2019,NHW,age_5564,Male,21,18.285775038
2019,NHB,age_5564,Male,22,9.94217467
2019,HIS,age_5564,Male,23,13.35446404
2019,Other,age_5564,Male,24,16.783717808
2019,NHW,age_65+,Female,25,28.063140489
2019,NHB,age_65+,Female,26,26.237837877
2019,HIS,age_65+,Female,27,33.12508936
2019,Other,age_65+,Female,28,31.257348817
2019,NHW,age_65+,Male,29,19.597734425
2019,NHB,age_65+,Male,30,12.003583496
2019,HIS,age_65+,Male,31,16.187603053
2019,Other,age_65+,Male,32,17.150514474
2020,NHW,age_2044,Female,1,35.1537891
2020,NHB,age_2044,Female,2,17.101416718
2020,HIS,age_2044,Female,3,28.600036182
2020,Other,age_2044,Female,4,34.479357981
2020,NHW,age_2044,Male,5,9.5770568382
2020,NHB,age_2044,Male,6,3.1507871747
2020,HIS,age_2044,Male,7,5.5527875354
2020,Other,age_2044,Male,8,9.8599755827
2020,NHW,age_4554,Female,9,43.53497348
2020,NHB,age_4554,Female,10,29.369857615
2020,HIS,age_4554,Female,11,44.966675713
2020,Other,age_4554,Female,12,49.01991941
2020,NHW,age_4554,Male,13,16.532800179
2020,NHB,age_4554,Male,14,7.866036301
2020,HIS,age_4554,Male,15,10.985953861
2020,Other,age_4554,Male,16,16.628779553
2020,NHW,age_5564,Female,17,37.399430576
2020,NHB,age_5564,Female,18,30.481463161
2020,HIS,age_5564,Female,19,42.489979595
2020,Other,age_5564,Female,20,44.279733211
2020,NHW,age_5564,Male,21,19.142112859
2020,NHB,age_5564,Male,22,10.479712826
2020,HIS,age_5564,Male,23,14.067383322
2020,Other,age_5564,Male,24,17.461953382
2020,NHW,age_65+,Female,25,29.121617463
2020,NHB,age_65+,Female,26,27.478477939
2020,HIS,age_65+,Female,27,34.150095265
2020,Other,age_65+,Female,28,32.108461435
2020,NHW,age_65+,Male,29,20.383326808
2020,NHB,age_65+,Male,30,12.448881616
2020,HIS,age_65+,Male,31,16.620649359
2020,Other,age_65+,Male,32,17.640765111
2021,NHW,age_2044,Female,1,36.929239036
2021,NHB,age_2044,Female,2,18.208972223
2021,HIS,age_2044,Female,3,30.497439436
2021,Other,age_2044,Female,4,36.541463071
2021,NHW,age_2044,Male,5,10.283554284
2021,NHB,age_2044,Male,6,3.4036319843
2021,HIS,age_2044,Male,7,6.0030662286
2021,Other,age_2044,Male,8,10.72609547
2021,NHW,age_4554,Female,9,44.930059636
2021,NHB,age_4554,Female,10,30.897340278
2021,HIS,age_4554,Female,11,47.111984153
2021,Other,age_4554,Female,12,51.331448942
2021,NHW,age_4554,Male,13,17.527846751
2021,NHB,age_4554,Male,14,8.4151632696
2021,HIS,age_4554,Male,15,11.713960581
2021,Other,age_4554,Male,16,17.706709054
2021,NHW,age_5564,Female,17,37.78928563
2021,NHB,age_5564,Female,18,31.384028781
2021,HIS,age_5564,Female,19,43.17290654
2021,Other,age_5564,Female,20,44.595132983
2021,NHW,age_5564,Male,21,20.048984386
2021,NHB,age_5564,Male,22,11.068018353
2021,HIS,age_5564,Male,23,14.806409591
2021,Other,age_5564,Male,24,18.126093902
2021,NHW,age_65+,Female,25,30.220017776
2021,NHB,age_65+,Female,26,28.777781343
2021,HIS,age_65+,Female,27,35.206815977
2021,Other,age_65+,Female,28,32.982745649
2021,NHW,age_65+,Male,29,21.200409774
2021,NHB,age_65+,Male,30,12.9106993
2021,HIS,age_65+,Male,31,17.06527909
2021,Other,age_65+,Male,32,18.145031685
2022,NHW,age_2044,Female,1,38.810950739
2022,NHB,age_2044,Female,2,19.399322501
2022,HIS,age_2044,Female,3,32.528894032
2022,Other,age_2044,Female,4,38.726216462
2022,NHW,age_2044,Male,5,11.0395658
2022,NHB,age_2044,Male,6,3.6770457324
2022,HIS,age_2044,Male,7,6.4808427096
2022,Other,age_2044,Male,8,11.667419405
2022,NHW,age_4554,Female,9,46.404335393
2022,NHB,age_4554,Female,10,32.489444918
2022,HIS,age_4554,Female,11,49.338478942
2022,Other,age_4554,Female,12,53.821799504
2022,NHW,age_4554,Male,13,18.546043646
2022,NHB,age_4554,Male,14,8.9644609407
2022,HIS,age_4554,Male,15,12.461916623
2022,Other,age_4554,Male,16,18.762572626
2022,NHW,age_5564,Female,17,38.060715913
2022,NHB,age_5564,Female,18,32.326788709
2022,HIS,age_5564,Female,19,43.680458992
2022,Other,age_5564,Female,20,44.645046373
2022,NHW,age_5564,Male,21,21.016648585
2022,NHB,age_5564,Male,22,11.718833537
2022,HIS,age_5564,Male,23,15.578135572
2022,Other,age_5564,Male,24,18.771811647
2022,NHW,age_65+,Female,25,31.359847384
2022,NHB,age_65+,Female,26,30.138521862
2022,HIS,age_65+,Female,27,36.296238009
2022,Other,age_65+,Female,28,33.880842509
2022,NHW,age_65+,Male,29,22.050246586
2022,NHB,age_65+,Male,30,13.389649364
2022,HIS,age_65+,Male,31,17.521800981
2022,Other,age_65+,Male,32,18.663709654
2023,NHW,age_2044,Female,1,40.794730288
2023,NHB,age_2044,Female,2,20.6626389
2023,HIS,age_2044,Female,3,34.69451438
2023,Other,age_2044,Female,4,41.035846568
2023,NHW,age_2044,Male,5,11.842015253
2023,NHB,age_2044,Male,6,3.969520739
2023,HIS,age_2044,Male,7,6.9872510725
2023,Other,age_2044,Male,8,12.694206867
2023,NHW,age_4554,Female,9,47.962365517
2023,NHB,age_4554,Female,10,34.160821487
2023,HIS,age_4554,Female,11,51.647836271
2023,Other,age_4554,Female,12,56.511929177
2023,NHW,age_4554,Male,13,19.589397433
2023,NHB,age_4554,Male,14,9.5261643602
2023,HIS,age_4554,Male,15,13.23994814
2023,Other,age_4554,Male,16,19.785091282
2023,NHW,age_5564,Female,17,38.234642537
2023,NHB,age_5564,Female,18,33.329997108
2023,HIS,age_5564,Female,19,43.996516407
2023,Other,age_5564,Female,20,44.345965235
2023,NHW,age_5564,Male,21,22.044319132
2023,NHB,age_5564,Male,22,12.431182655
2023,HIS,age_5564,Male,23,16.379920482
2023,Other,age_5564,Male,24,19.392861074
2023,NHW,age_65+,Female,25,32.542668632
2023,NHB,age_65+,Female,26,31.563604444
2023,HIS,age_65+,Female,27,37.419368141
2023,Other,age_65+,Female,28,34.803390807
2023,NHW,age_65+,Male,29,22.93414959
2023,NHB,age_65+,Male,30,13.886367943
2023,HIS,age_65+,Male,31,17.990540049
2023,Other,age_65+,Male,32,19.197218862
2024,NHW,age_2044,Female,1,42.890633455
2024,NHB,age_2044,Female,2,22.018421621
2024,HIS,age_2044,Female,3,37.005352373
2024,Other,age_2044,Female,4,43.500744166
2024,NHW,age_2044,Male,5,12.696126295
2024,NHB,age_2044,Male,6,4.2858109103
2024,HIS,age_2044,Male,7,7.5223561502
2024,Other,age_2044,Male,8,13.824843445
2024,NHW,age_4554,Female,9,49.590597086
2024,NHB,age_4554,Female,10,35.913287403
2024,HIS,age_4554,Female,11,54.040606224
2024,Other,age_4554,Female,12,59.423789456
2024,NHW,age_4554,Male,13,20.669713872
2024,NHB,age_4554,Male,14,10.097542306
2024,HIS,age_4554,Male,15,14.0423827
2024,Other,age_4554,Male,16,20.752632267
2024,NHW,age_5564,Female,17,38.314110672
2024,NHB,age_5564,Female,18,34.385955085
2024,HIS,age_5564,Female,19,44.060683585
2024,Other,age_5564,Female,20,43.695435491
2024,NHW,age_5564,Male,21,23.133827549
2024,NHB,age_5564,Male,22,13.216364945
2024,HIS,age_5564,Male,23,17.221787115
2024,Other,age_5564,Male,24,19.983979905
2024,NHW,age_65+,Female,25,33.770103227
2024,NHB,age_65+,Female,26,33.056068948
2024,HIS,age_65+,Female,27,38.577253338
2024,Other,age_65+,Female,28,35.751058267
2024,NHW,age_65+,Male,29,23.853484909
2024,NHB,age_65+,Male,30,14.401513476
2024,HIS,age_65+,Male,31,18.47181708
2024,Other,age_65+,Male,32,19.74597699
2025,NHW,age_2044,Female,1,45.126419453
2025,NHB,age_2044,Female,2,23.490654687
2025,HIS,age_2044,Female,3,39.527038948
2025,Other,age_2044,Female,4,46.150683911
2025,NHW,age_2044,Male,5,13.617506883
2025,NHB,age_2044,Male,6,4.6356770176
2025,HIS,age_2044,Male,7,8.1062307832
2025,Other,age_2044,Male,8,15.07864629
2025,NHW,age_4554,Female,9,51.285331954
2025,NHB,age_4554,Female,10,37.781856521
2025,HIS,age_4554,Female,11,56.516936103
2025,Other,age_4554,Female,12,62.585980154
2025,NHW,age_4554,Male,13,21.79456539
2025,NHB,age_4554,Male,14,10.701160734
2025,HIS,age_4554,Male,15,14.883182478
2025,Other,age_4554,Male,16,21.639528336
2025,NHW,age_5564,Female,17,38.248824449
2025,NHB,age_5564,Female,18,35.495133137
2025,HIS,age_5564,Female,19,43.766655699
2025,Other,age_5564,Female,20,42.476095614
2025,NHW,age_5564,Male,21,24.296669188
2025,NHB,age_5564,Male,22,14.09204483
2025,HIS,age_5564,Male,23,18.120517235
2025,Other,age_5564,Male,24,20.531892662
2025,NHW,age_65+,Female,25,35.043833911
2025,NHB,age_65+,Female,26,34.61910669
2025,HIS,age_65+,Female,27,39.770965344
2025,Other,age_65+,Female,28,36.724531149
2025,NHW,age_65+,Male,29,24.809672204
2025,NHB,age_65+,Male,30,14.935768041
2025,HIS,age_65+,Male,31,18.965962603
2025,Other,age_65+,Male,32,20.310418935
2026,NHW,age_2044,Female,1,47.474871576
2026,NHB,age_2044,Female,2,25.026851646
2026,HIS,age_2044,Female,3,42.20344872
2026,Other,age_2044,Female,4,48.951300672
2026,NHW,age_2044,Male,5,14.586478215
2026,NHB,age_2044,Male,6,4.9985519618
2026,HIS,age_2044,Male,7,8.7146878851
2026,Other,age_2044,Male,8,16.443178234
2026,NHW,age_4554,Female,9,53.077661809
2026,NHB,age_4554,Female,10,39.749181197
2026,HIS,age_4554,Female,11,59.076649075
2026,Other,age_4554,Female,12,66.014296987
2026,NHW,age_4554,Male,13,22.942396236
2026,NHB,age_4554,Male,14,11.312390017
2026,HIS,age_4554,Male,15,15.736901695
2026,Other,age_4554,Male,16,22.428713907
2026,NHW,age_5564,Female,17,38.048176102
2026,NHB,age_5564,Female,18,36.690104006
2026,HIS,age_5564,Female,19,43.203504044
2026,Other,age_5564,Female,20,40.885858847
2026,NHW,age_5564,Male,21,25.531448008
2026,NHB,age_5564,Male,22,15.035384559
2026,HIS,age_5564,Male,23,19.037388339
2026,Other,age_5564,Male,24,21.038760839
2026,NHW,age_65+,Female,25,36.365606712
2026,NHB,age_65+,Female,26,36.256050545
2026,HIS,age_65+,Female,27,41.001617838
2026,Other,age_65+,Female,28,37.724511924
2026,NHW,age_65+,Male,29,25.804189787
2026,NHB,age_65+,Male,30,15.489838945
2026,HIS,age_65+,Male,31,19.473335252
2026,Other,age_65+,Male,32,20.890999041
2027,NHW,age_2044,Female,1,49.951334494
2027,NHB,age_2044,Female,2,26.65757392
2027,HIS,age_2044,Female,3,45.076561861
2027,Other,age_2044,Female,4,51.949144505
2027,NHW,age_2044,Male,5,15.613021857
2027,NHB,age_2044,Male,6,5.3859529726
2027,HIS,age_2044,Male,7,9.3614321034
2027,Other,age_2044,Male,8,17.958025404
2027,NHW,age_4554,Female,9,54.999759762
2027,NHB,age_4554,Female,10,41.797885179
2027,HIS,age_4554,Female,11,61.720331908
2027,Other,age_4554,Female,12,69.739095422
2027,NHW,age_4554,Male,13,24.094471143
2027,NHB,age_4554,Male,14,11.923030416
2027,HIS,age_4554,Male,15,16.607291047
2027,Other,age_4554,Male,16,23.092019161
2027,NHW,age_5564,Female,17,37.737233714
2027,NHB,age_5564,Female,18,37.970395603
2027,HIS,age_5564,Female,19,42.270350561
2027,Other,age_5564,Female,20,38.751719902
2027,NHW,age_5564,Male,21,26.838572853
2027,NHB,age_5564,Male,22,16.064469624
2027,HIS,age_5564,Male,23,19.994278325
2027,Other,age_5564,Male,24,21.488173555
2027,NHW,age_65+,Female,25,37.737233538
2027,NHB,age_65+,Female,26,37.970394144
2027,HIS,age_65+,Female,27,42.270349685
2027,Other,age_65+,Female,28,38.751718129
2027,NHW,age_65+,Male,29,26.838572592
2027,NHB,age_65+,Male,30,16.064470339
2027,HIS,age_65+,Male,31,19.994275691
2027,Other,age_65+,Male,32,21.488167822
2028,NHW,age_2044,Female,1,52.400751395
2028,NHB,age_2044,Female,2,28.530847493
2028,HIS,age_2044,Female,3,48.12315981
2028,Other,age_2044,Female,4,55.265040189
2028,NHW,age_2044,Male,5,16.807006099
2028,NHB,age_2044,Male,6,5.8838713645
2028,HIS,age_2044,Male,7,10.137301126
2028,Other,age_2044,Male,8,19.496897054
2028,NHW,age_4554,Female,9,55.405694738
2028,NHB,age_4554,Female,10,43.136731773
2028,HIS,age_4554,Female,11,62.67702512
2028,Other,age_4554,Female,12,70.245794065
2028,NHW,age_4554,Male,13,25.302837165
2028,NHB,age_4554,Male,14,12.686103742
2028,HIS,age_4554,Male,15,17.434548193
2028,Other,age_4554,Male,16,23.864506671
2028,NHW,age_5564,Female,17,39.160595292
2028,NHB,age_5564,Female,18,39.765803977
2028,HIS,age_5564,Female,19,43.578341422
2028,Other,age_5564,Female,20,39.806897428
2028,NHW,age_5564,Male,21,27.914420123
2028,NHB,age_5564,Male,22,16.660413251
2028,HIS,age_5564,Male,23,20.529157453
2028,Other,age_5564,Male,24,22.102416906
2028,NHW,age_65+,Female,25,39.160595227
2028,NHB,age_65+,Female,26,39.765801843
2028,HIS,age_65+,Female,27,43.578341094
2028,Other,age_65+,Female,28,39.806899922
2028,NHW,age_65+,Male,29,27.914420083
2028,NHB,age_65+,Male,30,16.660415271
2028,HIS,age_65+,Male,31,20.529158012
2028,Other,age_65+,Male,32,22.102419346
2029,NHW,age_2044,Female,1,54.982622852
2029,NHB,age_2044,Female,2,30.504304832
2029,HIS,age_2044,Female,3,51.352919785
2029,Other,age_2044,Female,4,58.821302789
2029,NHW,age_2044,Male,5,18.051433819
2029,NHB,age_2044,Male,6,6.4015656296
2029,HIS,age_2044,Male,7,10.947361231
2029,Other,age_2044,Male,8,21.141816571
2029,NHW,age_4554,Female,9,55.715698574
2029,NHB,age_4554,Female,10,44.560383756
2029,HIS,age_4554,Female,11,63.406614503
2029,Other,age_4554,Female,12,70.403357334
2029,NHW,age_4554,Male,13,26.582863411
2029,NHB,age_4554,Male,14,13.519654332
2029,HIS,age_4554,Male,15,18.292295844
2029,Other,age_4554,Male,16,24.609397473
2029,NHW,age_5564,Female,17,40.63764289
2029,NHB,age_5564,Female,18,41.646105381
2029,HIS,age_5564,Female,19,44.926805229
2029,Other,age_5564,Female,20,40.89080669
2029,NHW,age_5564,Male,21,29.033393908
2029,NHB,age_5564,Male,22,17.278468809
2029,HIS,age_5564,Male,23,21.078345469
2029,Other,age_5564,Male,24,22.734221871
2029,NHW,age_65+,Female,25,40.637642943
2029,NHB,age_65+,Female,26,41.646104792
2029,HIS,age_65+,Female,27,44.926806881
2029,Other,age_65+,Female,28,40.890805605
2029,NHW,age_65+,Male,29,29.033393514
2029,NHB,age_65+,Male,30,17.278468053
2029,HIS,age_65+,Male,31,21.078344641
2029,Other,age_65+,Male,32,22.734221623
2030,NHW,age_2044,Female,1,57.729724159
2030,NHB,age_2044,Female,2,32.630095751
2030,HIS,age_2044,Female,3,54.822391668
2030,Other,age_2044,Female,4,62.661515451
2030,NHW,age_2044,Male,5,19.373178061
2030,NHB,age_2044,Male,6,6.9602708788
2030,HIS,age_2044,Male,7,11.809167808
2030,Other,age_2044,Male,8,22.903631479
2030,NHW,age_4554,Female,9,55.974090769
2030,NHB,age_4554,Female,10,46.079214559
2030,HIS,age_4554,Female,11,63.890076965
2030,Other,age_4554,Female,12,70.238757396
2030,NHW,age_4554,Male,13,27.930415399
2030,NHB,age_4554,Male,14,14.429100684
2030,HIS,age_4554,Male,15,19.181040301
2030,Other,age_4554,Male,16,25.321199763
2030,NHW,age_5564,Female,17,42.170401202
2030,NHB,age_5564,Female,18,43.615317076
2030,HIS,age_5564,Female,19,46.316996878
2030,Other,age_5564,Female,20,42.004231172
2030,NHW,age_5564,Male,21,30.197222452
2030,NHB,age_5564,Male,22,17.919450009
2030,HIS,age_5564,Male,23,21.642225063
2030,Other,age_5564,Male,24,23.384086069
2030,NHW,age_65+,Female,25,42.170401194
2030,NHB,age_65+,Female,26,43.615317605
2030,HIS,age_65+,Female,27,46.316996087
2030,Other,age_65+,Female,28,42.004229819
2030,NHW,age_65+,Male,29,30.197222467
2030,NHB,age_65+,Male,30,17.919447984
2030,HIS,age_65+,Male,31,21.642225749
2030,Other,age_65+,Male,32,23.384085671
2031,NHW,age_2044,Female,1,60.631845811
2031,NHB,age_2044,Female,2,34.881694317
2031,HIS,age_2044,Female,3,58.518187684
2031,Other,age_2044,Female,4,66.775745454
2031,NHW,age_2044,Male,5,20.751575819
2031,NHB,age_2044,Male,6,7.5459326263
2031,HIS,age_2044,Male,7,12.709640092
2031,Other,age_2044,Male,8,24.791582037
2031,NHW,age_4554,Female,9,56.254871519
2031,NHB,age_4554,Female,10,47.718434421
2031,HIS,age_4554,Female,11,64.178122874
2031,Other,age_4554,Female,12,69.738702067
2031,NHW,age_4554,Male,13,29.335450165
2031,NHB,age_4554,Male,14,15.389088672
2031,HIS,age_4554,Male,15,20.084060868
2031,Other,age_4554,Male,16,26.000587484
2031,NHW,age_5564,Female,17,43.760971602
2031,NHB,age_5564,Female,18,45.677640594
2031,HIS,age_5564,Female,19,47.750205182
2031,Other,age_5564,Female,20,43.147972254
2031,NHW,age_5564,Male,21,31.407704231
2031,NHB,age_5564,Male,22,18.584209782
2031,HIS,age_5564,Male,23,22.221190834
2031,Other,age_5564,Male,24,24.052525844
2031,NHW,age_65+,Female,25,43.760971702
2031,NHB,age_65+,Female,26,45.677640517
2031,HIS,age_65+,Female,27,47.750206202
2031,Other,age_65+,Female,28,43.147972792
2031,NHW,age_65+,Male,29,31.407704122
2031,NHB,age_65+,Male,30,18.584209481
2031,HIS,age_65+,Male,31,22.221189258
2031,Other,age_65+,Male,32,24.052527349
2032,NHW,age_2044,Female,1,63.688191054
2032,NHB,age_2044,Female,2,37.289025804
2032,HIS,age_2044,Female,3,62.459682675
2032,Other,age_2044,Female,4,71.206525498
2032,NHW,age_2044,Male,5,22.197149829
2032,NHB,age_2044,Male,6,8.1704752732
2032,HIS,age_2044,Male,7,13.65207568
2032,Other,age_2044,Male,8,26.811929778
2032,NHW,age_4554,Female,9,56.442375449
2032,NHB,age_4554,Female,10,49.480402577
2032,HIS,age_4554,Female,11,64.188374183
2032,Other,age_4554,Female,12,68.809783331
2032,NHW,age_4554,Male,13,30.818444815
2032,NHB,age_4554,Male,14,16.409450302
2032,HIS,age_4554,Male,15,21.005774061
2032,Other,age_4554,Male,16,26.64044759
2032,NHW,age_5564,Female,17,45.411534757
2032,NHB,age_5564,Female,18,47.837481017
2032,HIS,age_5564,Female,19,49.227761387
2032,Other,age_5564,Female,20,44.322857281
2032,NHW,age_5564,Male,21,32.666709119
2032,NHB,age_5564,Male,22,19.273631063
2032,HIS,age_5564,Male,23,22.815642449
2032,Other,age_5564,Male,24,24.740072803
2032,NHW,age_65+,Female,25,45.411535032
2032,NHB,age_65+,Female,26,47.837481381
2032,HIS,age_65+,Female,27,49.227761404
2032,Other,age_65+,Female,28,44.322856546
2032,NHW,age_65+,Male,29,32.666709171
2032,NHB,age_65+,Male,30,19.2736284
2032,HIS,age_65+,Male,31,22.815643211
2032,Other,age_65+,Male,32,24.740075669
2033,NHW,age_2044,Female,1,64.317528625
2033,NHB,age_2044,Female,2,38.335516204
2033,HIS,age_2044,Female,3,63.795971559
2033,Other,age_2044,Female,4,72.679805217
2033,NHW,age_2044,Male,5,22.72671077
2033,NHB,age_2044,Male,6,8.5423847086
2033,HIS,age_2044,Male,7,14.056112034
2033,Other,age_2044,Male,8,27.321858226
2033,NHW,age_4554,Female,9,54.313421076
2033,NHB,age_4554,Female,10,49.17078138
2033,HIS,age_4554,Female,11,61.435534575
2033,Other,age_4554,Female,12,64.346028437
2033,NHW,age_4554,Male,13,31.170301345
2033,NHB,age_4554,Male,14,16.941452693
2033,HIS,age_4554,Male,15,21.335473217
2033,Other,age_4554,Male,16,26.297110022
2033,NHW,age_5564,Female,17,45.411534851
2033,NHB,age_5564,Female,18,47.837481051
2033,HIS,age_5564,Female,19,49.227761661
2033,Other,age_5564,Female,20,44.322856148
2033,NHW,age_5564,Male,21,32.666709047
2033,NHB,age_5564,Male,22,19.273630698
2033,HIS,age_5564,Male,23,22.815642236
2033,Other,age_5564,Male,24,24.740075922
2033,NHW,age_65+,Female,25,45.411534785
2033,NHB,age_65+,Female,26,47.837478985
2033,HIS,age_65+,Female,27,49.227760791
2033,Other,age_65+,Female,28,44.322855421
2033,NHW,age_65+,Male,29,32.666708955
2033,NHB,age_65+,Male,30,19.273635187
2033,HIS,age_65+,Male,31,22.815644517
2033,Other,age_65+,Male,32,24.740071094
2034,NHW,age_2044,Female,1,64.958465927
2034,NHB,age_2044,Female,2,39.44919079
2034,HIS,age_2044,Female,3,65.168520641
2034,Other,age_2044,Female,4,74.205633821
2034,NHW,age_2044,Male,5,23.269446709
2034,NHB,age_2044,Male,6,8.9404901027
2034,HIS,age_2044,Male,7,14.467872347
2034,Other,age_2044,Male,8,27.860501054
2034,NHW,age_4554,Female,9,52.122760268
2034,NHB,age_4554,Female,10,48.860061488
2034,HIS,age_4554,Female,11,58.594174402
2034,Other,age_4554,Female,12,59.662897426
2034,NHW,age_4554,Male,13,31.534360189
2034,NHB,age_4554,Male,14,17.480608846
2034,HIS,age_4554,Male,15,21.677561349
2034,Other,age_4554,Male,16,25.933188034
2034,NHW,age_5564,Female,17,45.411534817
2034,NHB,age_5564,Female,18,47.837481985
2034,HIS,age_5564,Female,19,49.227761517
2034,Other,age_5564,Female,20,44.322856633
2034,NHW,age_5564,Male,21,32.666709241
2034,NHB,age_5564,Male,22,19.273630861
2034,HIS,age_5564,Male,23,22.815641995
2034,Other,age_5564,Male,24,24.740071942
2034,NHW,age_65+,Female,25,45.411534779
2034,NHB,age_65+,Female,26,47.83747872
2034,HIS,age_65+,Female,27,49.227762689
2034,Other,age_65+,Female,28,44.322853475
2034,NHW,age_65+,Male,29,32.666709184
2034,NHB,age_65+,Male,30,19.273632197
2034,HIS,age_65+,Male,31,22.815643534
2034,Other,age_65+,Male,32,24.740070861
2035,NHW,age_2044,Female,1,65.620929317
2035,NHB,age_2044,Female,2,40.637085244
2035,HIS,age_2044,Female,3,66.627500027
2035,Other,age_2044,Female,4,75.770374929
2035,NHW,age_2044,Male,5,23.835568081
2035,NHB,age_2044,Male,6,9.3716131761
2035,HIS,age_2044,Male,7,14.907975857
2035,Other,age_2044,Male,8,28.408906776
2035,NHW,age_4554,Female,9,49.819589256
2035,NHB,age_4554,Female,10,48.521676761
2035,HIS,age_4554,Female,11,55.543487736
2035,Other,age_4554,Female,12,54.656803444
2035,NHW,age_4554,Male,13,31.921103978
2035,NHB,age_4554,Male,14,18.074587454
2035,HIS,age_4554,Male,15,22.049246234
2035,Other,age_4554,Male,16,25.544604768
2035,NHW,age_5564,Female,17,45.41153491
2035,NHB,age_5564,Female,18,47.837481395
2035,HIS,age_5564,Female,19,49.227760601
2035,Other,age_5564,Female,20,44.322856339
2035,NHW,age_5564,Male,21,32.66670915
2035,NHB,age_5564,Male,22,19.273630315
2035,HIS,age_5564,Male,23,22.815642478
2035,Other,age_5564,Male,24,24.740073353
2035,NHW,age_65+,Female,25,45.411534659
2035,NHB,age_65+,Female,26,47.837481037
2035,HIS,age_65+,Female,27,49.227762454
2035,Other,age_65+,Female,28,44.322859103
2035,NHW,age_65+,Male,29,32.666709114
2035,NHB,age_65+,Male,30,19.273630954
2035,HIS,age_65+,Male,31,22.815642968
2035,Other,age_65+,Male,32,24.740078912
2036,NHW,age_2044,Female,1,66.282228896
2036,NHB,age_2044,Female,2,41.835454455
2036,HIS,age_2044,Female,3,68.133224326
2036,Other,age_2044,Female,4,77.34197439
2036,NHW,age_2044,Male,5,24.40183457
2036,NHB,age_2044,Male,6,9.8101222436
2036,HIS,age_2044,Male,7,15.354653527
2036,Other,age_2044,Male,8,28.974323619
2036,NHW,age_4554,Female,9,47.536426825
2036,NHB,age_4554,Female,10,48.175123932
2036,HIS,age_4554,Female,11,52.412643065
2036,Other,age_4554,Female,12,49.577928282
2036,NHW,age_4554,Male,13,32.305921019
2036,NHB,age_4554,Male,14,18.67697126
2036,HIS,age_4554,Male,15,22.426356187
2036,Other,age_4554,Male,16,25.149835257
2036,NHW,age_5564,Female,17,45.411534796
2036,NHB,age_5564,Female,18,47.837481255
2036,HIS,age_5564,Female,19,49.227762698
2036,Other,age_5564,Female,20,44.322856231
2036,NHW,age_5564,Male,21,32.66670925
2036,NHB,age_5564,Male,22,19.27363059
2036,HIS,age_5564,Male,23,22.815642297
2036,Other,age_5564,Male,24,24.740073224
2036,NHW,age_65+,Female,25,45.411534677
2036,NHB,age_65+,Female,26,47.837479113
2036,HIS,age_65+,Female,27,49.22776171
2036,Other,age_65+,Female,28,44.322858193
2036,NHW,age_65+,Male,29,32.666708827
2036,NHB,age_65+,Male,30,19.273632794
2036,HIS,age_65+,Male,31,22.815644214
2036,Other,age_65+,Male,32,24.740076269
2037,NHW,age_2044,Female,1,66.918414475
2037,NHB,age_2044,Female,2,43.026325713
2037,HIS,age_2044,Female,3,69.678716914
2037,Other,age_2044,Female,4,78.904672995
2037,NHW,age_2044,Male,5,24.962608072
2037,NHB,age_2044,Male,6,10.253014259
2037,HIS,age_2044,Male,7,15.813523208
2037,Other,age_2044,Male,8,29.517849609
2037,NHW,age_4554,Female,9,45.411534722
2037,NHB,age_4554,Female,10,47.837481291
2037,HIS,age_4554,Female,11,49.227761648
2037,Other,age_4554,Female,12,44.322857111
2037,NHW,age_4554,Male,13,32.666709241
2037,NHB,age_4554,Male,14,19.273631495
2037,HIS,age_4554,Male,15,22.815642531
2037,Other,age_4554,Male,16,24.740072985
2037,NHW,age_5564,Female,17,45.41153482
2037,NHB,age_5564,Female,18,47.837480902
2037,HIS,age_5564,Female,19,49.227761147
2037,Other,age_5564,Female,20,44.32285768
2037,NHW,age_5564,Male,21,32.666709146
2037,NHB,age_5564,Male,22,19.273631098
2037,HIS,age_5564,Male,23,22.815643153
2037,Other,age_5564,Male,24,24.740073314
2037,NHW,age_65+,Female,25,45.411534938
2037,NHB,age_65+,Female,26,47.837481342
2037,HIS,age_65+,Female,27,49.227756456
2037,Other,age_65+,Female,28,44.322858324
2037,NHW,age_65+,Male,29,32.666709424
2037,NHB,age_65+,Male,30,19.273630758
2037,HIS,age_65+,Male,31,22.815645144
2037,Other,age_65+,Male,32,24.740076396
2038,NHW,age_2044,Female,1,66.713212872
2038,NHB,age_2044,Female,2,44.097191683
2038,HIS,age_2044,Female,3,70.338187311
2038,Other,age_2044,Female,4,78.97290914
2038,NHW,age_2044,Male,5,25.642984893
2038,NHB,age_2044,Male,6,10.856545994
2038,HIS,age_2044,Male,7,16.373345673
2038,Other,age_2044,Male,8,29.942543231
2038,NHW,age_4554,Female,9,45.411534898
2038,NHB,age_4554,Female,10,47.83748055
2038,HIS,age_4554,Female,11,49.227761126
2038,Other,age_4554,Female,12,44.322857019
2038,NHW,age_4554,Male,13,32.666709254
2038,NHB,age_4554,Male,14,19.273630259
2038,HIS,age_4554,Male,15,22.815641713
2038,Other,age_4554,Male,16,24.740073357
2038,NHW,age_5564,Female,17,45.41153484
2038,NHB,age_5564,Female,18,47.837480568
2038,HIS,age_5564,Female,19,49.227761661
2038,Other,age_5564,Female,20,44.322856349
2038,NHW,age_5564,Male,21,32.66670925
2038,NHB,age_5564,Male,22,19.273630325
2038,HIS,age_5564,Male,23,22.815643169
2038,Other,age_5564,Male,24,24.74007203
2038,NHW,age_65+,Female,25,45.411535025
2038,NHB,age_65+,Female,26,47.83748236
2038,HIS,age_65+,Female,27,49.227760221
2038,Other,age_65+,Female,28,44.32285919
2038,NHW,age_65+,Male,29,32.666709874
2038,NHB,age_65+,Male,30,19.273635548
2038,HIS,age_65+,Male,31,22.815643602
2038,Other,age_65+,Male,32,24.74007555
2039,NHW,age_2044,Female,1,66.524788295
2039,NHB,age_2044,Female,2,45.155239749
2039,HIS,age_2044,Female,3,71.021460458
2039,Other,age_2044,Female,4,79.060303884
2039,NHW,age_2044,Male,5,26.315805712
2039,NHB,age_2044,Male,6,11.448663776
2039,HIS,age_2044,Male,7,16.940121746
2039,Other,age_2044,Male,8,30.368266535
2039,NHW,age_4554,Female,9,45.411534855
2039,NHB,age_4554,Female,10,47.837481567
2039,HIS,age_4554,Female,11,49.22776156
2039,Other,age_4554,Female,12,44.322856012
2039,NHW,age_4554,Male,13,32.666709227
2039,NHB,age_4554,Male,14,19.273631645
2039,HIS,age_4554,Male,15,22.81564242
2039,Other,age_4554,Male,16,24.740072363
2039,NHW,age_5564,Female,17,45.411534832
2039,NHB,age_5564,Female,18,47.837481416
2039,HIS,age_5564,Female,19,49.22776086
2039,Other,age_5564,Female,20,44.322858199
2039,NHW,age_5564,Male,21,32.66670897
2039,NHB,age_5564,Male,22,19.273629962
2039,HIS,age_5564,Male,23,22.815642466
2039,Other,age_5564,Male,24,24.74007078
2039,NHW,age_65+,Female,25,45.411534314
2039,NHB,age_65+,Female,26,47.837479556
2039,HIS,age_65+,Female,27,49.227763816
2039,Other,age_65+,Female,28,44.322857264
2039,NHW,age_65+,Male,29,32.66670913
2039,NHB,age_65+,Male,30,19.273621513
2039,HIS,age_65+,Male,31,22.815638586
2039,Other,age_65+,Male,32,24.740071168
2040,NHW,age_2044,Female,1,66.302852635
2040,NHB,age_2044,Female,2,46.18565814
2040,HIS,age_2044,Female,3,71.694211134
2040,Other,age_2044,Female,4,79.139866994
2040,NHW,age_2044,Male,5,26.99365031
2040,NHB,age_2044,Male,6,12.041997339
2040,HIS,age_2044,Male,7,17.521497482
2040,Other,age_2044,Male,8,30.778398597
2040,NHW,age_4554,Female,9,45.411534877
2040,NHB,age_4554,Female,10,47.837481351
2040,HIS,age_4554,Female,11,49.227761789
2040,Other,age_4554,Female,12,44.322857472
2040,NHW,age_4554,Male,13,32.666709258
2040,NHB,age_4554,Male,14,19.27363032
2040,HIS,age_4554,Male,15,22.81564233
2040,Other,age_4554,Male,16,24.740071144
2040,NHW,age_5564,Female,17,45.411534802
2040,NHB,age_5564,Female,18,47.837481616
2040,HIS,age_5564,Female,19,49.22776089
2040,Other,age_5564,Female,20,44.322857407
2040,NHW,age_5564,Male,21,32.666709092
2040,NHB,age_5564,Male,22,19.273630554
2040,HIS,age_5564,Male,23,22.815641842
2040,Other,age_5564,Male,24,24.740073912
2040,NHW,age_65+,Female,25,45.41153507
2040,NHB,age_65+,Female,26,47.837482064
2040,HIS,age_65+,Female,27,49.227762534
2040,Other,age_65+,Female,28,44.322859957
2040,NHW,age_65+,Male,29,32.666709519
2040,NHB,age_65+,Male,30,19.273627484
2040,HIS,age_65+,Male,31,22.815638241
2040,Other,age_65+,Male,32,24.740066329
2041,NHW,age_2044,Female,1,66.104187578
2041,NHB,age_2044,Female,2,47.191634187
2041,HIS,age_2044,Female,3,72.38665624
2041,Other,age_2044,Female,4,79.26531329
2041,NHW,age_2044,Male,5,27.661374327
2041,NHB,age_2044,Male,6,12.620133214
2041,HIS,age_2044,Male,7,18.107723498
2041,Other,age_2044,Male,8,31.194599128
2041,NHW,age_4554,Female,9,45.411534827
2041,NHB,age_4554,Female,10,47.837480888
2041,HIS,age_4554,Female,11,49.227761615
2041,Other,age_4554,Female,12,44.322855719
2041,NHW,age_4554,Male,13,32.66670929
2041,NHB,age_4554,Male,14,19.273630329
2041,HIS,age_4554,Male,15,22.815643298
2041,Other,age_4554,Male,16,24.740074178
2041,NHW,age_5564,Female,17,45.411534833
2041,NHB,age_5564,Female,18,47.837481639
2041,HIS,age_5564,Female,19,49.227762814
2041,Other,age_5564,Female,20,44.322855934
2041,NHW,age_5564,Male,21,32.666709245
2041,NHB,age_5564,Male,22,19.273631831
2041,HIS,age_5564,Male,23,22.815641152
2041,Other,age_5564,Male,24,24.740074074
2041,NHW,age_65+,Female,25,45.411535094
2041,NHB,age_65+,Female,26,47.837479718
2041,HIS,age_65+,Female,27,49.227760562
2041,Other,age_65+,Female,28,44.322854245
2041,NHW,age_65+,Male,29,32.666709432
2041,NHB,age_65+,Male,30,19.273629675
2041,HIS,age_65+,Male,31,22.81563951
2041,Other,age_65+,Male,32,24.740074901
2042,NHW,age_2044,Female,1,65.877763427
2042,NHB,age_2044,Female,2,48.204577129
2042,HIS,age_2044,Female,3,73.094326123
2042,Other,age_2044,Female,4,79.389401023
2042,NHW,age_2044,Male,5,28.331478723
2042,NHB,age_2044,Male,6,13.211618983
2042,HIS,age_2044,Male,7,18.706268605
2042,Other,age_2044,Male,8,31.609528518
2042,NHW,age_4554,Female,9,45.411534941
2042,NHB,age_4554,Female,10,47.83748116
2042,HIS,age_4554,Female,11,49.22776166
2042,Other,age_4554,Female,12,44.322855811
2042,NHW,age_4554,Male,13,32.666709295
2042,NHB,age_4554,Male,14,19.273630247
2042,HIS,age_4554,Male,15,22.815642526
2042,Other,age_4554,Male,16,24.740073015
2042,NHW,age_5564,Female,17,45.411534941
2042,NHB,age_5564,Female,18,47.83748107
2042,HIS,age_5564,Female,19,49.227761126
2042,Other,age_5564,Female,20,44.322858101
2042,NHW,age_5564,Male,21,32.666709229
2042,NHB,age_5564,Male,22,19.273631352
2042,HIS,age_5564,Male,23,22.815641349
2042,Other,age_5564,Male,24,24.740071699
2042,NHW,age_65+,Female,25,45.411534293
2042,NHB,age_65+,Female,26,47.837480459
2042,HIS,age_65+,Female,27,49.227766118
2042,Other,age_65+,Female,28,44.322851419
2042,NHW,age_65+,Male,29,32.666708736
2042,NHB,age_65+,Male,30,19.273638576
2042,HIS,age_65+,Male,31,22.815636537
2042,Other,age_65+,Male,32,24.740093567
2043,NHW,age_2044,Female,1,64.883114288
2043,NHB,age_2044,Female,2,48.308196687
2043,HIS,age_2044,Female,3,72.097339741
2043,Other,age_2044,Female,4,78.166508124
2043,NHW,age_2044,Male,5,28.577630531
2043,NHB,age_2044,Male,6,13.487554131
2043,HIS,age_2044,Male,7,18.924012849
2043,Other,age_2044,Male,8,31.14468749
2043,NHW,age_4554,Female,9,45.411534827
2043,NHB,age_4554,Female,10,47.837480848
2043,HIS,age_4554,Female,11,49.227761411
2043,Other,age_4554,Female,12,44.322857327
2043,NHW,age_4554,Male,13,32.666709108
2043,NHB,age_4554,Male,14,19.273630828
2043,HIS,age_4554,Male,15,22.815641607
2043,Other,age_4554,Male,16,24.740074065
2043,NHW,age_5564,Female,17,45.411534942
2043,NHB,age_5564,Female,18,47.837480458
2043,HIS,age_5564,Female,19,49.227760976
2043,Other,age_5564,Female,20,44.322858101
2043,NHW,age_5564,Male,21,32.666709134
2043,NHB,age_5564,Male,22,19.273629906
2043,HIS,age_5564,Male,23,22.815643049
2043,Other,age_5564,Male,24,24.740074022
2043,NHW,age_65+,Female,25,45.411535105
2043,NHB,age_65+,Female,26,47.83748143
2043,HIS,age_65+,Female,27,49.227764437
2043,Other,age_65+,Female,28,44.322855723
2043,NHW,age_65+,Male,29,32.666709643
2043,NHB,age_65+,Male,30,19.273633088
2043,HIS,age_65+,Male,31,22.815639834
2043,Other,age_65+,Male,32,24.740077579
2044,NHW,age_2044,Female,1,63.868767633
2044,NHB,age_2044,Female,2,48.422922066
2044,HIS,age_2044,Female,3,71.091125496
2044,Other,age_2044,Female,4,76.908446189
2044,NHW,age_2044,Male,5,28.830165513
2044,NHB,age_2044,Male,6,13.779580606
2044,HIS,age_2044,Male,7,19.14579875
2044,Other,age_2044,Male,8,30.658483877
2044,NHW,age_4554,Female,9,45.411534985
2044,NHB,age_4554,Female,10,47.83748114
2044,HIS,age_4554,Female,11,49.227761251
2044,Other,age_4554,Female,12,44.322856809
2044,NHW,age_4554,Male,13,32.666709308
2044,NHB,age_4554,Male,14,19.273630263
2044,HIS,age_4554,Male,15,22.815643251
2044,Other,age_4554,Male,16,24.740073185
2044,NHW,age_5564,Female,17,45.411534776
2044,NHB,age_5564,Female,18,47.837480626
2044,HIS,age_5564,Female,19,49.227761595
2044,Other,age_5564,Female,20,44.322855687
2044,NHW,age_5564,Male,21,32.666709401
2044,NHB,age_5564,Male,22,19.273632826
2044,HIS,age_5564,Male,23,22.815643151
2044,Other,age_5564,Male,24,24.740075333
2044,NHW,age_65+,Female,25,45.411534677
2044,NHB,age_65+,Female,26,47.837481442
2044,HIS,age_65+,Female,27,49.227762235
2044,Other,age_65+,Female,28,44.322864743
2044,NHW,age_65+,Male,29,32.666709584
2044,NHB,age_65+,Male,30,19.273637014
2044,HIS,age_65+,Male,31,22.815640877
2044,Other,age_65+,Male,32,24.740072102
2045,NHW,age_2044,Female,1,62.797271275
2045,NHB,age_2044,Female,2,48.545893199
2045,HIS,age_2044,Female,3,70.017569756
2045,Other,age_2044,Female,4,75.579539431
2045,NHW,age_2044,Male,5,29.096462196
2045,NHB,age_2044,Male,6,14.096956624
2045,HIS,age_2044,Male,7,19.385101772
2045,Other,age_2044,Male,8,30.154226848
2045,NHW,age_4554,Female,9,45.411534772
2045,NHB,age_4554,Female,10,47.83748142
2045,HIS,age_4554,Female,11,49.227761722
2045,Other,age_4554,Female,12,44.322857404
2045,NHW,age_4554,Male,13,32.666709004
2045,NHB,age_4554,Male,14,19.273630567
2045,HIS,age_4554,Male,15,22.815642214
2045,Other,age_4554,Male,16,24.740072896
2045,NHW,age_5564,Female,17,45.411534746
2045,NHB,age_5564,Female,18,47.837481828
2045,HIS,age_5564,Female,19,49.227761485
2045,Other,age_5564,Female,20,44.322857666
2045,NHW,age_5564,Male,21,32.666709068
2045,NHB,age_5564,Male,22,19.273632535
2045,HIS,age_5564,Male,23,22.815643986
2045,Other,age_5564,Male,24,24.740070844
2045,NHW,age_65+,Female,25,45.411535215
2045,NHB,age_65+,Female,26,47.837488754
2045,HIS,age_65+,Female,27,49.227757239
2045,Other,age_65+,Female,28,44.322853679
2045,NHW,age_65+,Male,29,32.666709224
2045,NHB,age_65+,Male,30,19.273626111
2045,HIS,age_65+,Male,31,22.81565839
2045,Other,age_65+,Male,32,24.740092215
2046,NHW,age_2044,Female,1,61.732119737
2046,NHB,age_2044,Female,2,48.677710515
2046,HIS,age_2044,Female,3,68.952354543
2046,Other,age_2044,Female,4,74.256624362
2046,NHW,age_2044,Male,5,29.362046423
2046,NHB,age_2044,Male,6,14.412287759
2046,HIS,age_2044,Male,7,19.625369349
2046,Other,age_2044,Male,8,29.642984494
2046,NHW,age_4554,Female,9,45.411534783
2046,NHB,age_4554,Female,10,47.837480173
2046,HIS,age_4554,Female,11,49.227761291
2046,Other,age_4554,Female,12,44.322856956
2046,NHW,age_4554,Male,13,32.666709151
2046,NHB,age_4554,Male,14,19.273630836
2046,HIS,age_4554,Male,15,22.815642301
2046,Other,age_4554,Male,16,24.740071967
2046,NHW,age_5564,Female,17,45.411534643
2046,NHB,age_5564,Female,18,47.837481635
2046,HIS,age_5564,Female,19,49.227761595
2046,Other,age_5564,Female,20,44.322857121
2046,NHW,age_5564,Male,21,32.666709235
2046,NHB,age_5564,Male,22,19.273631133
2046,HIS,age_5564,Male,23,22.815641882
2046,Other,age_5564,Male,24,24.740072514
2046,NHW,age_65+,Female,25,45.411535098
2046,NHB,age_65+,Female,26,47.837484328
2046,HIS,age_65+,Female,27,49.22775546
2046,Other,age_65+,Female,28,44.322862539
2046,NHW,age_65+,Male,29,32.66670937
2046,NHB,age_65+,Male,30,19.273624508
2046,HIS,age_65+,Male,31,22.815625888
2046,Other,age_65+,Male,32,24.740067355
2047,NHW,age_2044,Female,1,60.663332159
2047,NHB,age_2044,Female,2,48.80706026
2047,HIS,age_2044,Female,3,67.866219309
2047,Other,age_2044,Female,4,72.875629491
2047,NHW,age_2044,Male,5,29.628041392
2047,NHB,age_2044,Male,6,14.732945788
2047,HIS,age_2044,Male,7,19.872629111
2047,Other,age_2044,Male,8,29.127146328
2047,NHW,age_4554,Female,9,45.411534911
2047,NHB,age_4554,Female,10,47.837481213
2047,HIS,age_4554,Female,11,49.22776118
2047,Other,age_4554,Female,12,44.322856629
2047,NHW,age_4554,Male,13,32.6667093
2047,NHB,age_4554,Male,14,19.273630525
2047,HIS,age_4554,Male,15,22.815642987
2047,Other,age_4554,Male,16,24.740072957
2047,NHW,age_5564,Female,17,45.411534858
2047,NHB,age_5564,Female,18,47.837480234
2047,HIS,age_5564,Female,19,49.227760921
2047,Other,age_5564,Female,20,44.322855753
2047,NHW,age_5564,Male,21,32.666709279
2047,NHB,age_5564,Male,22,19.273631959
2047,HIS,age_5564,Male,23,22.815641829
2047,Other,age_5564,Male,24,24.740071582
2047,NHW,age_65+,Female,25,45.411533924
2047,NHB,age_65+,Female,26,47.837485054
2047,HIS,age_65+,Female,27,49.227757609
2047,Other,age_65+,Female,28,44.322853444
2047,NHW,age_65+,Male,29,32.666708928
2047,NHB,age_65+,Male,30,19.273613474
2047,HIS,age_65+,Male,31,22.815632786
2047,Other,age_65+,Male,32,24.740055282
2048,NHW,age_2044,Female,1,59.595659448
2048,NHB,age_2044,Female,2,48.933918004
2048,HIS,age_2044,Female,3,66.777744522
2048,Other,age_2044,Female,4,71.469468484
2048,NHW,age_2044,Male,5,29.893192765
2048,NHB,age_2044,Male,6,15.056860696
2048,HIS,age_2044,Male,7,20.123235793
2048,Other,age_2044,Male,8,28.608967266
2048,NHW,age_4554,Female,9,45.411534805
2048,NHB,age_4554,Female,10,47.837481775
2048,HIS,age_4554,Female,11,49.227761399
2048,Other,age_4554,Female,12,44.322856945
2048,NHW,age_4554,Male,13,32.666709167
2048,NHB,age_4554,Male,14,19.273631063
2048,HIS,age_4554,Male,15,22.815642623
2048,Other,age_4554,Male,16,24.740073749
2048,NHW,age_5564,Female,17,45.411534726
2048,NHB,age_5564,Female,18,47.837482606
2048,HIS,age_5564,Female,19,49.227761796
2048,Other,age_5564,Female,20,44.322851425
2048,NHW,age_5564,Male,21,32.666709173
2048,NHB,age_5564,Male,22,19.273632581
2048,HIS,age_5564,Male,23,22.815643074
2048,Other,age_5564,Male,24,24.740069922
2048,NHW,age_65+,Female,25,45.411534124
2048,NHB,age_65+,Female,26,47.83747297
2048,HIS,age_65+,Female,27,49.227758549
2048,Other,age_65+,Female,28,44.32285688
2048,NHW,age_65+,Male,29,32.666709202
2048,NHB,age_65+,Male,30,19.273624348
2048,HIS,age_65+,Male,31,22.815620055
2048,Other,age_65+,Male,32,24.740094186
2049,NHW,age_2044,Female,1,58.541033962
2049,NHB,age_2044,Female,2,49.059091615
2049,HIS,age_2044,Female,3,65.695332243
2049,Other,age_2044,Female,4,70.053544615
2049,NHW,age_2044,Male,5,30.156799317
2049,NHB,age_2044,Male,6,15.379859952
2049,HIS,age_2044,Male,7,20.376587423
2049,Other,age_2044,Male,8,28.083358593
2049,NHW,age_4554,Female,9,45.41153473
2049,NHB,age_4554,Female,10,47.837481047
2049,HIS,age_4554,Female,11,49.227761581
2049,Other,age_4554,Female,12,44.322855625
2049,NHW,age_4554,Male,13,32.666709179
2049,NHB,age_4554,Male,14,19.273631539
2049,HIS,age_4554,Male,15,22.815642461
2049,Other,age_4554,Male,16,24.740072243
2049,NHW,age_5564,Female,17,45.411534703
2049,NHB,age_5564,Female,18,47.837480884
2049,HIS,age_5564,Female,19,49.22776053
2049,Other,age_5564,Female,20,44.322858077
2049,NHW,age_5564,Male,21,32.666709174
2049,NHB,age_5564,Male,22,19.273629128
2049,HIS,age_5564,Male,23,22.815643974
2049,Other,age_5564,Male,24,24.740074609
2049,NHW,age_65+,Female,25,45.41153498
2049,NHB,age_65+,Female,26,47.837479473
2049,HIS,age_65+,Female,27,49.227765799
2049,Other,age_65+,Female,28,44.322856271
2049,NHW,age_65+,Male,29,32.666708176
2049,NHB,age_65+,Male,30,19.27365503
2049,HIS,age_65+,Male,31,22.815645954
2049,Other,age_65+,Male,32,24.740070982
2050,NHW,age_2044,Female,1,57.454383494
2050,NHB,age_2044,Female,2,49.172210974
2050,HIS,age_2044,Female,3,64.581155944
2050,Other,age_2044,Female,4,68.59598718
2050,NHW,age_2044,Male,5,30.426748525
2050,NHB,age_2044,Male,6,15.7128109
2050,HIS,age_2044,Male,7,20.638615028
2050,Other,age_2044,Male,8,27.552887763
2050,NHW,age_4554,Female,9,45.411534958
2050,NHB,age_4554,Female,10,47.837481954
2050,HIS,age_4554,Female,11,49.227762015
2050,Other,age_4554,Female,12,44.322856794
2050,NHW,age_4554,Male,13,32.66670917
2050,NHB,age_4554,Male,14,19.273630932
2050,HIS,age_4554,Male,15,22.815642391
2050,Other,age_4554,Male,16,24.740071274
2050,NHW,age_5564,Female,17,45.411534968
2050,NHB,age_5564,Female,18,47.83748236
2050,HIS,age_5564,Female,19,49.227760657
2050,Other,age_5564,Female,20,44.322855655
2050,NHW,age_5564,Male,21,32.666709041
2050,NHB,age_5564,Male,22,19.273626627
2050,HIS,age_5564,Male,23,22.815640683
2050,Other,age_5564,Male,24,24.740073619
2050,NHW,age_65+,Female,25,45.411533491
2050,NHB,age_65+,Female,26,47.837476987
2050,HIS,age_65+,Female,27,49.2277651
2050,Other,age_65+,Female,28,44.322868832
2050,NHW,age_65+,Male,29,32.666707963
2050,NHB,age_65+,Male,30,19.27362188
2050,HIS,age_65+,Male,31,22.815661581
2050,Other,age_65+,Male,32,24.740083844
2051,NHW,age_2044,Female,1,56.37447223
2051,NHB,age_2044,Female,2,49.278665473
2051,HIS,age_2044,Female,3,63.459848596
2051,Other,age_2044,Female,4,67.133106775
2051,NHW,age_2044,Male,5,30.696679482
2051,NHB,age_2044,Male,6,16.046586393
2051,HIS,age_2044,Male,7,20.905254548
2051,Other,age_2044,Male,8,27.013171667
2051,NHW,age_4554,Female,9,45.411534715
2051,NHB,age_4554,Female,10,47.83748153
2051,HIS,age_4554,Female,11,49.227761852
2051,Other,age_4554,Female,12,44.322856592
2051,NHW,age_4554,Male,13,32.666709032
2051,NHB,age_4554,Male,14,19.273629867
2051,HIS,age_4554,Male,15,22.815642545
2051,Other,age_4554,Male,16,24.740073035
2051,NHW,age_5564,Female,17,45.411534574
2051,NHB,age_5564,Female,18,47.837481538
2051,HIS,age_5564,Female,19,49.227761025
2051,Other,age_5564,Female,20,44.322853895
2051,NHW,age_5564,Male,21,32.666709411
2051,NHB,age_5564,Male,22,19.273624577
2051,HIS,age_5564,Male,23,22.81563751
2051,Other,age_5564,Male,24,24.740062137
2051,NHW,age_65+,Female,25,45.411533405
2051,NHB,age_65+,Female,26,47.837472163
2051,HIS,age_65+,Female,27,49.227758621
2051,Other,age_65+,Female,28,44.32285273
2051,NHW,age_65+,Male,29,32.666713494
2051,NHB,age_65+,Male,30,19.273584321
2051,HIS,age_65+,Male,31,22.815594445
2051,Other,age_65+,Male,32,24.740043186
2052,NHW,age_2044,Female,1,55.296422447
2052,NHB,age_2044,Female,2,49.385802632
2052,HIS,age_2044,Female,3,62.325406802
2052,Other,age_2044,Female,4,65.641638725
2052,NHW,age_2044,Male,5,30.967796008
2052,NHB,age_2044,Male,6,16.391820385
2052,HIS,age_2044,Male,7,21.178005217
2052,Other,age_2044,Male,8,26.46421253
2052,NHW,age_4554,Female,9,45.411534957
2052,NHB,age_4554,Female,10,47.837481765
2052,HIS,age_4554,Female,11,49.227761639
2052,Other,age_4554,Female,12,44.322857347
2052,NHW,age_4554,Male,13,32.666709181
2052,NHB,age_4554,Male,14,19.273630157
2052,HIS,age_4554,Male,15,22.815643557
2052,Other,age_4554,Male,16,24.74007541
2052,NHW,age_5564,Female,17,45.411534703
2052,NHB,age_5564,Female,18,47.837483107
2052,HIS,age_5564,Female,19,49.227761559
2052,Other,age_5564,Female,20,44.32285255
2052,NHW,age_5564,Male,21,32.666709266
2052,NHB,age_5564,Male,22,19.27363261
2052,HIS,age_5564,Male,23,22.815646166
2052,Other,age_5564,Male,24,24.740072691
2052,NHW,age_65+,Female,25,45.411535718
2052,NHB,age_65+,Female,26,47.837490646
2052,HIS,age_65+,Female,27,49.227768105
2052,Other,age_65+,Female,28,44.322841673
2052,NHW,age_65+,Male,29,32.666714132
2052,NHB,age_65+,Male,30,19.273612835
2052,HIS,age_65+,Male,31,22.815649483
2052,Other,age_65+,Male,32,24.740064042
2053,NHW,age_2044,Female,1,54.368274814
2053,NHB,age_2044,Female,2,49.253634966
2053,HIS,age_2044,Female,3,61.231643151
2053,Other,age_2044,Female,4,63.755674713
2053,NHW,age_2044,Male,5,31.119635495
2053,NHB,age_2044,Male,6,16.61988296
2053,HIS,age_2044,Male,7,21.310798672
2053,Other,age_2044,Male,8,26.31781479
2053,NHW,age_4554,Female,9,45.411535022
2053,NHB,age_4554,Female,10,47.837481641
2053,HIS,age_4554,Female,11,49.227762001
2053,Other,age_4554,Female,12,44.322857654
2053,NHW,age_4554,Male,13,32.666708891
2053,NHB,age_4554,Male,14,19.273629031
2053,HIS,age_4554,Male,15,22.815643131
2053,Other,age_4554,Male,16,24.740072637
2053,NHW,age_5564,Female,17,45.41153514
2053,NHB,age_5564,Female,18,47.837480337
2053,HIS,age_5564,Female,19,49.227761954
2053,Other,age_5564,Female,20,44.322863951
2053,NHW,age_5564,Male,21,32.666708805
2053,NHB,age_5564,Male,22,19.273630645
2053,HIS,age_5564,Male,23,22.815642402
2053,Other,age_5564,Male,24,24.740071307
2053,NHW,age_65+,Female,25,0
2053,NHB,age_65+,Female,26,0
2053,HIS,age_65+,Female,27,0
2053,Other,age_65+,Female,28,0
2053,NHW,age_65+,Male,29,0
2053,NHB,age_65+,Male,30,0
2053,HIS,age_65+,Male,31,0
2053,Other,age_65+,Male,32,0
2054,NHW,age_2044,Female,1,53.416018397
2054,NHB,age_2044,Female,2,49.111001432
2054,HIS,age_2044,Female,3,60.103489866
2054,Other,age_2044,Female,4,61.785825286
2054,NHW,age_2044,Male,5,31.277151789
2054,NHB,age_2044,Male,6,16.869858318
2054,HIS,age_2044,Male,7,21.447770057
2054,Other,age_2044,Male,8,26.162960494
2054,NHW,age_4554,Female,9,45.411534776
2054,NHB,age_4554,Female,10,47.837480541
2054,HIS,age_4554,Female,11,49.227761547
2054,Other,age_4554,Female,12,44.322856626
2054,NHW,age_4554,Male,13,32.66670957
2054,NHB,age_4554,Male,14,19.273631863
2054,HIS,age_4554,Male,15,22.815642543
2054,Other,age_4554,Male,16,24.740073381
2054,NHW,age_5564,Female,17,45.411534809
2054,NHB,age_5564,Female,18,47.837482841
2054,HIS,age_5564,Female,19,49.227760118
2054,Other,age_5564,Female,20,44.322852844
2054,NHW,age_5564,Male,21,32.666709335
2054,NHB,age_5564,Male,22,19.273628008
2054,HIS,age_5564,Male,23,22.815647545
2054,Other,age_5564,Male,24,24.740058723
2054,NHW,age_65+,Female,25,0
2054,NHB,age_65+,Female,26,0
2054,HIS,age_65+,Female,27,0
2054,Other,age_65+,Female,28,0
2054,NHW,age_65+,Male,29,0
2054,NHB,age_65+,Male,30,0
2054,HIS,age_65+,Male,31,0
2054,Other,age_65+,Male,32,0
2055,NHW,age_2044,Female,1,52.417539113
2055,NHB,age_2044,Female,2,48.957212593
2055,HIS,age_2044,Female,3,58.896843451
2055,Other,age_2044,Female,4,59.753402988
2055,NHW,age_2044,Male,5,31.443058626
2055,NHB,age_2044,Male,6,17.145347448
2055,HIS,age_2044,Male,7,21.594990706
2055,Other,age_2044,Male,8,26.001479502
2055,NHW,age_4554,Female,9,45.411534635
2055,NHB,age_4554,Female,10,47.837481666
2055,HIS,age_4554,Female,11,49.22776134
2055,Other,age_4554,Female,12,44.322856629
2055,NHW,age_4554,Male,13,32.666709043
2055,NHB,age_4554,Male,14,19.27363017
2055,HIS,age_4554,Male,15,22.815643547
2055,Other,age_4554,Male,16,24.740071834
2055,NHW,age_5564,Female,17,45.411534169
2055,NHB,age_5564,Female,18,47.837481706
2055,HIS,age_5564,Female,19,49.227759247
2055,Other,age_5564,Female,20,44.322858053
2055,NHW,age_5564,Male,21,32.666708782
2055,NHB,age_5564,Male,22,19.273634604
2055,HIS,age_5564,Male,23,22.815650136
2055,Other,age_5564,Male,24,24.740079933
2055,NHW,age_65+,Female,25,0
2055,NHB,age_65+,Female,26,0
2055,HIS,age_65+,Female,27,0
2055,Other,age_65+,Female,28,0
2055,NHW,age_65+,Male,29,0
2055,NHB,age_65+,Male,30,0
2055,HIS,age_65+,Male,31,0
2055,Other,age_65+,Male,32,0
2056,NHW,age_2044,Female,1,51.411542147
2056,NHB,age_2044,Female,2,48.798793185
2056,HIS,age_2044,Female,3,57.641776826
2056,Other,age_2044,Female,4,57.680990185
2056,NHW,age_2044,Male,5,31.612095047
2056,NHB,age_2044,Male,6,17.435158616
2056,HIS,age_2044,Male,7,21.748423179
2056,Other,age_2044,Male,8,25.834594431
2056,NHW,age_4554,Female,9,45.411534687
2056,NHB,age_4554,Female,10,47.837481911
2056,HIS,age_4554,Female,11,49.227762003
2056,Other,age_4554,Female,12,44.322856684
2056,NHW,age_4554,Male,13,32.666709408
2056,NHB,age_4554,Male,14,19.273630486
2056,HIS,age_4554,Male,15,22.815642753
2056,Other,age_4554,Male,16,24.740071108
2056,NHW,age_5564,Female,17,45.411534449
2056,NHB,age_5564,Female,18,47.837480238
2056,HIS,age_5564,Female,19,49.227763467
2056,Other,age_5564,Female,20,44.322865947
2056,NHW,age_5564,Male,21,32.66670874
2056,NHB,age_5564,Male,22,19.273628267
2056,HIS,age_5564,Male,23,22.815645304
2056,Other,age_5564,Male,24,24.740083107
2056,NHW,age_65+,Female,25,0
2056,NHB,age_65+,Female,26,0
2056,HIS,age_65+,Female,27,0
2056,Other,age_65+,Female,28,0
2056,NHW,age_65+,Male,29,0
2056,NHB,age_65+,Male,30,0
2056,HIS,age_65+,Male,31,0
2056,Other,age_65+,Male,32,0
2057,NHW,age_2044,Female,1,50.422688498
2057,NHB,age_2044,Female,2,48.639499504
2057,HIS,age_2044,Female,3,56.33863609
2057,Other,age_2044,Female,4,55.600716801
2057,NHW,age_2044,Male,5,31.781593033
2057,NHB,age_2044,Male,6,17.733454077
2057,HIS,age_2044,Male,7,21.909013761
2057,Other,age_2044,Male,8,25.665766947
2057,NHW,age_4554,Female,9,45.411534502
2057,NHB,age_4554,Female,10,47.837482181
2057,HIS,age_4554,Female,11,49.227761486
2057,Other,age_4554,Female,12,44.322856455
2057,NHW,age_4554,Male,13,32.666709083
2057,NHB,age_4554,Male,14,19.273631804
2057,HIS,age_4554,Male,15,22.815642736
2057,Other,age_4554,Male,16,24.740073183
2057,NHW,age_5564,Female,17,45.411534824
2057,NHB,age_5564,Female,18,47.837482273
2057,HIS,age_5564,Female,19,49.22775641
2057,Other,age_5564,Female,20,44.322859684
2057,NHW,age_5564,Male,21,32.666708568
2057,NHB,age_5564,Male,22,19.27364141
2057,HIS,age_5564,Male,23,22.815652803
2057,Other,age_5564,Male,24,24.7400685
2057,NHW,age_65+,Female,25,0
2057,NHB,age_65+,Female,26,0
2057,HIS,age_65+,Female,27,0
2057,Other,age_65+,Female,28,0
2057,NHW,age_65+,Male,29,0
2057,NHB,age_65+,Male,30,0
2057,HIS,age_65+,Male,31,0
2057,Other,age_65+,Male,32,0
2058,NHW,age_2044,Female,1,49.446924923
2058,NHB,age_2044,Female,2,48.479720275
2058,HIS,age_2044,Female,3,55.012618453
2058,Other,age_2044,Female,4,53.486604571
2058,NHW,age_2044,Male,5,31.951266845
2058,NHB,age_2044,Male,6,18.037531768
2058,HIS,age_2044,Male,7,22.074484873
2058,Other,age_2044,Male,8,25.493792196
2058,NHW,age_4554,Female,9,45.411535035
2058,NHB,age_4554,Female,10,47.837481049
2058,HIS,age_4554,Female,11,49.22776183
2058,Other,age_4554,Female,12,44.322856532
2058,NHW,age_4554,Male,13,32.666709183
2058,NHB,age_4554,Male,14,19.273631923
2058,HIS,age_4554,Male,15,22.81564149
2058,Other,age_4554,Male,16,24.740070008
2058,NHW,age_5564,Female,17,45.411535321
2058,NHB,age_5564,Female,18,47.837479401
2058,HIS,age_5564,Female,19,49.227758866
2058,Other,age_5564,Female,20,44.322859515
2058,NHW,age_5564,Male,21,32.666710834
2058,NHB,age_5564,Male,22,19.273624453
2058,HIS,age_5564,Male,23,22.815649761
2058,Other,age_5564,Male,24,24.740035338
2058,NHW,age_65+,Female,25,0
2058,NHB,age_65+,Female,26,0
2058,HIS,age_65+,Female,27,0
2058,Other,age_65+,Female,28,0
2058,NHW,age_65+,Male,29,0
2058,NHB,age_65+,Male,30,0
2058,HIS,age_65+,Male,31,0
2058,Other,age_65+,Male,32,0
2059,NHW,age_2044,Female,1,48.462218291
2059,NHB,age_2044,Female,2,48.319113235
2059,HIS,age_2044,Female,3,53.639409553
2059,Other,age_2044,Female,4,51.317841384
2059,NHW,age_2044,Male,5,32.123775019
2059,NHB,age_2044,Male,6,18.343829948
2059,HIS,age_2044,Male,7,22.246827194
2059,Other,age_2044,Male,8,25.315729506
2059,NHW,age_4554,Female,9,45.411534799
2059,NHB,age_4554,Female,10,47.837481419
2059,HIS,age_4554,Female,11,49.227761296
2059,Other,age_4554,Female,12,44.32285835
2059,NHW,age_4554,Male,13,32.666709213
2059,NHB,age_4554,Male,14,19.273629642
2059,HIS,age_4554,Male,15,22.815640675
2059,Other,age_4554,Male,16,24.740073473
2059,NHW,age_5564,Female,17,45.411533632
2059,NHB,age_5564,Female,18,47.837478188
2059,HIS,age_5564,Female,19,49.227765216
2059,Other,age_5564,Female,20,44.32285009
2059,NHW,age_5564,Male,21,32.666707087
2059,NHB,age_5564,Male,22,19.273624147
2059,HIS,age_5564,Male,23,22.815634496
2059,Other,age_5564,Male,24,24.7400616
2059,NHW,age_65+,Female,25,0
2059,NHB,age_65+,Female,26,0
2059,HIS,age_65+,Female,27,0
2059,Other,age_65+,Female,28,0
2059,NHW,age_65+,Male,29,0
2059,NHB,age_65+,Male,30,0
2059,HIS,age_65+,Male,31,0
2059,Other,age_65+,Male,32,0
2060,NHW,age_2044,Female,1,47.465434204
2060,NHB,age_2044,Female,2,48.160217118
2060,HIS,age_2044,Female,3,52.222529655
2060,Other,age_2044,Female,4,49.081653438
2060,NHW,age_2044,Male,5,32.299993727
2060,NHB,age_2044,Male,6,18.649463316
2060,HIS,age_2044,Male,7,22.426828824
2060,Other,age_2044,Male,8,25.132659775
2060,NHW,age_4554,Female,9,45.411534998
2060,NHB,age_4554,Female,10,47.837480219
2060,HIS,age_4554,Female,11,49.227762747
2060,Other,age_4554,Female,12,44.322856236
2060,NHW,age_4554,Male,13,32.666708721
2060,NHB,age_4554,Male,14,19.273633112
2060,HIS,age_4554,Male,15,22.815642233
2060,Other,age_4554,Male,16,24.740073483
2060,NHW,age_5564,Female,17,45.411535449
2060,NHB,age_5564,Female,18,47.837474015
2060,HIS,age_5564,Female,19,49.227766035
2060,Other,age_5564,Female,20,44.322837358
2060,NHW,age_5564,Male,21,32.666711931
2060,NHB,age_5564,Male,22,19.273631717
2060,HIS,age_5564,Male,23,22.81565651
2060,Other,age_5564,Male,24,24.740046838
2060,NHW,age_65+,Female,25,0
2060,NHB,age_65+,Female,26,0
2060,HIS,age_65+,Female,27,0
2060,Other,age_65+,Female,28,0
2060,NHW,age_65+,Male,29,0
2060,NHB,age_65+,Male,30,0
2060,HIS,age_65+,Male,31,0
2060,Other,age_65+,Male,32,0
2061,NHW,age_2044,Female,1,47.465434204
2061,NHB,age_2044,Female,2,48.160217118
2061,HIS,age_2044,Female,3,52.222529655
2061,Other,age_2044,Female,4,49.081653438
2061,NHW,age_2044,Male,5,32.299993727
2061,NHB,age_2044,Male,6,18.649463316
2061,HIS,age_2044,Male,7,22.426828824
2061,Other,age_2044,Male,8,25.132659775
2061,NHW,age_4554,Female,9,45.411534998
2061,NHB,age_4554,Female,10,47.837480219
2061,HIS,age_4554,Female,11,49.227762747
2061,Other,age_4554,Female,12,44.322856236
2061,NHW,age_4554,Male,13,32.666708721
2061,NHB,age_4554,Male,14,19.273633112
2061,HIS,age_4554,Male,15,22.815642233
2061,Other,age_4554,Male,16,24.740073483
2061,NHW,age_5564,Female,17,45.411535449
2061,NHB,age_5564,Female,18,47.837474015
2061,HIS,age_5564,Female,19,49.227766035
2061,Other,age_5564,Female,20,44.322837358
2061,NHW,age_5564,Male,21,32.666711931
2061,NHB,age_5564,Male,22,19.273631717
2061,HIS,age_5564,Male,23,22.81565651
2061,Other,age_5564,Male,24,24.740046838
2061,NHW,age_65+,Female,25,0
2061,NHB,age_65+,Female,26,0
2061,HIS,age_65+,Female,27,0
2061,Other,age_65+,Female,28,0
2061,NHW,age_65+,Male,29,0
2061,NHB,age_65+,Male,30,0
2061,HIS,age_65+,Male,31,0
2061,Other,age_65+,Male,32,0
2062,NHW,age_2044,Female,1,47.465434204
2062,NHB,age_2044,Female,2,48.160217118
2062,HIS,age_2044,Female,3,52.222529655
2062,Other,age_2044,Female,4,49.081653438
2062,NHW,age_2044,Male,5,32.299993727
2062,NHB,age_2044,Male,6,18.649463316
2062,HIS,age_2044,Male,7,22.426828824
2062,Other,age_2044,Male,8,25.132659775
2062,NHW,age_4554,Female,9,45.411534998
2062,NHB,age_4554,Female,10,47.837480219
2062,HIS,age_4554,Female,11,49.227762747
2062,Other,age_4554,Female,12,44.322856236
2062,NHW,age_4554,Male,13,32.666708721
2062,NHB,age_4554,Male,14,19.273633112
2062,HIS,age_4554,Male,15,22.815642233
2062,Other,age_4554,Male,16,24.740073483
2062,NHW,age_5564,Female,17,45.411535449
2062,NHB,age_5564,Female,18,47.837474015
2062,HIS,age_5564,Female,19,49.227766035
2062,Other,age_5564,Female,20,44.322837358
2062,NHW,age_5564,Male,21,32.666711931
2062,NHB,age_5564,Male,22,19.273631717
2062,HIS,age_5564,Male,23,22.81565651
2062,Other,age_5564,Male,24,24.740046838
2062,NHW,age_65+,Female,25,0
2062,NHB,age_65+,Female,26,0
2062,HIS,age_65+,Female,27,0
2062,Other,age_65+,Female,28,0
2062,NHW,age_65+,Male,29,0
2062,NHB,age_65+,Male,30,0
2062,HIS,age_65+,Male,31,0
2062,Other,age_65+,Male,32,0
2063,NHW,age_2044,Female,1,47.465434204
2063,NHB,age_2044,Female,2,48.160217118
2063,HIS,age_2044,Female,3,52.222529655
2063,Other,age_2044,Female,4,49.081653438
2063,NHW,age_2044,Male,5,32.299993727
2063,NHB,age_2044,Male,6,18.649463316
2063,HIS,age_2044,Male,7,22.426828824
2063,Other,age_2044,Male,8,25.132659775
2063,NHW,age_4554,Female,9,45.411534998
2063,NHB,age_4554,Female,10,47.837480219
2063,HIS,age_4554,Female,11,49.227762747
2063,Other,age_4554,Female,12,44.322856236
2063,NHW,age_4554,Male,13,32.666708721
2063,NHB,age_4554,Male,14,19.273633112
2063,HIS,age_4554,Male,15,22.815642233
2063,Other,age_4554,Male,16,24.740073483
2063,NHW,age_5564,Female,17,45.411535449
2063,NHB,age_5564,Female,18,47.837474015
2063,HIS,age_5564,Female,19,49.227766035
2063,Other,age_5564,Female,20,44.322837358
2063,NHW,age_5564,Male,21,32.666711931
2063,NHB,age_5564,Male,22,19.273631717
2063,HIS,age_5564,Male,23,22.81565651
2063,Other,age_5564,Male,24,24.740046838
2063,NHW,age_65+,Female,25,0
2063,NHB,age_65+,Female,26,0
2063,HIS,age_65+,Female,27,0
2063,Other,age_65+,Female,28,0
2063,NHW,age_65+,Male,29,0
2063,NHB,age_65+,Male,30,0
2063,HIS,age_65+,Male,31,0
2063,Other,age_65+,Male,32,0
2064,NHW,age_2044,Female,1,47.465434204
2064,NHB,age_2044,Female,2,48.160217118
2064,HIS,age_2044,Female,3,52.222529655
2064,Other,age_2044,Female,4,49.081653438
2064,NHW,age_2044,Male,5,32.299993727
2064,NHB,age_2044,Male,6,18.649463316
2064,HIS,age_2044,Male,7,22.426828824
2064,Other,age_2044,Male,8,25.132659775
2064,NHW,age_4554,Female,9,45.411534998
2064,NHB,age_4554,Female,10,47.837480219
2064,HIS,age_4554,Female,11,49.227762747
2064,Other,age_4554,Female,12,44.322856236
2064,NHW,age_4554,Male,13,32.666708721
2064,NHB,age_4554,Male,14,19.273633112
2064,HIS,age_4554,Male,15,22.815642233
2064,Other,age_4554,Male,16,24.740073483
2064,NHW,age_5564,Female,17,45.411535449
2064,NHB,age_5564,Female,18,47.837474015
2064,HIS,age_5564,Female,19,49.227766035
2064,Other,age_5564,Female,20,44.322837358
2064,NHW,age_5564,Male,21,32.666711931
2064,NHB,age_5564,Male,22,19.273631717
2064,HIS,age_5564,Male,23,22.81565651
2064,Other,age_5564,Male,24,24.740046838
2064,NHW,age_65+,Female,25,0
2064,NHB,age_65+,Female,26,0
2064,HIS,age_65+,Female,27,0
2064,Other,age_65+,Female,28,0
2064,NHW,age_65+,Male,29,0
2064,NHB,age_65+,Male,30,0
2064,HIS,age_65+,Male,31,0
2064,Other,age_65+,Male,32,0
2065,NHW,age_2044,Female,1,47.465434204
2065,NHB,age_2044,Female,2,48.160217118
2065,HIS,age_2044,Female,3,52.222529655
2065,Other,age_2044,Female,4,49.081653438
2065,NHW,age_2044,Male,5,32.299993727
2065,NHB,age_2044,Male,6,18.649463316
2065,HIS,age_2044,Male,7,22.426828824
2065,Other,age_2044,Male,8,25.132659775
2065,NHW,age_4554,Female,9,45.411534998
2065,NHB,age_4554,Female,10,47.837480219
2065,HIS,age_4554,Female,11,49.227762747
2065,Other,age_4554,Female,12,44.322856236
2065,NHW,age_4554,Male,13,32.666708721
2065,NHB,age_4554,Male,14,19.273633112
2065,HIS,age_4554,Male,15,22.815642233
2065,Other,age_4554,Male,16,24.740073483
2065,NHW,age_5564,Female,17,45.411535449
2065,NHB,age_5564,Female,18,47.837474015
2065,HIS,age_5564,Female,19,49.227766035
2065,Other,age_5564,Female,20,44.322837358
2065,NHW,age_5564,Male,21,32.666711931
2065,NHB,age_5564,Male,22,19.273631717
2065,HIS,age_5564,Male,23,22.81565651
2065,Other,age_5564,Male,24,24.740046838
2065,NHW,age_65+,Female,25,0
2065,NHB,age_65+,Female,26,0
2065,HIS,age_65+,Female,27,0
2065,Other,age_65+,Female,28,0
2065,NHW,age_65+,Male,29,0
2065,NHB,age_65+,Male,30,0
2065,HIS,age_65+,Male,31,0
2065,Other,age_65+,Male,32,0
2066,NHW,age_2044,Female,1,47.465434204
2066,NHB,age_2044,Female,2,48.160217118
2066,HIS,age_2044,Female,3,52.222529655
2066,Other,age_2044,Female,4,49.081653438
2066,NHW,age_2044,Male,5,32.299993727
2066,NHB,age_2044,Male,6,18.649463316
2066,HIS,age_2044,Male,7,22.426828824
2066,Other,age_2044,Male,8,25.132659775
2066,NHW,age_4554,Female,9,45.411534998
2066,NHB,age_4554,Female,10,47.837480219
2066,HIS,age_4554,Female,11,49.227762747
2066,Other,age_4554,Female,12,44.322856236
2066,NHW,age_4554,Male,13,32.666708721
2066,NHB,age_4554,Male,14,19.273633112
2066,HIS,age_4554,Male,15,22.815642233
2066,Other,age_4554,Male,16,24.740073483
2066,NHW,age_5564,Female,17,45.411535449
2066,NHB,age_5564,Female,18,47.837474015
2066,HIS,age_5564,Female,19,49.227766035
2066,Other,age_5564,Female,20,44.322837358
2066,NHW,age_5564,Male,21,32.666711931
2066,NHB,age_5564,Male,22,19.273631717
2066,HIS,age_5564,Male,23,22.81565651
2066,Other,age_5564,Male,24,24.740046838
2066,NHW,age_65+,Female,25,0
2066,NHB,age_65+,Female,26,0
2066,HIS,age_65+,Female,27,0
2066,Other,age_65+,Female,28,0
2066,NHW,age_65+,Male,29,0
2066,NHB,age_65+,Male,30,0
2066,HIS,age_65+,Male,31,0
2066,Other,age_65+,Male,32,0
2067,NHW,age_2044,Female,1,47.465434204
2067,NHB,age_2044,Female,2,48.160217118
2067,HIS,age_2044,Female,3,52.222529655
2067,Other,age_2044,Female,4,49.081653438
2067,NHW,age_2044,Male,5,32.299993727
2067,NHB,age_2044,Male,6,18.649463316
2067,HIS,age_2044,Male,7,22.426828824
2067,Other,age_2044,Male,8,25.132659775
2067,NHW,age_4554,Female,9,45.411534998
2067,NHB,age_4554,Female,10,47.837480219
2067,HIS,age_4554,Female,11,49.227762747
2067,Other,age_4554,Female,12,44.322856236
2067,NHW,age_4554,Male,13,32.666708721
2067,NHB,age_4554,Male,14,19.273633112
2067,HIS,age_4554,Male,15,22.815642233
2067,Other,age_4554,Male,16,24.740073483
2067,NHW,age_5564,Female,17,45.411535449
2067,NHB,age_5564,Female,18,47.837474015
2067,HIS,age_5564,Female,19,49.227766035
2067,Other,age_5564,Female,20,44.322837358
2067,NHW,age_5564,Male,21,32.666711931
2067,NHB,age_5564,Male,22,19.273631717
2067,HIS,age_5564,Male,23,22.81565651
2067,Other,age_5564,Male,24,24.740046838
2067,NHW,age_65+,Female,25,0
2067,NHB,age_65+,Female,26,0
2067,HIS,age_65+,Female,27,0
2067,Other,age_65+,Female,28,0
2067,NHW,age_65+,Male,29,0
2067,NHB,age_65+,Male,30,0
2067,HIS,age_65+,Male,31,0
2067,Other,age_65+,Male,32,0
2068,NHW,age_2044,Female,1,47.465434204
2068,NHB,age_2044,Female,2,48.160217118
2068,HIS,age_2044,Female,3,52.222529655
2068,Other,age_2044,Female,4,49.081653438
2068,NHW,age_2044,Male,5,32.299993727
2068,NHB,age_2044,Male,6,18.649463316
2068,HIS,age_2044,Male,7,22.426828824
2068,Other,age_2044,Male,8,25.132659775
2068,NHW,age_4554,Female,9,45.411534998
2068,NHB,age_4554,Female,10,47.837480219
2068,HIS,age_4554,Female,11,49.227762747
2068,Other,age_4554,Female,12,44.322856236
2068,NHW,age_4554,Male,13,32.666708721
2068,NHB,age_4554,Male,14,19.273633112
2068,HIS,age_4554,Male,15,22.815642233
2068,Other,age_4554,Male,16,24.740073483
2068,NHW,age_5564,Female,17,45.411535449
2068,NHB,age_5564,Female,18,47.837474015
2068,HIS,age_5564,Female,19,49.227766035
2068,Other,age_5564,Female,20,44.322837358
2068,NHW,age_5564,Male,21,32.666711931
2068,NHB,age_5564,Male,22,19.273631717
2068,HIS,age_5564,Male,23,22.81565651
2068,Other,age_5564,Male,24,24.740046838
2068,NHW,age_65+,Female,25,0
2068,NHB,age_65+,Female,26,0
2068,HIS,age_65+,Female,27,0
2068,Other,age_65+,Female,28,0
2068,NHW,age_65+,Male,29,0
2068,NHB,age_65+,Male,30,0
2068,HIS,age_65+,Male,31,0
2068,Other,age_65+,Male,32,0
2069,NHW,age_2044,Female,1,47.465434204
2069,NHB,age_2044,Female,2,48.160217118
2069,HIS,age_2044,Female,3,52.222529655
2069,Other,age_2044,Female,4,49.081653438
2069,NHW,age_2044,Male,5,32.299993727
2069,NHB,age_2044,Male,6,18.649463316
2069,HIS,age_2044,Male,7,22.426828824
2069,Other,age_2044,Male,8,25.132659775
2069,NHW,age_4554,Female,9,45.411534998
2069,NHB,age_4554,Female,10,47.837480219
2069,HIS,age_4554,Female,11,49.227762747
2069,Other,age_4554,Female,12,44.322856236
2069,NHW,age_4554,Male,13,32.666708721
2069,NHB,age_4554,Male,14,19.273633112
2069,HIS,age_4554,Male,15,22.815642233
2069,Other,age_4554,Male,16,24.740073483
2069,NHW,age_5564,Female,17,45.411535449
2069,NHB,age_5564,Female,18,47.837474015
2069,HIS,age_5564,Female,19,49.227766035
2069,Other,age_5564,Female,20,44.322837358
2069,NHW,age_5564,Male,21,32.666711931
2069,NHB,age_5564,Male,22,19.273631717
2069,HIS,age_5564,Male,23,22.81565651
2069,Other,age_5564,Male,24,24.740046838
2069,NHW,age_65+,Female,25,0
2069,NHB,age_65+,Female,26,0
2069,HIS,age_65+,Female,27,0
2069,Other,age_65+,Female,28,0
2069,NHW,age_65+,Male,29,0
2069,NHB,age_65+,Male,30,0
2069,HIS,age_65+,Male,31,0
2069,Other,age_65+,Male,32,0
2070,NHW,age_2044,Female,1,47.465434204
2070,NHB,age_2044,Female,2,48.160217118
2070,HIS,age_2044,Female,3,52.222529655
2070,Other,age_2044,Female,4,49.081653438
2070,NHW,age_2044,Male,5,32.299993727
2070,NHB,age_2044,Male,6,18.649463316
2070,HIS,age_2044,Male,7,22.426828824
2070,Other,age_2044,Male,8,25.132659775
2070,NHW,age_4554,Female,9,45.411534998
2070,NHB,age_4554,Female,10,47.837480219
2070,HIS,age_4554,Female,11,49.227762747
2070,Other,age_4554,Female,12,44.322856236
2070,NHW,age_4554,Male,13,32.666708721
2070,NHB,age_4554,Male,14,19.273633112
2070,HIS,age_4554,Male,15,22.815642233
2070,Other,age_4554,Male,16,24.740073483
2070,NHW,age_5564,Female,17,45.411535449
2070,NHB,age_5564,Female,18,47.837474015
2070,HIS,age_5564,Female,19,49.227766035
2070,Other,age_5564,Female,20,44.322837358
2070,NHW,age_5564,Male,21,32.666711931
2070,NHB,age_5564,Male,22,19.273631717
2070,HIS,age_5564,Male,23,22.81565651
2070,Other,age_5564,Male,24,24.740046838
2070,NHW,age_65+,Female,25,0
2070,NHB,age_65+,Female,26,0
2070,HIS,age_65+,Female,27,0
2070,Other,age_65+,Female,28,0
2070,NHW,age_65+,Male,29,0
2070,NHB,age_65+,Male,30,0
2070,HIS,age_65+,Male,31,0
2070,Other,age_65+,Male,32,0
2071,NHW,age_2044,Female,1,47.465434204
2071,NHB,age_2044,Female,2,48.160217118
2071,HIS,age_2044,Female,3,52.222529655
2071,Other,age_2044,Female,4,49.081653438
2071,NHW,age_2044,Male,5,32.299993727
2071,NHB,age_2044,Male,6,18.649463316
2071,HIS,age_2044,Male,7,22.426828824
2071,Other,age_2044,Male,8,25.132659775
2071,NHW,age_4554,Female,9,45.411534998
2071,NHB,age_4554,Female,10,47.837480219
2071,HIS,age_4554,Female,11,49.227762747
2071,Other,age_4554,Female,12,44.322856236
2071,NHW,age_4554,Male,13,32.666708721
2071,NHB,age_4554,Male,14,19.273633112
2071,HIS,age_4554,Male,15,22.815642233
2071,Other,age_4554,Male,16,24.740073483
2071,NHW,age_5564,Female,17,45.411535449
2071,NHB,age_5564,Female,18,47.837474015
2071,HIS,age_5564,Female,19,49.227766035
2071,Other,age_5564,Female,20,44.322837358
2071,NHW,age_5564,Male,21,32.666711931
2071,NHB,age_5564,Male,22,19.273631717
2071,HIS,age_5564,Male,23,22.81565651
2071,Other,age_5564,Male,24,24.740046838
2071,NHW,age_65+,Female,25,0
2071,NHB,age_65+,Female,26,0
2071,HIS,age_65+,Female,27,0
2071,Other,age_65+,Female,28,0
2071,NHW,age_65+,Male,29,0
2071,NHB,age_65+,Male,30,0
2071,HIS,age_65+,Male,31,0
2071,Other,age_65+,Male,32,0
2072,NHW,age_2044,Female,1,47.465434204
2072,NHB,age_2044,Female,2,48.160217118
2072,HIS,age_2044,Female,3,52.222529655
2072,Other,age_2044,Female,4,49.081653438
2072,NHW,age_2044,Male,5,32.299993727
2072,NHB,age_2044,Male,6,18.649463316
2072,HIS,age_2044,Male,7,22.426828824
2072,Other,age_2044,Male,8,25.132659775
2072,NHW,age_4554,Female,9,45.411534998
2072,NHB,age_4554,Female,10,47.837480219
2072,HIS,age_4554,Female,11,49.227762747
2072,Other,age_4554,Female,12,44.322856236
2072,NHW,age_4554,Male,13,32.666708721
2072,NHB,age_4554,Male,14,19.273633112
2072,HIS,age_4554,Male,15,22.815642233
2072,Other,age_4554,Male,16,24.740073483
2072,NHW,age_5564,Female,17,45.411535449
2072,NHB,age_5564,Female,18,47.837474015
2072,HIS,age_5564,Female,19,49.227766035
2072,Other,age_5564,Female,20,44.322837358
2072,NHW,age_5564,Male,21,32.666711931
2072,NHB,age_5564,Male,22,19.273631717
2072,HIS,age_5564,Male,23,22.81565651
2072,Other,age_5564,Male,24,24.740046838
2072,NHW,age_65+,Female,25,0
2072,NHB,age_65+,Female,26,0
2072,HIS,age_65+,Female,27,0
2072,Other,age_65+,Female,28,0
2072,NHW,age_65+,Male,29,0
2072,NHB,age_65+,Male,30,0
2072,HIS,age_65+,Male,31,0
2072,Other,age_65+,Male,32,0
2073,NHW,age_2044,Female,1,47.465434204
2073,NHB,age_2044,Female,2,48.160217118
2073,HIS,age_2044,Female,3,52.222529655
2073,Other,age_2044,Female,4,49.081653438
2073,NHW,age_2044,Male,5,32.299993727
2073,NHB,age_2044,Male,6,18.649463316
2073,HIS,age_2044,Male,7,22.426828824
2073,Other,age_2044,Male,8,25.132659775
2073,NHW,age_4554,Female,9,45.411534998
2073,NHB,age_4554,Female,10,47.837480219
2073,HIS,age_4554,Female,11,49.227762747
2073,Other,age_4554,Female,12,44.322856236
2073,NHW,age_4554,Male,13,32.666708721
2073,NHB,age_4554,Male,14,19.273633112
2073,HIS,age_4554,Male,15,22.815642233
2073,Other,age_4554,Male,16,24.740073483
2073,NHW,age_5564,Female,17,45.411535449
2073,NHB,age_5564,Female,18,47.837474015
2073,HIS,age_5564,Female,19,49.227766035
2073,Other,age_5564,Female,20,44.322837358
2073,NHW,age_5564,Male,21,32.666711931
2073,NHB,age_5564,Male,22,19.273631717
2073,HIS,age_5564,Male,23,22.81565651
2073,Other,age_5564,Male,24,24.740046838
2073,NHW,age_65+,Female,25,0
2073,NHB,age_65+,Female,26,0
2073,HIS,age_65+,Female,27,0
2073,Other,age_65+,Female,28,0
2073,NHW,age_65+,Male,29,0
2073,NHB,age_65+,Male,30,0
2073,HIS,age_65+,Male,31,0
2073,Other,age_65+,Male,32,0
2074,NHW,age_2044,Female,1,47.465434204
2074,NHB,age_2044,Female,2,48.160217118
2074,HIS,age_2044,Female,3,52.222529655
2074,Other,age_2044,Female,4,49.081653438
2074,NHW,age_2044,Male,5,32.299993727
2074,NHB,age_2044,Male,6,18.649463316
2074,HIS,age_2044,Male,7,22.426828824
2074,Other,age_2044,Male,8,25.132659775
2074,NHW,age_4554,Female,9,45.411534998
2074,NHB,age_4554,Female,10,47.837480219
2074,HIS,age_4554,Female,11,49.227762747
2074,Other,age_4554,Female,12,44.322856236
2074,NHW,age_4554,Male,13,32.666708721
2074,NHB,age_4554,Male,14,19.273633112
2074,HIS,age_4554,Male,15,22.815642233
2074,Other,age_4554,Male,16,24.740073483
2074,NHW,age_5564,Female,17,45.411535449
2074,NHB,age_5564,Female,18,47.837474015
2074,HIS,age_5564,Female,19,49.227766035
2074,Other,age_5564,Female,20,44.322837358
2074,NHW,age_5564,Male,21,32.666711931
2074,NHB,age_5564,Male,22,19.273631717
2074,HIS,age_5564,Male,23,22.81565651
2074,Other,age_5564,Male,24,24.740046838
2074,NHW,age_65+,Female,25,0
2074,NHB,age_65+,Female,26,0
2074,HIS,age_65+,Female,27,0
2074,Other,age_65+,Female,28,0
2074,NHW,age_65+,Male,29,0
2074,NHB,age_65+,Male,30,0
2074,HIS,age_65+,Male,31,0
2074,Other,age_65+,Male,32,0
2075,NHW,age_2044,Female,1,47.465434204
2075,NHB,age_2044,Female,2,48.160217118
2075,HIS,age_2044,Female,3,52.222529655
2075,Other,age_2044,Female,4,49.081653438
2075,NHW,age_2044,Male,5,32.299993727
2075,NHB,age_2044,Male,6,18.649463316
2075,HIS,age_2044,Male,7,22.426828824
2075,Other,age_2044,Male,8,25.132659775
2075,NHW,age_4554,Female,9,45.411534998
2075,NHB,age_4554,Female,10,47.837480219
2075,HIS,age_4554,Female,11,49.227762747
2075,Other,age_4554,Female,12,44.322856236
2075,NHW,age_4554,Male,13,32.666708721
2075,NHB,age_4554,Male,14,19.273633112
2075,HIS,age_4554,Male,15,22.815642233
2075,Other,age_4554,Male,16,24.740073483
2075,NHW,age_5564,Female,17,45.411535449
2075,NHB,age_5564,Female,18,47.837474015
2075,HIS,age_5564,Female,19,49.227766035
2075,Other,age_5564,Female,20,44.322837358
2075,NHW,age_5564,Male,21,32.666711931
2075,NHB,age_5564,Male,22,19.273631717
2075,HIS,age_5564,Male,23,22.81565651
2075,Other,age_5564,Male,24,24.740046838
2075,NHW,age_65+,Female,25,0
2075,NHB,age_65+,Female,26,0
2075,HIS,age_65+,Female,27,0
2075,Other,age_65+,Female,28,0
2075,NHW,age_65+,Male,29,0
2075,NHB,age_65+,Male,30,0
2075,HIS,age_65+,Male,31,0
2075,Other,age_65+,Male,32,0
2076,NHW,age_2044,Female,1,47.465434204
2076,NHB,age_2044,Female,2,48.160217118
2076,HIS,age_2044,Female,3,52.222529655
2076,Other,age_2044,Female,4,49.081653438
2076,NHW,age_2044,Male,5,32.299993727
2076,NHB,age_2044,Male,6,18.649463316
2076,HIS,age_2044,Male,7,22.426828824
2076,Other,age_2044,Male,8,25.132659775
2076,NHW,age_4554,Female,9,45.411534998
2076,NHB,age_4554,Female,10,47.837480219
2076,HIS,age_4554,Female,11,49.227762747
2076,Other,age_4554,Female,12,44.322856236
2076,NHW,age_4554,Male,13,32.666708721
2076,NHB,age_4554,Male,14,19.273633112
2076,HIS,age_4554,Male,15,22.815642233
2076,Other,age_4554,Male,16,24.740073483
2076,NHW,age_5564,Female,17,45.411535449
2076,NHB,age_5564,Female,18,47.837474015
2076,HIS,age_5564,Female,19,49.227766035
2076,Other,age_5564,Female,20,44.322837358
2076,NHW,age_5564,Male,21,32.666711931
2076,NHB,age_5564,Male,22,19.273631717
2076,HIS,age_5564,Male,23,22.81565651
2076,Other,age_5564,Male,24,24.740046838
2076,NHW,age_65+,Female,25,0
2076,NHB,age_65+,Female,26,0
2076,HIS,age_65+,Female,27,0
2076,Other,age_65+,Female,28,0
2076,NHW,age_65+,Male,29,0
2076,NHB,age_65+,Male,30,0
2076,HIS,age_65+,Male,31,0
2076,Other,age_65+,Male,32,0
2077,NHW,age_2044,Female,1,47.465434204
2077,NHB,age_2044,Female,2,48.160217118
2077,HIS,age_2044,Female,3,52.222529655
2077,Other,age_2044,Female,4,49.081653438
2077,NHW,age_2044,Male,5,32.299993727
2077,NHB,age_2044,Male,6,18.649463316
2077,HIS,age_2044,Male,7,22.426828824
2077,Other,age_2044,Male,8,25.132659775
2077,NHW,age_4554,Female,9,45.411534998
2077,NHB,age_4554,Female,10,47.837480219
2077,HIS,age_4554,Female,11,49.227762747
2077,Other,age_4554,Female,12,44.322856236
2077,NHW,age_4554,Male,13,32.666708721
2077,NHB,age_4554,Male,14,19.273633112
2077,HIS,age_4554,Male,15,22.815642233
2077,Other,age_4554,Male,16,24.740073483
2077,NHW,age_5564,Female,17,45.411535449
2077,NHB,age_5564,Female,18,47.837474015
2077,HIS,age_5564,Female,19,49.227766035
2077,Other,age_5564,Female,20,44.322837358
2077,NHW,age_5564,Male,21,32.666711931
2077,NHB,age_5564,Male,22,19.273631717
2077,HIS,age_5564,Male,23,22.81565651
2077,Other,age_5564,Male,24,24.740046838
2077,NHW,age_65+,Female,25,0
2077,NHB,age_65+,Female,26,0
2077,HIS,age_65+,Female,27,0
2077,Other,age_65+,Female,28,0
2077,NHW,age_65+,Male,29,0
2077,NHB,age_65+,Male,30,0
2077,HIS,age_65+,Male,31,0
2077,Other,age_65+,Male,32,0
2078,NHW,age_2044,Female,1,47.465434204
2078,NHB,age_2044,Female,2,48.160217118
2078,HIS,age_2044,Female,3,52.222529655
2078,Other,age_2044,Female,4,49.081653438
2078,NHW,age_2044,Male,5,32.299993727
2078,NHB,age_2044,Male,6,18.649463316
2078,HIS,age_2044,Male,7,22.426828824
2078,Other,age_2044,Male,8,25.132659775
2078,NHW,age_4554,Female,9,45.411534998
2078,NHB,age_4554,Female,10,47.837480219
2078,HIS,age_4554,Female,11,49.227762747
2078,Other,age_4554,Female,12,44.322856236
2078,NHW,age_4554,Male,13,32.666708721
2078,NHB,age_4554,Male,14,19.273633112
2078,HIS,age_4554,Male,15,22.815642233
2078,Other,age_4554,Male,16,24.740073483
2078,NHW,age_5564,Female,17,45.411535449
2078,NHB,age_5564,Female,18,47.837474015
2078,HIS,age_5564,Female,19,49.227766035
2078,Other,age_5564,Female,20,44.322837358
2078,NHW,age_5564,Male,21,32.666711931
2078,NHB,age_5564,Male,22,19.273631717
2078,HIS,age_5564,Male,23,22.81565651
2078,Other,age_5564,Male,24,24.740046838
2078,NHW,age_65+,Female,25,0
2078,NHB,age_65+,Female,26,0
2078,HIS,age_65+,Female,27,0
2078,Other,age_65+,Female,28,0
2078,NHW,age_65+,Male,29,0
2078,NHB,age_65+,Male,30,0
2078,HIS,age_65+,Male,31,0
2078,Other,age_65+,Male,32,0
2079,NHW,age_2044,Female,1,47.465434204
2079,NHB,age_2044,Female,2,48.160217118
2079,HIS,age_2044,Female,3,52.222529655
2079,Other,age_2044,Female,4,49.081653438
2079,NHW,age_2044,Male,5,32.299993727
2079,NHB,age_2044,Male,6,18.649463316
2079,HIS,age_2044,Male,7,22.426828824
2079,Other,age_2044,Male,8,25.132659775
2079,NHW,age_4554,Female,9,45.411534998
2079,NHB,age_4554,Female,10,47.837480219
2079,HIS,age_4554,Female,11,49.227762747
2079,Other,age_4554,Female,12,44.322856236
2079,NHW,age_4554,Male,13,32.666708721
2079,NHB,age_4554,Male,14,19.273633112
2079,HIS,age_4554,Male,15,22.815642233
2079,Other,age_4554,Male,16,24.740073483
2079,NHW,age_5564,Female,17,45.411535449
2079,NHB,age_5564,Female,18,47.837474015
2079,HIS,age_5564,Female,19,49.227766035
2079,Other,age_5564,Female,20,44.322837358
2079,NHW,age_5564,Male,21,32.666711931
2079,NHB,age_5564,Male,22,19.273631717
2079,HIS,age_5564,Male,23,22.81565651
2079,Other,age_5564,Male,24,24.740046838
2079,NHW,age_65+,Female,25,0
2079,NHB,age_65+,Female,26,0
2079,HIS,age_65+,Female,27,0
2079,Other,age_65+,Female,28,0
2079,NHW,age_65+,Male,29,0
2079,NHB,age_65+,Male,30,0
2079,HIS,age_65+,Male,31,0
2079,Other,age_65+,Male,32,0
2080,NHW,age_2044,Female,1,47.465434204
2080,NHB,age_2044,Female,2,48.160217118
2080,HIS,age_2044,Female,3,52.222529655
2080,Other,age_2044,Female,4,49.081653438
2080,NHW,age_2044,Male,5,32.299993727
2080,NHB,age_2044,Male,6,18.649463316
2080,HIS,age_2044,Male,7,22.426828824
2080,Other,age_2044,Male,8,25.132659775
2080,NHW,age_4554,Female,9,45.411534998
2080,NHB,age_4554,Female,10,47.837480219
2080,HIS,age_4554,Female,11,49.227762747
2080,Other,age_4554,Female,12,44.322856236
2080,NHW,age_4554,Male,13,32.666708721
2080,NHB,age_4554,Male,14,19.273633112
2080,HIS,age_4554,Male,15,22.815642233
2080,Other,age_4554,Male,16,24.740073483
2080,NHW,age_5564,Female,17,45.411535449
2080,NHB,age_5564,Female,18,47.837474015
2080,HIS,age_5564,Female,19,49.227766035
2080,Other,age_5564,Female,20,44.322837358
2080,NHW,age_5564,Male,21,32.666711931
2080,NHB,age_5564,Male,22,19.273631717
2080,HIS,age_5564,Male,23,22.81565651
2080,Other,age_5564,Male,24,24.740046838
2080,NHW,age_65+,Female,25,0
2080,NHB,age_65+,Female,26,0
2080,HIS,age_65+,Female,27,0
2080,Other,age_65+,Female,28,0
2080,NHW,age_65+,Male,29,0
2080,NHB,age_65+,Male,30,0
2080,HIS,age_65+,Male,31,0
2080,Other,age_65+,Male,32,0
2081,NHW,age_2044,Female,1,47.465434204
2081,NHB,age_2044,Female,2,48.160217118
2081,HIS,age_2044,Female,3,52.222529655
2081,Other,age_2044,Female,4,49.081653438
2081,NHW,age_2044,Male,5,32.299993727
2081,NHB,age_2044,Male,6,18.649463316
2081,HIS,age_2044,Male,7,22.426828824
2081,Other,age_2044,Male,8,25.132659775
2081,NHW,age_4554,Female,9,45.411534998
2081,NHB,age_4554,Female,10,47.837480219
2081,HIS,age_4554,Female,11,49.227762747
2081,Other,age_4554,Female,12,44.322856236
2081,NHW,age_4554,Male,13,32.666708721
2081,NHB,age_4554,Male,14,19.273633112
2081,HIS,age_4554,Male,15,22.815642233
2081,Other,age_4554,Male,16,24.740073483
2081,NHW,age_5564,Female,17,45.411535449
2081,NHB,age_5564,Female,18,47.837474015
2081,HIS,age_5564,Female,19,49.227766035
2081,Other,age_5564,Female,20,44.322837358
2081,NHW,age_5564,Male,21,32.666711931
2081,NHB,age_5564,Male,22,19.273631717
2081,HIS,age_5564,Male,23,22.81565651
2081,Other,age_5564,Male,24,24.740046838
2081,NHW,age_65+,Female,25,0
2081,NHB,age_65+,Female,26,0
2081,HIS,age_65+,Female,27,0
2081,Other,age_65+,Female,28,0
2081,NHW,age_65+,Male,29,0
2081,NHB,age_65+,Male,30,0
2081,HIS,age_65+,Male,31,0
2081,Other,age_65+,Male,32,0
2082,NHW,age_2044,Female,1,47.465434204
2082,NHB,age_2044,Female,2,48.160217118
2082,HIS,age_2044,Female,3,52.222529655
2082,Other,age_2044,Female,4,49.081653438
2082,NHW,age_2044,Male,5,32.299993727
2082,NHB,age_2044,Male,6,18.649463316
2082,HIS,age_2044,Male,7,22.426828824
2082,Other,age_2044,Male,8,25.132659775
2082,NHW,age_4554,Female,9,45.411534998
2082,NHB,age_4554,Female,10,47.837480219
2082,HIS,age_4554,Female,11,49.227762747
2082,Other,age_4554,Female,12,44.322856236
2082,NHW,age_4554,Male,13,32.666708721
2082,NHB,age_4554,Male,14,19.273633112
2082,HIS,age_4554,Male,15,22.815642233
2082,Other,age_4554,Male,16,24.740073483
2082,NHW,age_5564,Female,17,45.411535449
2082,NHB,age_5564,Female,18,47.837474015
2082,HIS,age_5564,Female,19,49.227766035
2082,Other,age_5564,Female,20,44.322837358
2082,NHW,age_5564,Male,21,32.666711931
2082,NHB,age_5564,Male,22,19.273631717
2082,HIS,age_5564,Male,23,22.81565651
2082,Other,age_5564,Male,24,24.740046838
2082,NHW,age_65+,Female,25,0
2082,NHB,age_65+,Female,26,0
2082,HIS,age_65+,Female,27,0
2082,Other,age_65+,Female,28,0
2082,NHW,age_65+,Male,29,0
2082,NHB,age_65+,Male,30,0
2082,HIS,age_65+,Male,31,0
2082,Other,age_65+,Male,32,0
2083,NHW,age_2044,Female,1,47.465434204
2083,NHB,age_2044,Female,2,48.160217118
2083,HIS,age_2044,Female,3,52.222529655
2083,Other,age_2044,Female,4,49.081653438
2083,NHW,age_2044,Male,5,32.299993727
2083,NHB,age_2044,Male,6,18.649463316
2083,HIS,age_2044,Male,7,22.426828824
2083,Other,age_2044,Male,8,25.132659775
2083,NHW,age_4554,Female,9,45.411534998
2083,NHB,age_4554,Female,10,47.837480219
2083,HIS,age_4554,Female,11,49.227762747
2083,Other,age_4554,Female,12,44.322856236
2083,NHW,age_4554,Male,13,32.666708721
2083,NHB,age_4554,Male,14,19.273633112
2083,HIS,age_4554,Male,15,22.815642233
2083,Other,age_4554,Male,16,24.740073483
2083,NHW,age_5564,Female,17,45.411535449
2083,NHB,age_5564,Female,18,47.837474015
2083,HIS,age_5564,Female,19,49.227766035
2083,Other,age_5564,Female,20,44.322837358
2083,NHW,age_5564,Male,21,32.666711931
2083,NHB,age_5564,Male,22,19.273631717
2083,HIS,age_5564,Male,23,22.81565651
2083,Other,age_5564,Male,24,24.740046838
2083,NHW,age_65+,Female,25,0
2083,NHB,age_65+,Female,26,0
2083,HIS,age_65+,Female,27,0
2083,Other,age_65+,Female,28,0
2083,NHW,age_65+,Male,29,0
2083,NHB,age_65+,Male,30,0
2083,HIS,age_65+,Male,31,0
2083,Other,age_65+,Male,32,0
2084,NHW,age_2044,Female,1,47.465434204
2084,NHB,age_2044,Female,2,48.160217118
2084,HIS,age_2044,Female,3,52.222529655
2084,Other,age_2044,Female,4,49.081653438
2084,NHW,age_2044,Male,5,32.299993727
2084,NHB,age_2044,Male,6,18.649463316
2084,HIS,age_2044,Male,7,22.426828824
2084,Other,age_2044,Male,8,25.132659775
2084,NHW,age_4554,Female,9,45.411534998
2084,NHB,age_4554,Female,10,47.837480219
2084,HIS,age_4554,Female,11,49.227762747
2084,Other,age_4554,Female,12,44.322856236
2084,NHW,age_4554,Male,13,32.666708721
2084,NHB,age_4554,Male,14,19.273633112
2084,HIS,age_4554,Male,15,22.815642233
2084,Other,age_4554,Male,16,24.740073483
2084,NHW,age_5564,Female,17,45.411535449
2084,NHB,age_5564,Female,18,47.837474015
2084,HIS,age_5564,Female,19,49.227766035
2084,Other,age_5564,Female,20,44.322837358
2084,NHW,age_5564,Male,21,32.666711931
2084,NHB,age_5564,Male,22,19.273631717
2084,HIS,age_5564,Male,23,22.81565651
2084,Other,age_5564,Male,24,24.740046838
2084,NHW,age_65+,Female,25,0
2084,NHB,age_65+,Female,26,0
2084,HIS,age_65+,Female,27,0
2084,Other,age_65+,Female,28,0
2084,NHW,age_65+,Male,29,0
2084,NHB,age_65+,Male,30,0
2084,HIS,age_65+,Male,31,0
2084,Other,age_65+,Male,32,0
2085,NHW,age_2044,Female,1,47.465434204
2085,NHB,age_2044,Female,2,48.160217118
2085,HIS,age_2044,Female,3,52.222529655
2085,Other,age_2044,Female,4,49.081653438
2085,NHW,age_2044,Male,5,32.299993727
2085,NHB,age_2044,Male,6,18.649463316
2085,HIS,age_2044,Male,7,22.426828824
2085,Other,age_2044,Male,8,25.132659775
2085,NHW,age_4554,Female,9,45.411534998
2085,NHB,age_4554,Female,10,47.837480219
2085,HIS,age_4554,Female,11,49.227762747
2085,Other,age_4554,Female,12,44.322856236
2085,NHW,age_4554,Male,13,32.666708721
2085,NHB,age_4554,Male,14,19.273633112
2085,HIS,age_4554,Male,15,22.815642233
2085,Other,age_4554,Male,16,24.740073483
2085,NHW,age_5564,Female,17,45.411535449
2085,NHB,age_5564,Female,18,47.837474015
2085,HIS,age_5564,Female,19,49.227766035
2085,Other,age_5564,Female,20,44.322837358
2085,NHW,age_5564,Male,21,32.666711931
2085,NHB,age_5564,Male,22,19.273631717
2085,HIS,age_5564,Male,23,22.81565651
2085,Other,age_5564,Male,24,24.740046838
2085,NHW,age_65+,Female,25,0
2085,NHB,age_65+,Female,26,0
2085,HIS,age_65+,Female,27,0
2085,Other,age_65+,Female,28,0
2085,NHW,age_65+,Male,29,0
2085,NHB,age_65+,Male,30,0
2085,HIS,age_65+,Male,31,0
2085,Other,age_65+,Male,32,0
2086,NHW,age_2044,Female,1,47.465434204
2086,NHB,age_2044,Female,2,48.160217118
2086,HIS,age_2044,Female,3,52.222529655
2086,Other,age_2044,Female,4,49.081653438
2086,NHW,age_2044,Male,5,32.299993727
2086,NHB,age_2044,Male,6,18.649463316
2086,HIS,age_2044,Male,7,22.426828824
2086,Other,age_2044,Male,8,25.132659775
2086,NHW,age_4554,Female,9,45.411534998
2086,NHB,age_4554,Female,10,47.837480219
2086,HIS,age_4554,Female,11,49.227762747
2086,Other,age_4554,Female,12,44.322856236
2086,NHW,age_4554,Male,13,32.666708721
2086,NHB,age_4554,Male,14,19.273633112
2086,HIS,age_4554,Male,15,22.815642233
2086,Other,age_4554,Male,16,24.740073483
2086,NHW,age_5564,Female,17,45.411535449
2086,NHB,age_5564,Female,18,47.837474015
2086,HIS,age_5564,Female,19,49.227766035
2086,Other,age_5564,Female,20,44.322837358
2086,NHW,age_5564,Male,21,32.666711931
2086,NHB,age_5564,Male,22,19.273631717
2086,HIS,age_5564,Male,23,22.81565651
2086,Other,age_5564,Male,24,24.740046838
2086,NHW,age_65+,Female,25,0
2086,NHB,age_65+,Female,26,0
2086,HIS,age_65+,Female,27,0
2086,Other,age_65+,Female,28,0
2086,NHW,age_65+,Male,29,0
2086,NHB,age_65+,Male,30,0
2086,HIS,age_65+,Male,31,0
2086,Other,age_65+,Male,32,0
2087,NHW,age_2044,Female,1,47.465434204
2087,NHB,age_2044,Female,2,48.160217118
2087,HIS,age_2044,Female,3,52.222529655
2087,Other,age_2044,Female,4,49.081653438
2087,NHW,age_2044,Male,5,32.299993727
2087,NHB,age_2044,Male,6,18.649463316
2087,HIS,age_2044,Male,7,22.426828824
2087,Other,age_2044,Male,8,25.132659775
2087,NHW,age_4554,Female,9,45.411534998
2087,NHB,age_4554,Female,10,47.837480219
2087,HIS,age_4554,Female,11,49.227762747
2087,Other,age_4554,Female,12,44.322856236
2087,NHW,age_4554,Male,13,32.666708721
2087,NHB,age_4554,Male,14,19.273633112
2087,HIS,age_4554,Male,15,22.815642233
2087,Other,age_4554,Male,16,24.740073483
2087,NHW,age_5564,Female,17,45.411535449
2087,NHB,age_5564,Female,18,47.837474015
2087,HIS,age_5564,Female,19,49.227766035
2087,Other,age_5564,Female,20,44.322837358
2087,NHW,age_5564,Male,21,32.666711931
2087,NHB,age_5564,Male,22,19.273631717
2087,HIS,age_5564,Male,23,22.81565651
2087,Other,age_5564,Male,24,24.740046838
2087,NHW,age_65+,Female,25,0
2087,NHB,age_65+,Female,26,0
2087,HIS,age_65+,Female,27,0
2087,Other,age_65+,Female,28,0
2087,NHW,age_65+,Male,29,0
2087,NHB,age_65+,Male,30,0
2087,HIS,age_65+,Male,31,0
2087,Other,age_65+,Male,32,0
2088,NHW,age_2044,Female,1,47.465434204
2088,NHB,age_2044,Female,2,48.160217118
2088,HIS,age_2044,Female,3,52.222529655
2088,Other,age_2044,Female,4,49.081653438
2088,NHW,age_2044,Male,5,32.299993727
2088,NHB,age_2044,Male,6,18.649463316
2088,HIS,age_2044,Male,7,22.426828824
2088,Other,age_2044,Male,8,25.132659775
2088,NHW,age_4554,Female,9,45.411534998
2088,NHB,age_4554,Female,10,47.837480219
2088,HIS,age_4554,Female,11,49.227762747
2088,Other,age_4554,Female,12,44.322856236
2088,NHW,age_4554,Male,13,32.666708721
2088,NHB,age_4554,Male,14,19.273633112
2088,HIS,age_4554,Male,15,22.815642233
2088,Other,age_4554,Male,16,24.740073483
2088,NHW,age_5564,Female,17,45.411535449
2088,NHB,age_5564,Female,18,47.837474015
2088,HIS,age_5564,Female,19,49.227766035
2088,Other,age_5564,Female,20,44.322837358
2088,NHW,age_5564,Male,21,32.666711931
2088,NHB,age_5564,Male,22,19.273631717
2088,HIS,age_5564,Male,23,22.81565651
2088,Other,age_5564,Male,24,24.740046838
2088,NHW,age_65+,Female,25,0
2088,NHB,age_65+,Female,26,0
2088,HIS,age_65+,Female,27,0
2088,Other,age_65+,Female,28,0
2088,NHW,age_65+,Male,29,0
2088,NHB,age_65+,Male,30,0
2088,HIS,age_65+,Male,31,0
2088,Other,age_65+,Male,32,0
2089,NHW,age_2044,Female,1,47.465434204
2089,NHB,age_2044,Female,2,48.160217118
2089,HIS,age_2044,Female,3,52.222529655
2089,Other,age_2044,Female,4,49.081653438
2089,NHW,age_2044,Male,5,32.299993727
2089,NHB,age_2044,Male,6,18.649463316
2089,HIS,age_2044,Male,7,22.426828824
2089,Other,age_2044,Male,8,25.132659775
2089,NHW,age_4554,Female,9,45.411534998
2089,NHB,age_4554,Female,10,47.837480219
2089,HIS,age_4554,Female,11,49.227762747
2089,Other,age_4554,Female,12,44.322856236
2089,NHW,age_4554,Male,13,32.666708721
2089,NHB,age_4554,Male,14,19.273633112
2089,HIS,age_4554,Male,15,22.815642233
2089,Other,age_4554,Male,16,24.740073483
2089,NHW,age_5564,Female,17,45.411535449
2089,NHB,age_5564,Female,18,47.837474015
2089,HIS,age_5564,Female,19,49.227766035
2089,Other,age_5564,Female,20,44.322837358
2089,NHW,age_5564,Male,21,32.666711931
2089,NHB,age_5564,Male,22,19.273631717
2089,HIS,age_5564,Male,23,22.81565651
2089,Other,age_5564,Male,24,24.740046838
2089,NHW,age_65+,Female,25,0
2089,NHB,age_65+,Female,26,0
2089,HIS,age_65+,Female,27,0
2089,Other,age_65+,Female,28,0
2089,NHW,age_65+,Male,29,0
2089,NHB,age_65+,Male,30,0
2089,HIS,age_65+,Male,31,0
2089,Other,age_65+,Male,32,0
2090,NHW,age_2044,Female,1,47.465434204
2090,NHB,age_2044,Female,2,48.160217118
2090,HIS,age_2044,Female,3,52.222529655
2090,Other,age_2044,Female,4,49.081653438
2090,NHW,age_2044,Male,5,32.299993727
2090,NHB,age_2044,Male,6,18.649463316
2090,HIS,age_2044,Male,7,22.426828824
2090,Other,age_2044,Male,8,25.132659775
2090,NHW,age_4554,Female,9,45.411534998
2090,NHB,age_4554,Female,10,47.837480219
2090,HIS,age_4554,Female,11,49.227762747
2090,Other,age_4554,Female,12,44.322856236
2090,NHW,age_4554,Male,13,32.666708721
2090,NHB,age_4554,Male,14,19.273633112
2090,HIS,age_4554,Male,15,22.815642233
2090,Other,age_4554,Male,16,24.740073483
2090,NHW,age_5564,Female,17,45.411535449
2090,NHB,age_5564,Female,18,47.837474015
2090,HIS,age_5564,Female,19,49.227766035
2090,Other,age_5564,Female,20,44.322837358
2090,NHW,age_5564,Male,21,32.666711931
2090,NHB,age_5564,Male,22,19.273631717
2090,HIS,age_5564,Male,23,22.81565651
2090,Other,age_5564,Male,24,24.740046838
2090,NHW,age_65+,Female,25,0
2090,NHB,age_65+,Female,26,0
2090,HIS,age_65+,Female,27,0
2090,Other,age_65+,Female,28,0
2090,NHW,age_65+,Male,29,0
2090,NHB,age_65+,Male,30,0
2090,HIS,age_65+,Male,31,0
2090,Other,age_65+,Male,32,0
2091,NHW,age_2044,Female,1,47.465434204
2091,NHB,age_2044,Female,2,48.160217118
2091,HIS,age_2044,Female,3,52.222529655
2091,Other,age_2044,Female,4,49.081653438
2091,NHW,age_2044,Male,5,32.299993727
2091,NHB,age_2044,Male,6,18.649463316
2091,HIS,age_2044,Male,7,22.426828824
2091,Other,age_2044,Male,8,25.132659775
2091,NHW,age_4554,Female,9,45.411534998
2091,NHB,age_4554,Female,10,47.837480219
2091,HIS,age_4554,Female,11,49.227762747
2091,Other,age_4554,Female,12,44.322856236
2091,NHW,age_4554,Male,13,32.666708721
2091,NHB,age_4554,Male,14,19.273633112
2091,HIS,age_4554,Male,15,22.815642233
2091,Other,age_4554,Male,16,24.740073483
2091,NHW,age_5564,Female,17,45.411535449
2091,NHB,age_5564,Female,18,47.837474015
2091,HIS,age_5564,Female,19,49.227766035
2091,Other,age_5564,Female,20,44.322837358
2091,NHW,age_5564,Male,21,32.666711931
2091,NHB,age_5564,Male,22,19.273631717
2091,HIS,age_5564,Male,23,22.81565651
2091,Other,age_5564,Male,24,24.740046838
2091,NHW,age_65+,Female,25,0
2091,NHB,age_65+,Female,26,0
2091,HIS,age_65+,Female,27,0
2091,Other,age_65+,Female,28,0
2091,NHW,age_65+,Male,29,0
2091,NHB,age_65+,Male,30,0
2091,HIS,age_65+,Male,31,0
2091,Other,age_65+,Male,32,0
2092,NHW,age_2044,Female,1,47.465434204
2092,NHB,age_2044,Female,2,48.160217118
2092,HIS,age_2044,Female,3,52.222529655
2092,Other,age_2044,Female,4,49.081653438
2092,NHW,age_2044,Male,5,32.299993727
2092,NHB,age_2044,Male,6,18.649463316
2092,HIS,age_2044,Male,7,22.426828824
2092,Other,age_2044,Male,8,25.132659775
2092,NHW,age_4554,Female,9,45.411534998
2092,NHB,age_4554,Female,10,47.837480219
2092,HIS,age_4554,Female,11,49.227762747
2092,Other,age_4554,Female,12,44.322856236
2092,NHW,age_4554,Male,13,32.666708721
2092,NHB,age_4554,Male,14,19.273633112
2092,HIS,age_4554,Male,15,22.815642233
2092,Other,age_4554,Male,16,24.740073483
2092,NHW,age_5564,Female,17,45.411535449
2092,NHB,age_5564,Female,18,47.837474015
2092,HIS,age_5564,Female,19,49.227766035
2092,Other,age_5564,Female,20,44.322837358
2092,NHW,age_5564,Male,21,32.666711931
2092,NHB,age_5564,Male,22,19.273631717
2092,HIS,age_5564,Male,23,22.81565651
2092,Other,age_5564,Male,24,24.740046838
2092,NHW,age_65+,Female,25,0
2092,NHB,age_65+,Female,26,0
2092,HIS,age_65+,Female,27,0
2092,Other,age_65+,Female,28,0
2092,NHW,age_65+,Male,29,0
2092,NHB,age_65+,Male,30,0
2092,HIS,age_65+,Male,31,0
2092,Other,age_65+,Male,32,0
2093,NHW,age_2044,Female,1,47.465434204
2093,NHB,age_2044,Female,2,48.160217118
2093,HIS,age_2044,Female,3,52.222529655
2093,Other,age_2044,Female,4,49.081653438
2093,NHW,age_2044,Male,5,32.299993727
2093,NHB,age_2044,Male,6,18.649463316
2093,HIS,age_2044,Male,7,22.426828824
2093,Other,age_2044,Male,8,25.132659775
2093,NHW,age_4554,Female,9,45.411534998
2093,NHB,age_4554,Female,10,47.837480219
2093,HIS,age_4554,Female,11,49.227762747
2093,Other,age_4554,Female,12,44.322856236
2093,NHW,age_4554,Male,13,32.666708721
2093,NHB,age_4554,Male,14,19.273633112
2093,HIS,age_4554,Male,15,22.815642233
2093,Other,age_4554,Male,16,24.740073483
2093,NHW,age_5564,Female,17,45.411535449
2093,NHB,age_5564,Female,18,47.837474015
2093,HIS,age_5564,Female,19,49.227766035
2093,Other,age_5564,Female,20,44.322837358
2093,NHW,age_5564,Male,21,32.666711931
2093,NHB,age_5564,Male,22,19.273631717
2093,HIS,age_5564,Male,23,22.81565651
2093,Other,age_5564,Male,24,24.740046838
2093,NHW,age_65+,Female,25,0
2093,NHB,age_65+,Female,26,0
2093,HIS,age_65+,Female,27,0
2093,Other,age_65+,Female,28,0
2093,NHW,age_65+,Male,29,0
2093,NHB,age_65+,Male,30,0
2093,HIS,age_65+,Male,31,0
2093,Other,age_65+,Male,32,0
2094,NHW,age_2044,Female,1,47.465434204
2094,NHB,age_2044,Female,2,48.160217118
2094,HIS,age_2044,Female,3,52.222529655
2094,Other,age_2044,Female,4,49.081653438
2094,NHW,age_2044,Male,5,32.299993727
2094,NHB,age_2044,Male,6,18.649463316
2094,HIS,age_2044,Male,7,22.426828824
2094,Other,age_2044,Male,8,25.132659775
2094,NHW,age_4554,Female,9,45.411534998
2094,NHB,age_4554,Female,10,47.837480219
2094,HIS,age_4554,Female,11,49.227762747
2094,Other,age_4554,Female,12,44.322856236
2094,NHW,age_4554,Male,13,32.666708721
2094,NHB,age_4554,Male,14,19.273633112
2094,HIS,age_4554,Male,15,22.815642233
2094,Other,age_4554,Male,16,24.740073483
2094,NHW,age_5564,Female,17,45.411535449
2094,NHB,age_5564,Female,18,47.837474015
2094,HIS,age_5564,Female,19,49.227766035
2094,Other,age_5564,Female,20,44.322837358
2094,NHW,age_5564,Male,21,32.666711931
2094,NHB,age_5564,Male,22,19.273631717
2094,HIS,age_5564,Male,23,22.81565651
2094,Other,age_5564,Male,24,24.740046838
2094,NHW,age_65+,Female,25,0
2094,NHB,age_65+,Female,26,0
2094,HIS,age_65+,Female,27,0
2094,Other,age_65+,Female,28,0
2094,NHW,age_65+,Male,29,0
2094,NHB,age_65+,Male,30,0
2094,HIS,age_65+,Male,31,0
2094,Other,age_65+,Male,32,0
2095,NHW,age_2044,Female,1,47.465434204
2095,NHB,age_2044,Female,2,48.160217118
2095,HIS,age_2044,Female,3,52.222529655
2095,Other,age_2044,Female,4,49.081653438
2095,NHW,age_2044,Male,5,32.299993727
2095,NHB,age_2044,Male,6,18.649463316
2095,HIS,age_2044,Male,7,22.426828824
2095,Other,age_2044,Male,8,25.132659775
2095,NHW,age_4554,Female,9,45.411534998
2095,NHB,age_4554,Female,10,47.837480219
2095,HIS,age_4554,Female,11,49.227762747
2095,Other,age_4554,Female,12,44.322856236
2095,NHW,age_4554,Male,13,32.666708721
2095,NHB,age_4554,Male,14,19.273633112
2095,HIS,age_4554,Male,15,22.815642233
2095,Other,age_4554,Male,16,24.740073483
2095,NHW,age_5564,Female,17,45.411535449
2095,NHB,age_5564,Female,18,47.837474015
2095,HIS,age_5564,Female,19,49.227766035
2095,Other,age_5564,Female,20,44.322837358
2095,NHW,age_5564,Male,21,32.666711931
2095,NHB,age_5564,Male,22,19.273631717
2095,HIS,age_5564,Male,23,22.81565651
2095,Other,age_5564,Male,24,24.740046838
2095,NHW,age_65+,Female,25,0
2095,NHB,age_65+,Female,26,0
2095,HIS,age_65+,Female,27,0
2095,Other,age_65+,Female,28,0
2095,NHW,age_65+,Male,29,0
2095,NHB,age_65+,Male,30,0
2095,HIS,age_65+,Male,31,0
2095,Other,age_65+,Male,32,0
2096,NHW,age_2044,Female,1,47.465434204
2096,NHB,age_2044,Female,2,48.160217118
2096,HIS,age_2044,Female,3,52.222529655
2096,Other,age_2044,Female,4,49.081653438
2096,NHW,age_2044,Male,5,32.299993727
2096,NHB,age_2044,Male,6,18.649463316
2096,HIS,age_2044,Male,7,22.426828824
2096,Other,age_2044,Male,8,25.132659775
2096,NHW,age_4554,Female,9,45.411534998
2096,NHB,age_4554,Female,10,47.837480219
2096,HIS,age_4554,Female,11,49.227762747
2096,Other,age_4554,Female,12,44.322856236
2096,NHW,age_4554,Male,13,32.666708721
2096,NHB,age_4554,Male,14,19.273633112
2096,HIS,age_4554,Male,15,22.815642233
2096,Other,age_4554,Male,16,24.740073483
2096,NHW,age_5564,Female,17,45.411535449
2096,NHB,age_5564,Female,18,47.837474015
2096,HIS,age_5564,Female,19,49.227766035
2096,Other,age_5564,Female,20,44.322837358
2096,NHW,age_5564,Male,21,32.666711931
2096,NHB,age_5564,Male,22,19.273631717
2096,HIS,age_5564,Male,23,22.81565651
2096,Other,age_5564,Male,24,24.740046838
2096,NHW,age_65+,Female,25,0
2096,NHB,age_65+,Female,26,0
2096,HIS,age_65+,Female,27,0
2096,Other,age_65+,Female,28,0
2096,NHW,age_65+,Male,29,0
2096,NHB,age_65+,Male,30,0
2096,HIS,age_65+,Male,31,0
2096,Other,age_65+,Male,32,0
2097,NHW,age_2044,Female,1,47.465434204
2097,NHB,age_2044,Female,2,48.160217118
2097,HIS,age_2044,Female,3,52.222529655
2097,Other,age_2044,Female,4,49.081653438
2097,NHW,age_2044,Male,5,32.299993727
2097,NHB,age_2044,Male,6,18.649463316
2097,HIS,age_2044,Male,7,22.426828824
2097,Other,age_2044,Male,8,25.132659775
2097,NHW,age_4554,Female,9,45.411534998
2097,NHB,age_4554,Female,10,47.837480219
2097,HIS,age_4554,Female,11,49.227762747
2097,Other,age_4554,Female,12,44.322856236
2097,NHW,age_4554,Male,13,32.666708721
2097,NHB,age_4554,Male,14,19.273633112
2097,HIS,age_4554,Male,15,22.815642233
2097,Other,age_4554,Male,16,24.740073483
2097,NHW,age_5564,Female,17,45.411535449
2097,NHB,age_5564,Female,18,47.837474015
2097,HIS,age_5564,Female,19,49.227766035
2097,Other,age_5564,Female,20,44.322837358
2097,NHW,age_5564,Male,21,32.666711931
2097,NHB,age_5564,Male,22,19.273631717
2097,HIS,age_5564,Male,23,22.81565651
2097,Other,age_5564,Male,24,24.740046838
2097,NHW,age_65+,Female,25,0
2097,NHB,age_65+,Female,26,0
2097,HIS,age_65+,Female,27,0
2097,Other,age_65+,Female,28,0
2097,NHW,age_65+,Male,29,0
2097,NHB,age_65+,Male,30,0
2097,HIS,age_65+,Male,31,0
2097,Other,age_65+,Male,32,0
