diet_pattern,food_group,outcome,impact_median_year,my_sum,my_prop
Med,added_sugar,BLUEWATER (L),-3716.049356920374,33091.111639906536,-11.229750748049726
Med,dairy_cow,BLUEWATER (L),5151.058899201854,33091.111639906536,15.566291502247045
Med,dairy_soy,BLUEWATER (L),-8.139631741599558,33091.111639906536,-0.024597637668308168
Med,dairy_tot,BLUEWATER (L),0,33091.111639906536,0
Med,fruit_exc_juice,BLUEWATER (L),32421.615846598364,33091.111639906536,97.97681081072905
Med,fruit_juice,BLUEWATER (L),11640.704766256034,33091.111639906536,35.17773864150824
Med,gr_refined,BLUEWATER (L),-10990.762511755927,33091.111639906536,-33.21363945507807
Med,gr_whole,BLUEWATER (L),9837.98320066876,33091.111639906536,29.729987036170012
Med,leg_tot,BLUEWATER (L),1354.8095216502895,33091.111639906536,4.094179537977335
Med,oil,BLUEWATER (L),-102.96008113831232,33091.111639906536,-0.3111411978500796
Med,pf_egg,BLUEWATER (L),-1368.73965167745,33091.111639906536,-4.1362758270919056
Med,pf_ns,BLUEWATER (L),-3149.2128004432257,33091.111639906536,-9.516793617309014
Med,pf_pm,BLUEWATER (L),0,33091.111639906536,0
Med,pf_poultry,BLUEWATER (L),0,33091.111639906536,0
Med,pf_poultry_tot,BLUEWATER (L),-4298.673213518297,33091.111639906536,-12.990416460758219
Med,pf_redm,BLUEWATER (L),0,33091.111639906536,0
Med,pf_redm_tot,BLUEWATER (L),-8084.6593030447875,33091.111639906536,-24.431513184026784
Med,pf_seafood,BLUEWATER (L),1207.8255755972782,33091.111639906536,3.6500000022383343
Med,sat_fat,BLUEWATER (L),-5532.975374220354,33091.111639906536,-16.720427631532967
Med,veg_dg,BLUEWATER (L),980.3363486791234,33091.111639906536,2.9625367662078705
Med,veg_oth,BLUEWATER (L),197.06003872019315,33091.111639906536,0.5955074609296194
Med,veg_ro,BLUEWATER (L),3019.7293664120166,33091.111639906536,9.125499920559772
Med,veg_sta,BLUEWATER (L),4532.160000582953,33091.111639906536,13.696004080797794
Med,dairy_tot,Cancer (cases),4477.11608444943,54425.416233756565,8.226149461531476
Med,fruit_exc_juice,Cancer (cases),7428.24472556207,54425.416233756565,13.648484916785645
Med,gr_whole,Cancer (cases),29263.258955636,54425.416233756565,53.76763464692787
Med,leg_tot,Cancer (cases),2808.07095930982,54425.416233756565,5.159484582073174
Med,pf_ns,Cancer (cases),80.8919030574992,54425.416233756565,0.14862891026881517
Med,pf_pm,Cancer (cases),3983.37567018598,54425.416233756565,7.318962252998536
Med,pf_redm,Cancer (cases),2239.23645955884,54425.416233756565,4.1143212390720985
Med,pf_seafood,Cancer (cases),0,54425.416233756565,0
Med,sodium,Cancer (cases),0,54425.416233756565,0
Med,ssb,Cancer (cases),337.809897750778,54425.416233756565,0.6206840868242297
Med,veg_exc_sta,Cancer (cases),3807.41157824615,54425.416233756565,6.995649903518163
Med,added_sugar,CED (mJ),-187.38254318754528,4177.503594429085,-4.485514828459502
Med,dairy_cow,CED (mJ),415.36148012286395,4177.503594429085,9.94281562502471
Med,dairy_soy,CED (mJ),-1.0605391111556681,4177.503594429085,-0.0253869107993097
Med,dairy_tot,CED (mJ),0,4177.503594429085,0
Med,fruit_exc_juice,CED (mJ),524.9982508313701,4177.503594429085,12.567272270728436
Med,fruit_juice,CED (mJ),288.30518682763926,4177.503594429085,6.901374955418567
Med,gr_refined,CED (mJ),-128.25736494376468,4177.503594429085,-3.070191611918718
Med,gr_whole,CED (mJ),160.61209568161402,4177.503594429085,3.8446907836488395
Med,leg_tot,CED (mJ),26.042366678921834,4177.503594429085,0.6233954343845608
Med,oil,CED (mJ),-3.3191622371172618,4177.503594429085,-0.07945324670799887
Med,pf_egg,CED (mJ),-69.96966500737624,4177.503594429085,-1.6749157343798429
Med,pf_ns,CED (mJ),-7.667099447393236,4177.503594429085,-0.18353304249977678
Med,pf_pm,CED (mJ),0,4177.503594429085,0
Med,pf_poultry,CED (mJ),0,4177.503594429085,0
Med,pf_poultry_tot,CED (mJ),-134.2975251139668,4177.503594429085,-3.2147794030161805
Med,pf_redm,CED (mJ),0,4177.503594429085,0
Med,pf_redm_tot,CED (mJ),-356.492106898261,4177.503594429085,-8.533615802836447
Med,pf_seafood,CED (mJ),3655.5941301863168,4177.503594429085,87.50666630332141
Med,sat_fat,CED (mJ),-310.5936557514674,4177.503594429085,-7.4349105567655265
Med,veg_dg,CED (mJ),15.767269062632696,4177.503594429085,0.3774328066086923
Med,veg_oth,CED (mJ),3.181936294927731,4177.503594429085,0.07616836761483595
Med,veg_ro,CED (mJ),170.15879787747903,4177.503594429085,4.073217270342855
Med,veg_sta,CED (mJ),116.52174256336673,4177.503594429085,2.7892673202903873
Med,dairy_tot,CVD (deaths),0,235680.3031374776,0
Med,fruit_exc_juice,CVD (deaths),58259.9601887031,235680.3031374776,24.719910579340507
Med,gr_whole,CVD (deaths),50128.7648128309,235680.3031374776,21.269815145981745
Med,leg_tot,CVD (deaths),9893.13840012968,235680.3031374776,4.1976941935443755
Med,pf_ns,CVD (deaths),5106.97662480966,235680.3031374776,2.166908543829667
Med,pf_pm,CVD (deaths),21506.2753686045,235680.3031374776,9.125189963821205
Med,pf_redm,CVD (deaths),8405.53315435494,235680.3031374776,3.566497939139107
Med,pf_seafood,CVD (deaths),13201.0655385379,235680.3031374776,5.601259571885998
Med,sodium,CVD (deaths),42819.5613826702,235680.3031374776,18.16849385062637
Med,ssb,CVD (deaths),7170.48946306813,235680.3031374776,3.0424644603776767
Med,veg_exc_sta,CVD (deaths),19188.5382037686,235680.3031374776,8.141765751453356
Med,added_sugar,Food_price ($),-304.6369429648561,1716.9431538686074,-17.74298364383525
Med,dairy_cow,Food_price ($),0,1716.9431538686074,0
Med,dairy_soy,Food_price ($),0,1716.9431538686074,0
Med,dairy_tot,Food_price ($),88.79820275994771,1716.9431538686074,5.171877855121066
Med,fruit_exc_juice,Food_price ($),807.3554683975084,1716.9431538686074,47.0228421120629
Med,fruit_juice,Food_price ($),80.26167734763511,1716.9431538686074,4.674684608327883
Med,gr_refined,Food_price ($),-380.9164019381114,1716.9431538686074,-22.18573172209182
Med,gr_whole,Food_price ($),271.7238228196764,1716.9431538686074,15.82602325577464
Med,leg_tot,Food_price ($),30.221669450778307,1716.9431538686074,1.7602021000335972
Med,oil,Food_price ($),-2.553465097186026,1716.9431538686074,-0.14872158646793704
Med,pf_egg,Food_price ($),-85.0564138767688,1716.9431538686074,-4.953944671092932
Med,pf_ns,Food_price ($),-10.95927810739191,1716.9431538686074,-0.6383017447431805
Med,pf_pm,Food_price ($),-63.48235487149642,1716.9431538686074,-3.6974057486095746
Med,pf_poultry,Food_price ($),-133.09739153248358,1716.9431538686074,-7.7519975680376625
Med,pf_poultry_tot,Food_price ($),0,1716.9431538686074,0
Med,pf_redm,Food_price ($),-222.15166812293634,1716.9431538686074,-12.938789943183929
Med,pf_redm_tot,Food_price ($),0,1716.9431538686074,0
Med,pf_seafood,Food_price ($),1367.1219084049555,1716.9431538686074,79.62534492330533
Med,sat_fat,Food_price ($),-31.87534722663274,1716.9431538686074,-1.856517331678185
Med,veg_dg,Food_price ($),27.128042031950084,1716.9431538686074,1.5800198143325432
Med,veg_oth,Food_price ($),23.558141662822543,1716.9431538686074,1.3720979410262628
Med,veg_ro,Food_price ($),178.83997962356838,1716.9431538686074,10.416185254625761
Med,veg_sta,Food_price ($),76.66350510762828,1716.9431538686074,4.465116095130493
Med,added_sugar,GHG (kgCO2eq),-19.27578764493666,149.73597280613185,-12.873184234688656
Med,dairy_cow,GHG (kgCO2eq),77.10499171885527,149.73597280613185,51.49396652912902
Med,dairy_soy,GHG (kgCO2eq),-0.1627918790940658,149.73597280613185,-0.10871928504771386
Med,dairy_tot,GHG (kgCO2eq),0,149.73597280613185,0
Med,fruit_exc_juice,GHG (kgCO2eq),69.0128224310766,149.73597280613185,46.08967447016209
Med,fruit_juice,GHG (kgCO2eq),36.519342730317945,149.73597280613185,24.389157826223062
Med,gr_refined,GHG (kgCO2eq),-22.359492488707655,149.73597280613185,-14.932612430853363
Med,gr_whole,GHG (kgCO2eq),25.38609137270057,149.73597280613185,16.95390285777806
Med,leg_tot,GHG (kgCO2eq),4.478445641686562,149.73597280613185,2.99089494512114
Med,oil,GHG (kgCO2eq),-0.4056823697820529,149.73597280613185,-0.27093180227793584
Med,pf_egg,GHG (kgCO2eq),-11.419581982251596,149.73597280613185,-7.6264786398635875
Med,pf_ns,GHG (kgCO2eq),-1.37497950068513,149.73597280613185,-0.9182693209369012
Med,pf_pm,GHG (kgCO2eq),0,149.73597280613185,0
Med,pf_poultry,GHG (kgCO2eq),0,149.73597280613185,0
Med,pf_poultry_tot,GHG (kgCO2eq),-19.48912993803272,149.73597280613185,-13.015663218928655
Med,pf_redm,GHG (kgCO2eq),0,149.73597280613185,0
Med,pf_redm_tot,GHG (kgCO2eq),-155.1749485416912,149.73597280613185,-103.63237746657002
Med,pf_seafood,GHG (kgCO2eq),215.26401465535812,149.73597280613185,143.7623909747243
Med,sat_fat,GHG (kgCO2eq),-84.15525954150688,149.73597280613185,-56.20243283186566
Med,veg_dg,GHG (kgCO2eq),1.793576149465632,149.73597280613185,1.197825823583378
Med,veg_oth,GHG (kgCO2eq),0.30724730843181963,149.73597280613185,0.20519271533342423
Med,veg_ro,GHG (kgCO2eq),20.504831976270793,149.73597280613185,13.693991892528778
Med,veg_sta,GHG (kgCO2eq),13.182262708656491,149.73597280613185,8.803671196449237
Med,added_sugar,WATER (litereq),-13733.037955128573,327187.2271800132,-4.19730258833511
Med,dairy_cow,WATER (litereq),21585.9211704262,327187.2271800132,6.597421713699713
Med,dairy_soy,WATER (litereq),-14.19192521881412,327187.2271800132,-0.004337554782053258
Med,dairy_tot,WATER (litereq),0,327187.2271800132,0
Med,fruit_exc_juice,WATER (litereq),239848.10514045347,327187.2271800132,73.30607224728027
Med,fruit_juice,WATER (litereq),99116.92745697079,327187.2271800132,30.293642056643684
Med,gr_refined,WATER (litereq),-34562.706749688885,327187.2271800132,-10.563586802449668
Med,gr_whole,WATER (litereq),45706.92268923956,327187.2271800132,13.969653731040161
Med,leg_tot,WATER (litereq),5300.179021824122,327187.2271800132,1.6199223507304117
Med,oil,WATER (litereq),-287.78374335687874,327187.2271800132,-0.08795690034640158
Med,pf_egg,WATER (litereq),-3140.872395879844,327187.2271800132,-0.9599618001444129
Med,pf_ns,WATER (litereq),-18104.02566098504,327187.2271800132,-5.533231176846795
Med,pf_pm,WATER (litereq),0,327187.2271800132,0
Med,pf_poultry,WATER (litereq),0,327187.2271800132,0
Med,pf_poultry_tot,WATER (litereq),-9228.945292729048,327187.2271800132,-2.820692412803581
Med,pf_redm,WATER (litereq),0,327187.2271800132,0
Med,pf_redm_tot,WATER (litereq),-45928.924444626326,327187.2271800132,-14.037505326990335
Med,pf_seafood,WATER (litereq),8360.065726656243,327187.2271800132,2.5551320565630355
Med,sat_fat,WATER (litereq),-25039.661399676053,327187.2271800132,-7.653007000147848
Med,veg_dg,WATER (litereq),12286.825395787515,327187.2271800132,3.755288830094672
Med,veg_oth,WATER (litereq),1656.1679873727753,327187.2271800132,0.5061835700760954
Med,veg_ro,WATER (litereq),23314.739278418798,327187.2271800132,7.125809732661538
Med,veg_sta,WATER (litereq),20051.522880153167,327187.2271800132,6.1284552740566305
US,added_sugar,BLUEWATER (L),-3712.2306816562495,26666.060283830724,-13.92118161492046
US,dairy_cow,BLUEWATER (L),13483.903960155094,26666.060283830724,50.565789684092245
US,dairy_soy,BLUEWATER (L),-8.27328298331695,26666.060283830724,-0.0310255166877184
US,dairy_tot,BLUEWATER (L),0,26666.060283830724,0
US,fruit_exc_juice,BLUEWATER (L),22246.953869346795,26666.060283830724,83.42797410848311
US,fruit_juice,BLUEWATER (L),7891.914892850655,26666.060283830724,29.595353827486882
US,gr_refined,BLUEWATER (L),-10990.797751438777,26666.060283830724,-41.21642880295735
US,gr_whole,BLUEWATER (L),9839.172516003144,26666.060283830724,36.897735965778345
US,leg_tot,BLUEWATER (L),1361.1971416064189,26666.060283830724,5.104605356464287
US,oil,BLUEWATER (L),-103.97475262253585,26666.060283830724,-0.3899141887321921
US,pf_egg,BLUEWATER (L),-1370.0507123257378,26666.060283830724,-5.137807001645774
US,pf_ns,BLUEWATER (L),-3199.5652975590506,26666.060283830724,-11.99864270725865
US,pf_pm,BLUEWATER (L),0,26666.060283830724,0
US,pf_poultry,BLUEWATER (L),0,26666.060283830724,0
US,pf_poultry_tot,BLUEWATER (L),-4303.68206386876,26666.060283830724,-16.139174733953286
US,pf_redm,BLUEWATER (L),0,26666.060283830724,0
US,pf_redm_tot,BLUEWATER (L),-8089.096578063031,26666.060283830724,-30.334801961607916
US,pf_seafood,BLUEWATER (L),418.3173154175898,26666.060283830724,1.568725604626497
US,sat_fat,BLUEWATER (L),-5533.6361837867835,26666.060283830724,-20.751607567399706
US,veg_dg,BLUEWATER (L),975.8804619177096,26666.060283830724,3.6596349499346403
US,veg_oth,BLUEWATER (L),204.61587698850525,26666.060283830724,0.7673269872286925
US,veg_ro,BLUEWATER (L),3020.5490022372906,26666.060283830724,11.327316334272428
US,veg_sta,BLUEWATER (L),4534.862551611764,26666.060283830724,17.00612127679592
US,dairy_tot,Cancer (cases),10758.560465923,58280.07568440919,18.46010036805954
US,fruit_exc_juice,Cancer (cases),5001.45979474112,58280.07568440919,8.581766128486835
US,gr_whole,Cancer (cases),29263.258955636,58280.07568440919,50.21142922685732
US,leg_tot,Cancer (cases),2808.07095930982,58280.07568440919,4.818234922198329
US,pf_ns,Cancer (cases),80.8919030574992,58280.07568440919,0.1387985552653272
US,pf_pm,Cancer (cases),3983.37567018598,58280.07568440919,6.8348841750931255
US,pf_redm,Cancer (cases),2239.23645955884,58280.07568440919,3.8421989560968774
US,pf_seafood,Cancer (cases),0,58280.07568440919,0
US,sodium,Cancer (cases),0,58280.07568440919,0
US,ssb,Cancer (cases),337.809897750778,58280.07568440919,0.5796318789633064
US,veg_exc_sta,Cancer (cases),3807.41157824615,58280.07568440919,6.532955788979339
US,added_sugar,CED (mJ),-187.2160515970218,2192.143243189986,-8.540320171987792
US,dairy_cow,CED (mJ),1087.289898314381,2192.143243189986,49.59940011639782
US,dairy_soy,CED (mJ),-1.0779529664252383,2192.143243189986,-0.04917347302800392
US,dairy_tot,CED (mJ),0,2192.143243189986,0
US,fruit_exc_juice,CED (mJ),361.159140577345,2192.143243189986,16.475161543357434
US,fruit_juice,CED (mJ),194.98398635717916,2192.143243189986,8.89467360141303
US,gr_refined,CED (mJ),-128.27015444896503,2192.143243189986,-5.851358247114705
US,gr_whole,CED (mJ),160.65909626749058,2192.143243189986,7.328859405816063
US,leg_tot,CED (mJ),26.1645762762178,2192.143243189986,1.1935614316035004
US,oil,CED (mJ),-3.351631090516256,2192.143243189986,-0.15289288694652062
US,pf_egg,CED (mJ),-70.03668613462466,2192.143243189986,-3.1948955138856685
US,pf_ns,CED (mJ),-7.8198228706085855,2192.143243189986,-0.3567204330693853
US,pf_pm,CED (mJ),0,2192.143243189986,0
US,pf_poultry,CED (mJ),0,2192.143243189986,0
US,pf_poultry_tot,CED (mJ),-134.45222504754722,2192.143243189986,-6.13336858643843
US,pf_redm,CED (mJ),0,2192.143243189986,0
US,pf_redm_tot,CED (mJ),-356.7374227369839,2192.143243189986,-16.273454020179035
US,pf_seafood,CED (mJ),1255.702457310787,2192.143243189986,57.28195277437712
US,sat_fat,CED (mJ),-310.61717806390214,2192.143243189986,-14.169565744795717
US,veg_dg,CED (mJ),15.6919746594159,2192.143243189986,0.7158279783113574
US,veg_oth,CED (mJ),3.3067959756774146,2192.143243189986,0.15084762302601157
US,veg_ro,CED (mJ),170.14971861247872,2192.143243189986,7.761797461961402
US,veg_sta,CED (mJ),116.61472379560841,2192.143243189986,5.319667141181512
US,dairy_tot,CVD (deaths),0,209923.31621043666,0
US,fruit_exc_juice,CVD (deaths),39346.7270002041,209923.31621043666,18.743381016695235
US,gr_whole,CVD (deaths),50128.7648128309,209923.31621043666,23.87956026884577
US,leg_tot,CVD (deaths),9893.13840012968,209923.31621043666,4.712739193874181
US,pf_ns,CVD (deaths),5106.97662480966,209923.31621043666,2.432781987728412
US,pf_pm,CVD (deaths),21506.2753686045,209923.31621043666,10.244824518228187
US,pf_redm,CVD (deaths),8405.53315435494,209923.31621043666,4.004096975072961
US,pf_seafood,CVD (deaths),6357.31179999595,209923.31621043666,3.0283971855813734
US,sodium,CVD (deaths),42819.5613826702,209923.31621043666,20.39771577338552
US,ssb,CVD (deaths),7170.48946306813,209923.31621043666,3.415766096168234
US,veg_exc_sta,CVD (deaths),19188.5382037686,209923.31621043666,9.140736984420128
US,added_sugar,Food_price ($),-304.38798076368926,697.5968972511714,-43.63379223203363
US,dairy_cow,Food_price ($),0,697.5968972511714,0
US,dairy_soy,Food_price ($),0,697.5968972511714,0
US,dairy_tot,Food_price ($),236.3111626832101,697.5968972511714,33.875030639381656
US,fruit_exc_juice,Food_price ($),555.6622484155922,697.5968972511714,79.65377291744528
US,fruit_juice,Food_price ($),54.442739286392914,697.5968972511714,7.804326467179036
US,gr_refined,Food_price ($),-380.70363941821677,697.5968972511714,-54.57358553605257
US,gr_whole,Food_price ($),271.8289844117271,697.5968972511714,38.96648415192914
US,leg_tot,Food_price ($),30.34823674770337,697.5968972511714,4.350397323624622
US,oil,Food_price ($),-2.5557202503546588,697.5968972511714,-0.36636061032170353
US,pf_egg,Food_price ($),-85.55926478691174,697.5968972511714,-12.264857416088237
US,pf_ns,Food_price ($),-11.182278015544846,697.5968972511714,-1.6029712946843342
US,pf_pm,Food_price ($),-62.91712156222055,697.5968972511714,-9.019122907533102
US,pf_poultry,Food_price ($),-133.53534215419734,697.5968972511714,-19.142192673216208
US,pf_poultry_tot,Food_price ($),0,697.5968972511714,0
US,pf_redm,Food_price ($),-222.15128279702037,697.5968972511714,-31.8452223156942
US,pf_redm_tot,Food_price ($),0,697.5968972511714,0
US,pf_seafood,Food_price ($),476.754434025605,697.5968972511714,68.34239600322483
US,sat_fat,Food_price ($),-31.885774848203006,697.5968972511714,-4.5708022747587504
US,veg_dg,Food_price ($),27.174437911929605,697.5968972511714,3.8954356045745695
US,veg_oth,Food_price ($),24.430399896236548,697.5968972511714,3.5020797816765983
US,veg_ro,Food_price ($),178.8474218229825,697.5968972511714,25.63764582780076
US,veg_sta,Food_price ($),76.6752366461506,697.5968972511714,10.99133854354623
US,added_sugar,GHG (kgCO2eq),-19.257731063195564,100.71361402695786,-19.12127893458463
US,dairy_cow,GHG (kgCO2eq),201.8373937340721,100.71361402695786,200.40725941981052
US,dairy_soy,GHG (kgCO2eq),-0.16546489151933635,100.71361402695786,-0.16429247735568958
US,dairy_tot,GHG (kgCO2eq),0,100.71361402695786,0
US,fruit_exc_juice,GHG (kgCO2eq),47.442715301281076,100.71361402695786,47.10655630785145
US,fruit_juice,GHG (kgCO2eq),24.670348150079807,100.71361402695786,24.495544508487534
US,gr_refined,GHG (kgCO2eq),-22.366895066752573,100.71361402695786,-22.20841271842917
US,gr_whole,GHG (kgCO2eq),25.39687072969973,100.71361402695786,25.216919256717162
US,leg_tot,GHG (kgCO2eq),4.497364304667854,100.71361402695786,4.465497885384245
US,oil,GHG (kgCO2eq),-0.4097349317750335,100.71361402695786,-0.4068317235298104
US,pf_egg,GHG (kgCO2eq),-11.430520340425415,100.71361402695786,-11.349528512963328
US,pf_ns,GHG (kgCO2eq),-1.3971856813123358,100.71361402695786,-1.3872858151414895
US,pf_pm,GHG (kgCO2eq),0,100.71361402695786,0
US,pf_poultry,GHG (kgCO2eq),0,100.71361402695786,0
US,pf_poultry_tot,GHG (kgCO2eq),-19.50370555538842,100.71361402695786,-19.365510555671147
US,pf_redm,GHG (kgCO2eq),0,100.71361402695786,0
US,pf_redm_tot,GHG (kgCO2eq),-155.19061708856188,100.71361402695786,-154.0910020834147
US,pf_seafood,GHG (kgCO2eq),74.93561918197416,100.71361402695786,74.40465711211223
US,sat_fat,GHG (kgCO2eq),-84.1669963074048,100.71361402695786,-83.57062460778734
US,veg_dg,GHG (kgCO2eq),1.7865618361515678,100.71361402695786,1.773903015408981
US,veg_oth,GHG (kgCO2eq),0.33418260657586274,100.71361402695786,0.3318147301182267
US,veg_ro,GHG (kgCO2eq),20.50552732691668,100.71361402695786,20.360233842296633
US,veg_sta,GHG (kgCO2eq),13.195881781874387,100.71361402695786,13.10238135069035
US,added_sugar,WATER (litereq),-13719.100482838552,249363.5608916803,-5.501646043945418
US,dairy_cow,WATER (litereq),56505.369798548716,249363.5608916803,22.65983433846366
US,dairy_soy,WATER (litereq),-14.424953995553636,249363.5608916803,-0.005784708055969578
US,dairy_tot,WATER (litereq),0,249363.5608916803,0
US,fruit_exc_juice,WATER (litereq),164575.13154578826,249363.5608916803,65.99806762355193
US,fruit_juice,WATER (litereq),67437.79567518839,249363.5608916803,27.04396561953265
US,gr_refined,WATER (litereq),-34567.882122503725,249363.5608916803,-13.862443253094018
US,gr_whole,WATER (litereq),45701.64040735616,249363.5608916803,18.327313038013703
US,leg_tot,WATER (litereq),5324.1947539944695,249363.5608916803,2.1351133802212656
US,oil,WATER (litereq),-290.1858285128894,249363.5608916803,-0.11637058256436339
US,pf_egg,WATER (litereq),-3143.880911191344,249363.5608916803,-1.2607619573402697
US,pf_ns,WATER (litereq),-18434.224407276954,249363.5608916803,-7.392509290996409
US,pf_pm,WATER (litereq),0,249363.5608916803,0
US,pf_poultry,WATER (litereq),0,249363.5608916803,0
US,pf_poultry_tot,WATER (litereq),-9239.741163438792,249363.5608916803,-3.7053293313582385
US,pf_redm,WATER (litereq),0,249363.5608916803,0
US,pf_redm_tot,WATER (litereq),-45942.034433553985,249363.5608916803,-18.423716067124378
US,pf_seafood,WATER (litereq),2889.584054531812,249363.5608916803,1.1587836026238825
US,sat_fat,WATER (litereq),-25043.199579888333,249363.5608916803,-10.042846472972332
US,veg_dg,WATER (litereq),12210.259978014965,249363.5608916803,4.896569464421032
US,veg_oth,WATER (litereq),1720.7317899831455,249363.5608916803,0.6900494137275354
US,veg_ro,WATER (litereq),23322.81251339208,249363.5608916803,9.352935300568294
US,veg_sta,WATER (litereq),20070.714258082422,249363.5608916803,8.048775926327437
Veg,added_sugar,BLUEWATER (L),-3695.2353032972924,-3499.637122468255,105.58909892609336
Veg,dairy_cow,BLUEWATER (L),13483.349380516323,-3499.637122468255,-385.27849913212344
Veg,dairy_soy,BLUEWATER (L),-8.129004661283298,-3499.637122468255,0.23228135880413803
Veg,dairy_tot,BLUEWATER (L),0,-3499.637122468255,-0
Veg,fruit_exc_juice,BLUEWATER (L),22254.7824675387,-3499.637122468255,-635.9168590554511
Veg,fruit_juice,BLUEWATER (L),7883.7968918993965,-3499.637122468255,-225.27469609017757
Veg,gr_refined,BLUEWATER (L),-10993.96893094031,-3499.637122468255,314.1459684593352
Veg,gr_whole,BLUEWATER (L),12173.889916544927,-3499.637122468255,-347.86149222119406
Veg,leg_tot,BLUEWATER (L),10022.819715868374,-3499.637122468255,-286.3959709285342
Veg,oil,BLUEWATER (L),-103.13193897381505,-3499.637122468255,2.946932363692532
Veg,pf_egg,BLUEWATER (L),-1925.8181314264307,-3499.637122468255,55.029080559877386
Veg,pf_ns,BLUEWATER (L),4964.329261512823,-3499.637122468255,-141.8526860868231
Veg,pf_pm,BLUEWATER (L),0,-3499.637122468255,-0
Veg,pf_poultry,BLUEWATER (L),0,-3499.637122468255,-0
Veg,pf_poultry_tot,BLUEWATER (L),-20917.025257735233,-3499.637122468255,597.6912612866184
Veg,pf_redm,BLUEWATER (L),0,-3499.637122468255,-0
Veg,pf_redm_tot,BLUEWATER (L),-39593.82215376456,-3499.637122468255,1131.3693611136312
Veg,pf_seafood,BLUEWATER (L),-484.51182471326825,-3499.637122468255,13.844630393323392
Veg,sat_fat,BLUEWATER (L),-5286.482659960616,-3499.637122468255,151.05802330248795
Veg,veg_dg,BLUEWATER (L),980.955918439638,-3499.637122468255,-28.030218108664386
Veg,veg_oth,BLUEWATER (L),195.6390446726951,-3499.637122468255,-5.5902665855456775
Veg,veg_ro,BLUEWATER (L),3018.498087742651,-3499.637122468255,-86.2517450270312
Veg,veg_sta,BLUEWATER (L),4530.427398269025,-3499.637122468255,-129.4542045283188
Veg,dairy_tot,Cancer (cases),10758.560465923,86509.0391906922,12.43634256786492
Veg,fruit_exc_juice,Cancer (cases),5001.45979474112,86509.0391906922,5.781430289286168
Veg,gr_whole,Cancer (cases),29263.258955636,86509.0391906922,33.8268222944089
Veg,leg_tot,Cancer (cases),13214.9730852266,86509.0391906922,15.275829218374263
Veg,pf_ns,Cancer (cases),620.024655163077,86509.0391906922,0.7167166124644551
Veg,pf_pm,Cancer (cases),14009.0897748626,86509.0391906922,16.193787268845178
Veg,pf_redm,Cancer (cases),9496.45098314288,86509.0391906922,10.977408918170756
Veg,pf_seafood,Cancer (cases),0,86509.0391906922,0
Veg,sodium,Cancer (cases),0,86509.0391906922,0
Veg,ssb,Cancer (cases),337.809897750778,86509.0391906922,0.3904908676723855
Veg,veg_exc_sta,Cancer (cases),3807.41157824615,86509.0391906922,4.401171962912983
Veg,added_sugar,CED (mJ),-186.35081981309995,-2264.7271396927936,8.228400523269135
Veg,dairy_cow,CED (mJ),1087.245179155832,-2264.7271396927936,-48.00777807181288
Veg,dairy_soy,CED (mJ),-1.0591544742739818,-2264.7271396927936,0.04676742092725812
Veg,dairy_tot,CED (mJ),0,-2264.7271396927936,-0
Veg,fruit_exc_juice,CED (mJ),361.5839472331421,-2264.7271396927936,-15.965894561681736
Veg,fruit_juice,CED (mJ),194.86111233898438,-2264.7271396927936,-8.60417614659826
Veg,gr_refined,CED (mJ),-128.25499858657085,-2264.7271396927936,5.66315457340121
Veg,gr_whole,CED (mJ),198.60695431810683,-2264.7271396927936,-8.769575408764146
Veg,leg_tot,CED (mJ),169.13674218835337,-2264.7271396927936,-7.468305528907844
Veg,oil,CED (mJ),-3.3298872289307484,-2264.7271396927936,0.14703260143658817
Veg,pf_egg,CED (mJ),-98.44739235536736,-2264.7271396927936,4.346986912018089
Veg,pf_ns,CED (mJ),13.586366823125513,-2264.7271396927936,-0.5999118650986132
Veg,pf_pm,CED (mJ),0,-2264.7271396927936,-0
Veg,pf_poultry,CED (mJ),0,-2264.7271396927936,-0
Veg,pf_poultry_tot,CED (mJ),-653.5167152305787,-2264.7271396927936,28.85631137529562
Veg,pf_redm,CED (mJ),0,-2264.7271396927936,-0
Veg,pf_redm_tot,CED (mJ),-1742.7838334834166,-2264.7271396927936,76.95336903675832
Veg,pf_seafood,CED (mJ),-1484.7650312154522,-2264.7271396927936,65.56043795266471
Veg,sat_fat,CED (mJ),-296.8513394155717,-2264.7271396927936,13.107598448077903
Veg,veg_dg,CED (mJ),15.761639387845413,-2264.7271396927936,-0.6959619599023065
Veg,veg_oth,CED (mJ),3.146374200570483,-2264.7271396927936,-0.13892950481430993
Veg,veg_ro,CED (mJ),170.1368528251779,-2264.7271396927936,-7.51246584382155
Veg,veg_sta,CED (mJ),116.56686363933082,-2264.7271396927936,-5.147059952447204
Veg,dairy_tot,CVD (deaths),0,344129.99195613543,0
Veg,fruit_exc_juice,CVD (deaths),39346.7270002041,344129.99195613543,11.433681434316668
Veg,gr_whole,CVD (deaths),50128.7648128309,344129.99195613543,14.566810793759752
Veg,leg_tot,CVD (deaths),43246.502182224,344129.99195613543,12.566908782462768
Veg,pf_ns,CVD (deaths),38360.2537136558,344129.99195613543,11.147024267081433
Veg,pf_pm,CVD (deaths),66719.1490036747,344129.99195613543,19.387775132421197
Veg,pf_redm,CVD (deaths),37149.9801248133,344129.99195613543,10.795333447585303
Veg,pf_seafood,CVD (deaths),0.0260692257065251,344129.99195613543,7.575400667154875e-6
Veg,sodium,CVD (deaths),42819.5613826702,344129.99195613543,12.442844966598612
Veg,ssb,CVD (deaths),7170.48946306813,344129.99195613543,2.0836572314749358
Veg,veg_exc_sta,CVD (deaths),19188.5382037686,344129.99195613543,5.575956368898666
Veg,added_sugar,Food_price ($),-303.0630840573089,-1690.3533413806606,17.928978317028708
Veg,dairy_cow,Food_price ($),0,-1690.3533413806606,-0
Veg,dairy_soy,Food_price ($),0,-1690.3533413806606,-0
Veg,dairy_tot,Food_price ($),236.35784868321304,-1690.3533413806606,-13.982748038357398
Veg,fruit_exc_juice,Food_price ($),555.9992613439496,-1690.3533413806606,-32.89248748961658
Veg,fruit_juice,Food_price ($),54.41176549457453,-1690.3533413806606,-3.2189580818724943
Veg,gr_refined,Food_price ($),-380.8278167825838,-1690.3533413806606,22.529479929416894
Veg,gr_whole,Food_price ($),335.7818766735639,-1690.3533413806606,-19.86459685401049
Veg,leg_tot,Food_price ($),192.5279457810561,-1690.3533413806606,-11.389804786246737
Veg,oil,Food_price ($),-2.5434893019546085,-1690.3533413806606,0.15047086545095456
Veg,pf_egg,Food_price ($),-123.0398733047336,-1690.3533413806606,7.278944010856103
Veg,pf_ns,Food_price ($),23.348765040698087,-1690.3533413806606,-1.381294932196075
Veg,pf_pm,Food_price ($),-312.68543366860183,-1690.3533413806606,18.498229098846522
Veg,pf_poultry,Food_price ($),-606.2557371933776,-1690.3533413806606,35.86562184082738
Veg,pf_poultry_tot,Food_price ($),0,-1690.3533413806606,-0
Veg,pf_redm,Food_price ($),-1096.1431909074192,-1690.3533413806606,64.84698577944079
Veg,pf_redm_tot,Food_price ($),0,-1690.3533413806606,-0
Veg,pf_seafood,Food_price ($),-540.5289129160357,-1690.3533413806606,31.977273608045643
Veg,sat_fat,Food_price ($),-30.467896122134704,-1690.3533413806606,1.8024572363816482
Veg,veg_dg,Food_price ($),27.328167771485973,-1690.3533413806606,-1.6167133286561644
Veg,veg_oth,Food_price ($),23.972209711437067,-1690.3533413806606,-1.4181774380885863
Veg,veg_ro,Food_price ($),178.8290590533574,-1690.3533413806606,-10.579389212630062
Veg,veg_sta,Food_price ($),76.6451933201538,-1690.3533413806606,-4.534270524620072
Veg,added_sugar,GHG (kgCO2eq),-19.168375880939852,-703.1271781255191,2.72616056913647
Veg,dairy_cow,GHG (kgCO2eq),201.82909236161782,-703.1271781255191,-28.70449310460137
Veg,dairy_soy,GHG (kgCO2eq),-0.1625793384744283,-703.1271781255191,0.023122323177416044
Veg,dairy_tot,GHG (kgCO2eq),0,-703.1271781255191,-0
Veg,fruit_exc_juice,GHG (kgCO2eq),47.49650900543112,-703.1271781255191,-6.7550381329382
Veg,fruit_juice,GHG (kgCO2eq),24.658489262930146,-703.1271781255191,-3.5069742757871643
Veg,gr_refined,GHG (kgCO2eq),-22.36473279923704,-703.1271781255191,3.1807521448480527
Veg,gr_whole,GHG (kgCO2eq),31.412346578480793,-703.1271781255191,-4.467519896219003
Veg,leg_tot,GHG (kgCO2eq),28.16659942039074,-703.1271781255191,-4.005903952607925
Veg,oil,GHG (kgCO2eq),-0.4071855647823655,-703.1271781255191,0.05791065648577114
Veg,pf_egg,GHG (kgCO2eq),-16.067363875795152,-703.1271781255191,2.285129116844759
Veg,pf_ns,GHG (kgCO2eq),2.340085924892444,-703.1271781255191,-0.332811189453795
Veg,pf_pm,GHG (kgCO2eq),0,-703.1271781255191,-0
Veg,pf_poultry,GHG (kgCO2eq),0,-703.1271781255191,-0
Veg,pf_poultry_tot,GHG (kgCO2eq),-94.50272979109411,-703.1271781255191,13.440346601738657
Veg,pf_redm,GHG (kgCO2eq),0,-703.1271781255191,-0
Veg,pf_redm_tot,GHG (kgCO2eq),-756.1688456038797,-703.1271781255191,107.54368045049338
Veg,pf_seafood,GHG (kgCO2eq),-85.55813997437421,-703.1271781255191,12.168231101870559
Veg,sat_fat,GHG (kgCO2eq),-80.41733063221486,-703.1271781255191,11.437096038102387
Veg,veg_dg,GHG (kgCO2eq),1.79310933213407,-703.1271781255191,-0.25501920391050115
Veg,veg_oth,GHG (kgCO2eq),0.3044379293119366,-703.1271781255191,-0.04329770470877598
Veg,veg_ro,GHG (kgCO2eq),20.503717324583413,-703.1271781255191,-2.916075208363398
Veg,veg_sta,GHG (kgCO2eq),13.185718195500224,-703.1271781255191,-1.8752963341073368
Veg,added_sugar,WATER (litereq),-13657.210060402997,123666.19557743528,-11.043608155513564
Veg,dairy_cow,WATER (litereq),56503.0457885538,123666.19557743528,45.689968487122776
Veg,dairy_soy,WATER (litereq),-14.173396281150806,123666.19557743528,-0.011461011002215185
Veg,dairy_tot,WATER (litereq),0,123666.19557743528,0
Veg,fruit_exc_juice,WATER (litereq),164626.85664802507,123666.19557743528,133.1219545319818
Veg,fruit_juice,WATER (litereq),67403.50324891564,123666.19557743528,54.50438815085082
Veg,gr_refined,WATER (litereq),-34568.085983543155,123666.19557743528,-27.95273665704212
Veg,gr_whole,WATER (litereq),56489.28034916283,123666.19557743528,45.678837361654985
Veg,leg_tot,WATER (litereq),41473.674319822836,123666.19557743528,33.53679162374937
Veg,oil,WATER (litereq),-287.7464613547246,123666.19557743528,-0.23267996562128268
Veg,pf_egg,WATER (litereq),-4419.210768877191,123666.19557743528,-3.573499409634577
Veg,pf_ns,WATER (litereq),28974.83470425448,123666.19557743528,23.429874727658692
Veg,pf_pm,WATER (litereq),0,123666.19557743528,0
Veg,pf_poultry,WATER (litereq),0,123666.19557743528,0
Veg,pf_poultry_tot,WATER (litereq),-44906.074901384505,123666.19557743528,-36.312328273465766
Veg,pf_redm,WATER (litereq),0,123666.19557743528,0
Veg,pf_redm_tot,WATER (litereq),-223921.9472379001,123666.19557743528,-181.0696497877533
Veg,pf_seafood,WATER (litereq),-3365.0868160812615,123666.19557743528,-2.72110482607526
Veg,sat_fat,WATER (litereq),-23926.524536605004,123666.19557743528,-19.347667666887254
Veg,veg_dg,WATER (litereq),12271.397230093497,123666.19557743528,9.923000519903269
Veg,veg_oth,WATER (litereq),1625.2357963854495,123666.19557743528,1.3142118497271842
Veg,veg_ro,WATER (litereq),23307.614297276086,123666.19557743528,18.847199259624432
Veg,veg_sta,WATER (litereq),20056.81335737569,123666.19557743528,16.218509240722007
Vegan,added_sugar,BLUEWATER (L),-3693.611298559918,-26416.268263156635,13.982335664388604
Vegan,dairy_cow,BLUEWATER (L),-11516.702961268385,-26416.268263156635,43.597009413063056
Vegan,dairy_soy,BLUEWATER (L),2611.688483249993,-26416.268263156635,-9.886667023640785
Vegan,dairy_tot,BLUEWATER (L),0,-26416.268263156635,-0
Vegan,fruit_exc_juice,BLUEWATER (L),22241.575555088017,-26416.268263156635,-84.19650850574094
Vegan,fruit_juice,BLUEWATER (L),7886.479114054098,-26416.268263156635,-29.85462986478506
Vegan,gr_refined,BLUEWATER (L),-10986.358628569089,-26416.268263156635,41.58936651885842
Vegan,gr_whole,BLUEWATER (L),12169.057928679455,-26416.268263156635,-46.06652918365428
Vegan,leg_tot,BLUEWATER (L),11234.188058888854,-26416.268263156635,-42.527536240073054
Vegan,oil,BLUEWATER (L),-101.84683030688576,-26416.268263156635,0.38554586625293263
Vegan,pf_egg,BLUEWATER (L),-6710.366812350737,-26416.268263156635,25.402402585795347
Vegan,pf_ns,BLUEWATER (L),8024.276067963847,-26416.268263156635,-30.37626657946795
Vegan,pf_pm,BLUEWATER (L),0,-26416.268263156635,-0
Vegan,pf_poultry,BLUEWATER (L),0,-26416.268263156635,-0
Vegan,pf_poultry_tot,BLUEWATER (L),-20917.739898495445,-26416.268263156635,79.18506766404204
Vegan,pf_redm,BLUEWATER (L),0,-26416.268263156635,-0
Vegan,pf_redm_tot,BLUEWATER (L),-39596.261534884114,-26416.268263156635,149.89347147912605
Vegan,pf_seafood,BLUEWATER (L),-484.44668109593374,-26416.268263156635,1.8338952204373336
Vegan,sat_fat,BLUEWATER (L),-5292.740590314435,-26416.268263156635,20.035913239480312
Vegan,veg_dg,BLUEWATER (L),972.8628403372833,-26416.268263156635,-3.6828170831917126
Vegan,veg_oth,BLUEWATER (L),191.0324481560562,-26416.268263156635,-0.7231621296884445
Vegan,veg_ro,BLUEWATER (L),3018.7667843451904,-26416.268263156635,-11.427680678710901
Vegan,veg_sta,BLUEWATER (L),4533.879691925513,-26416.268263156635,-17.163210362490968
Vegan,dairy_tot,Cancer (cases),0,75749.15145232982,0
Vegan,fruit_exc_juice,Cancer (cases),5001.45979474112,75749.15145232982,6.602661150453441
Vegan,gr_whole,Cancer (cases),29263.258955636,75749.15145232982,38.63179770938008
Vegan,leg_tot,Cancer (cases),13214.9730852266,75749.15145232982,17.44570444930066
Vegan,pf_ns,Cancer (cases),618.697382723694,75749.15145232982,0.8167713708490192
Vegan,pf_pm,Cancer (cases),14009.0897748626,75749.15145232982,18.494055057077105
Vegan,pf_redm,Cancer (cases),9496.45098314288,75749.15145232982,12.536709390228815
Vegan,pf_seafood,Cancer (cases),0,75749.15145232982,0
Vegan,sodium,Cancer (cases),0,75749.15145232982,0
Vegan,ssb,Cancer (cases),337.809897750778,75749.15145232982,0.44595865600338414
Vegan,veg_exc_sta,Cancer (cases),3807.41157824615,75749.15145232982,5.026342216707492
Vegan,added_sugar,CED (mJ),-186.27875379187864,-4156.2554280272925,4.481888974766241
Vegan,dairy_cow,CED (mJ),-928.6624132504141,-4156.2554280272925,22.343728130568493
Vegan,dairy_soy,CED (mJ),340.28539257933807,-4156.2554280272925,-8.187307023640981
Vegan,dairy_tot,CED (mJ),0,-4156.2554280272925,-0
Vegan,fruit_exc_juice,CED (mJ),361.2617255800907,-4156.2554280272925,-8.692000090850009
Vegan,fruit_juice,CED (mJ),194.94909139624326,-4156.2554280272925,-4.690498328895369
Vegan,gr_refined,CED (mJ),-128.19645384001407,-4156.2554280272925,3.084421928824059
Vegan,gr_whole,CED (mJ),198.54281287523528,-4156.2554280272925,-4.776963695166127
Vegan,leg_tot,CED (mJ),189.08669157747184,-4156.2554280272925,-4.549448291902
Vegan,oil,CED (mJ),-3.284631031911034,-4156.2554280272925,0.07902861334655838
Vegan,pf_egg,CED (mJ),-343.0324513221905,-4156.2554280272925,8.253401583766616
Vegan,pf_ns,CED (mJ),21.54098001547876,-4156.2554280272925,-0.5182785415501492
Vegan,pf_pm,CED (mJ),0,-4156.2554280272925,-0
Vegan,pf_poultry,CED (mJ),0,-4156.2554280272925,-0
Vegan,pf_poultry_tot,CED (mJ),-653.5404153233583,-4156.2554280272925,15.724260133683648
Vegan,pf_redm,CED (mJ),0,-4156.2554280272925,-0
Vegan,pf_redm_tot,CED (mJ),-1742.9320392183222,-4156.2554280272925,41.935152191682796
Vegan,pf_seafood,CED (mJ),-1484.1872323953476,-4156.2554280272925,35.709721360888445
Vegan,sat_fat,CED (mJ),-297.18387189551953,-4156.2554280272925,7.150279308906036
Vegan,veg_dg,CED (mJ),15.650495012427672,-4156.2554280272925,-0.3765527716821764
Vegan,veg_oth,CED (mJ),3.0696454160593123,-4156.2554280272925,-0.07385603385584691
Vegan,veg_ro,CED (mJ),170.05238216106852,-4156.2554280272925,-4.091480543143169
Vegan,veg_sta,CED (mJ),116.60361742824989,-4156.2554280272925,-2.8054969057470593
Vegan,dairy_tot,CVD (deaths),0,344129.9321076215,0
Vegan,fruit_exc_juice,CVD (deaths),39346.7270002041,344129.9321076215,11.433683422777358
Vegan,gr_whole,CVD (deaths),50128.7648128309,344129.9321076215,14.566813327110959
Vegan,leg_tot,CVD (deaths),43246.502182224,344129.9321076215,12.566910968005917
Vegan,pf_ns,CVD (deaths),38360.1938651419,344129.9321076215,11.14700881443388
Vegan,pf_pm,CVD (deaths),66719.1490036747,344129.9321076215,19.387778504198604
Vegan,pf_redm,CVD (deaths),37149.9801248133,344129.9321076215,10.795335325029267
Vegan,pf_seafood,CVD (deaths),0.0260692257065251,344129.9321076215,7.57540198461212e-6
Vegan,sodium,CVD (deaths),42819.5613826702,344129.9321076215,12.442847130565504
Vegan,ssb,CVD (deaths),7170.48946306813,344129.9321076215,2.0836575938490776
Vegan,veg_exc_sta,CVD (deaths),19188.5382037686,344129.9321076215,5.575957338627455
Vegan,added_sugar,Food_price ($),-302.8812074206,-2423.3963013886687,12.498212003007565
Vegan,dairy_cow,Food_price ($),0,-2423.3963013886687,-0
Vegan,dairy_soy,Food_price ($),0,-2423.3963013886687,-0
Vegan,dairy_tot,Food_price ($),-206.40850685233502,-2423.3963013886687,8.517323672321263
Vegan,fruit_exc_juice,Food_price ($),555.6583761282781,-2423.3963013886687,-22.92891079390818
Vegan,fruit_juice,Food_price ($),54.42637104375713,-2423.3963013886687,-2.2458716724363
Vegan,gr_refined,Food_price ($),-380.7086387230023,-2423.3963013886687,15.709714441044845
Vegan,gr_whole,Food_price ($),335.63477016276954,-2423.3963013886687,-13.849768193936837
Vegan,leg_tot,Food_price ($),215.15322631592687,-2423.3963013886687,-8.878169294582092
Vegan,oil,Food_price ($),-2.510397904437891,-2423.3963013886687,0.10359006915209733
Vegan,pf_egg,Food_price ($),-448.89713969503816,-2423.3963013886687,18.52347217984151
Vegan,pf_ns,Food_price ($),36.246727152466484,-2423.3963013886687,-1.4956995325814508
Vegan,pf_pm,Food_price ($),-312.48603800221287,-2423.3963013886687,12.894549596496056
Vegan,pf_poultry,Food_price ($),-605.7826229813988,-2423.3963013886687,24.997257882842757
Vegan,pf_poultry_tot,Food_price ($),0,-2423.3963013886687,-0
Vegan,pf_redm,Food_price ($),-1094.997515755863,-2423.3963013886687,45.18441804703594
Vegan,pf_redm_tot,Food_price ($),0,-2423.3963013886687,-0
Vegan,pf_seafood,Food_price ($),-541.142006899957,-2423.3963013886687,22.329901493613267
Vegan,sat_fat,Food_price ($),-30.499458447102192,-2423.3963013886687,1.2585419243903777
Vegan,veg_dg,Food_price ($),27.009169054266508,-2423.3963013886687,-1.114517218615443
Vegan,veg_oth,Food_price ($),23.329490401535473,-2423.3963013886687,-0.9626774782220751
Vegan,veg_ro,Food_price ($),178.76430840739428,-2423.3963013886687,-7.376602345433874
Vegan,veg_sta,Food_price ($),76.69479262688415,-2423.3963013886687,-3.164764780029418
Vegan,added_sugar,GHG (kgCO2eq),-19.16072143148535,-1060.2764478618633,1.807143926484886
Vegan,dairy_cow,GHG (kgCO2eq),-172.39082367990585,-1060.2764478618633,16.259044896031263
Vegan,dairy_soy,GHG (kgCO2eq),52.23352717834975,-1060.2764478618633,-4.926406437083749
Vegan,dairy_tot,GHG (kgCO2eq),0,-1060.2764478618633,-0
Vegan,fruit_exc_juice,GHG (kgCO2eq),47.46697866295419,-1060.2764478618633,-4.4768492932834025
Vegan,fruit_juice,GHG (kgCO2eq),24.664024795800305,-1060.2764478618633,-2.326188122497429
Vegan,gr_refined,GHG (kgCO2eq),-22.353036069361846,-1060.2764478618633,2.1082271623064552
Vegan,gr_whole,GHG (kgCO2eq),31.402463156716966,-1060.2764478618633,-2.961724106957452
Vegan,leg_tot,GHG (kgCO2eq),31.4663805496666,-1060.2764478618633,-2.9677524774903
Vegan,oil,GHG (kgCO2eq),-0.40083001389605954,-1060.2764478618633,0.037804292899683574
Vegan,pf_egg,GHG (kgCO2eq),-55.985507434307834,-1060.2764478618633,5.280274549831539
Vegan,pf_ns,GHG (kgCO2eq),3.7415716735249025,-1060.2764478618633,-0.35288642703231754
Vegan,pf_pm,GHG (kgCO2eq),0,-1060.2764478618633,-0
Vegan,pf_poultry,GHG (kgCO2eq),0,-1060.2764478618633,-0
Vegan,pf_poultry_tot,GHG (kgCO2eq),-94.48705336124803,-1060.2764478618633,8.911548827835338
Vegan,pf_redm,GHG (kgCO2eq),0,-1060.2764478618633,-0
Vegan,pf_redm_tot,GHG (kgCO2eq),-756.2245461806434,-1060.2764478618633,71.32333720188106
Vegan,pf_seafood,GHG (kgCO2eq),-85.49633968442156,-1060.2764478618633,8.063589439983518
Vegan,sat_fat,GHG (kgCO2eq),-80.5090543855599,-1060.2764478618633,7.593213500866986
Vegan,veg_dg,GHG (kgCO2eq),1.7793239733230908,-1060.2764478618633,-0.16781698555232905
Vegan,veg_oth,GHG (kgCO2eq),0.29128469879490404,-1060.2764478618633,-0.027472523734947067
Vegan,veg_ro,GHG (kgCO2eq),20.48976004424574,-1060.2764478618633,-1.9324922368656843
Vegan,veg_sta,GHG (kgCO2eq),13.196149645590163,-1060.2764478618633,-1.2445951876231252
Vegan,added_sugar,WATER (litereq),-13650.80972302541,35143.246119288335,-38.843337569585465
Vegan,dairy_cow,WATER (litereq),-48261.65787070963,35143.246119288335,-137.3284007598298
Vegan,dairy_soy,WATER (litereq),4553.632010118223,35143.246119288335,12.95734604214312
Vegan,dairy_tot,WATER (litereq),0,35143.246119288335,0
Vegan,fruit_exc_juice,WATER (litereq),164573.54810786797,35143.246119288335,468.29353085155657
Vegan,fruit_juice,WATER (litereq),67424.49189021882,35143.246119288335,191.8561867089818
Vegan,gr_refined,WATER (litereq),-34551.50648161319,35143.246119288335,-98.3162066598328
Vegan,gr_whole,WATER (litereq),56475.65845711347,35143.246119288335,160.70131445858914
Vegan,leg_tot,WATER (litereq),46526.470193984795,35143.246119288335,132.3909295005301
Vegan,oil,WATER (litereq),-284.49122621924414,35143.246119288335,-0.8095189193780862
Vegan,pf_egg,WATER (litereq),-15398.403824504285,35143.246119288335,-43.816111272808364
Vegan,pf_ns,WATER (litereq),46736.171264495046,35143.246119288335,132.98763325919384
Vegan,pf_pm,WATER (litereq),0,35143.246119288335,0
Vegan,pf_poultry,WATER (litereq),0,35143.246119288335,0
Vegan,pf_poultry_tot,WATER (litereq),-44907.61962148523,35143.246119288335,-127.7844951176486
Vegan,pf_redm,WATER (litereq),0,35143.246119288335,0
Vegan,pf_redm_tot,WATER (litereq),-223940.16621621943,35143.246119288335,-637.2210622094756
Vegan,pf_seafood,WATER (litereq),-3364.740841524561,35143.246119288335,-9.574359836036393
Vegan,sat_fat,WATER (litereq),-23953.932408777622,35143.246119288335,-68.16084185128969
Vegan,veg_dg,WATER (litereq),12191.375851477702,35143.246119288335,34.69052292464946
Vegan,veg_oth,WATER (litereq),1608.502956165312,35143.246119288335,4.57699027205824
Vegan,veg_ro,WATER (litereq),23307.714572851877,35143.246119288335,66.32203096360942
Vegan,veg_sta,WATER (litereq),20059.009029073713,35143.246119288335,57.07784921457312
