foodcode,whole_grain_yes
24147210,0
24157210,0
51150000,0
51301010,0
53239000,0
54328100,0
54403020,1
54408010,0
54401080,0
56201210,0
24198700,0
53206000,0
53530000,0
58106520,0
32202055,0
51121040,0
58132310,0
26107150,0
32202070,0
51160110,0
52201000,0
75414500,0
24127150,0
53301000,0
58145114,0
71301020,0
22101310,0
51300110,0
51301020,0
56205420,0
27510690,0
52103000,0
26100230,0
51101000,0
57128000,0
28501010,0
56203030,1
26319140,0
57349000,0
58106530,0
27120130,0
51161270,0
52215100,0
53238000,0
58163410,0
51101010,0
54202010,0
92611100,1
53260030,0
57123000,1
58145110,0
58421060,0
32202050,0
51180010,0
58160110,0
51157000,0
54402600,0
57340700,0
53233010,0
53121260,0
13120710,0
72201232,0
51109010,0
57214100,1
58104250,0
58104740,0
24127100,0
51601020,1
54403070,1
57339000,0
27112010,0
28500040,0
52101000,0
58106720,0
71305010,0
53247000,0
54102010,1
52104010,0
54325000,0
24107050,0
56205000,0
57223000,0
51101050,0
51129020,0
51320500,0
54102020,1
54301000,0
52306010,0
58148110,0
51601010,1
56203010,1
58403040,0
53540200,0
54301100,0
57135000,0
58100630,0
58104710,0
27510330,0
55101000,0
58407030,0
51186010,0
57303100,0
53209000,0
55301050,0
54402200,0
53542200,1
54401050,0
58104100,0
52302010,0
27214100,0
51155010,0
58106730,0
13412000,0
22101320,0
56205010,0
52215200,0
53210000,0
53610170,0
57321700,0
58100320,0
27260010,0
51401010,0
51401020,0
57411000,1
51184000,0
51185000,0
53112100,0
54328200,0
54403000,1
57214000,1
51158100,0
52215300,0
52304010,0
53209020,0
55201000,0
58151100,0
53242000,0
57231000,1
75609020,0
57237100,0
52102040,0
27510560,0
75418010,0
54401020,0
56131000,0
57805000,0
51320010,0
53109200,0
57331000,1
58128120,0
51161020,0
54420010,0
56203070,1
21103130,0
54403050,1
56205040,0
53520140,0
56102020,1
27513010,0
56207300,1
52215260,1
53542100,1
54304100,0
57329000,1
28311010,0
51107010,0
53521130,0
58101300,0
53343000,0
53521110,0
53241500,0
58105110,0
28500100,0
52206010,0
57344000,0
58106220,0
13120730,0
57305100,1
53108200,0
13411000,0
56201010,0
51109100,0
56205110,1
14650100,0
24198740,0
27320330,0
57238000,1
27510310,0
27510500,0
57240100,0
58131323,0
57316410,1
27311410,0
53206020,0
54337000,1
24127110,0
54101010,0
56205430,0
57213000,0
75460700,0
28110640,0
54304000,0
58130011,0
27560300,0
75608100,0
51105040,0
51107040,0
53120160,0
56205170,0
57100100,0
58148130,0
27243400,0
24198840,0
56205400,0
53105260,0
58108000,0
58131520,0
58407010,0
32202010,0
27112000,0
53121200,0
57127000,0
57804000,1
58145115,0
57237300,1
58150110,0
41602050,0
57134000,0
26107140,0
51300120,0
53100100,0
75649150,0
53520110,0
57241000,1
27510300,0
57119000,1
51161250,0
53207000,0
27214110,0
58101520,0
53450000,0
58145130,0
57820100,0
27510510,0
26100150,0
57330000,1
57407100,0
53104500,1
53123500,0
53114100,0
21104110,0
58104140,0
75415020,0
53452420,0
58125110,0
58125120,0
53410800,0
58100110,0
27450450,0
56101000,0
51182010,0
58126150,0
53300100,0
27120120,0
51122000,0
56203020,1
57336000,0
53115200,0
53206030,0
28113140,0
56205120,1
57347000,0
58126130,0
26127140,0
26141140,0
27363000,0
54318500,1
54202050,0
58131523,0
51166000,0
58130310,0
55103000,0
53230000,0
57232100,1
72302000,0
27146250,0
55203000,0
58101320,0
57308400,1
27345010,0
53209500,0
51113100,0
53239050,0
51301700,0
58110110,0
27212100,0
25110450,0
27120060,0
58111110,0
58150510,0
53226550,0
58101400,0
74602010,0
53121100,0
53204010,0
58136120,0
58403010,0
13120550,0
27445150,0
53610100,0
27146350,0
53521210,0
27510210,0
51000200,0
58106210,0
24167110,0
54403110,1
56205550,1
57243000,1
53222020,0
13135000,0
58163130,0
58106320,0
51121010,0
53342000,0
58100530,0
58106230,0
52220110,0
27510360,0
27243600,0
58132313,0
52202060,0
53347000,0
57106050,1
58163380,0
58132110,0
27445110,0
55610200,0
74202051,0
56205030,0
51160000,0
53242250,0
57803000,0
76611020,0
58145170,0
58160210,0
53243000,0
58106760,0
27243000,0
28500070,0
58106330,0
51159000,0
58101940,0
32202040,0
53226500,0
51300180,1
53452100,0
53511000,0
56205410,0
56207080,0
58149160,0
57227000,1
11830970,0
51161280,0
58132710,0
53120200,0
74605010,0
52215350,0
53120260,0
58105100,0
58116120,0
27213000,0
51155000,0
27330170,0
28500000,0
53101250,0
58161300,0
13120770,0
91703200,0
57418000,1
74601000,0
53233050,0
58163360,1
53231400,0
26137140,0
56112030,0
54401010,1
57124000,0
58304010,0
57239000,1
28340670,0
27560350,0
58108010,0
57130000,0
54338000,1
58100340,0
57339500,0
52302500,0
53452450,0
57341200,0
24302010,0
28320120,0
53208200,0
26100240,0
52209010,0
58162310,0
58104530,0
27510280,0
52101100,0
53220030,0
75652040,0
51127010,0
13130630,0
54001000,0
27510230,0
51153000,0
58105050,0
27540190,0
54102100,0
58100120,0
26100140,0
58160150,0
25221450,0
58147310,0
57823000,1
57335550,1
27250070,0
56112000,0
51301050,0
54102110,0
53241600,0
54319000,0
56130010,0
53233000,0
52208760,0
53215500,0
27242400,0
91705020,0
58100370,0
58127330,0
14660200,0
53360000,0
53510000,0
58100180,0
56201220,0
91705030,0
27550100,0
53123070,0
27445180,0
57304100,1
52104200,0
21104130,0
56205440,0
13120500,0
27315410,0
52208750,0
51184030,0
57824000,0
58106750,0
53234000,0
71801020,0
27442110,0
58150330,0
53208000,0
58100100,0
58100310,0
27410220,0
13210410,0
51184020,0
92205000,1
58148180,0
58101530,0
53233040,0
26213140,0
51184010,0
75651010,0
27144000,0
26157140,0
53116020,0
57106100,0
58160300,0
53210900,0
58148120,0
28320110,0
53203100,0
74604500,0
12350100,0
13210110,0
54401100,0
32202045,0
58402030,0
51404500,0
51111010,0
58421020,0
58147330,0
53235500,0
53305010,0
27212350,0
58100130,0
54338100,0
74602200,1
57201800,0
58101230,0
53101100,0
27560670,0
75409012,0
54408030,0
58134620,0
51180080,0
58401010,0
41601070,0
58101350,0
58103130,0
27345440,0
51000110,0
27135110,0
26153140,0
53120350,0
27550000,0
53521100,0
52204000,0
58136130,0
58136140,0
58136150,0
58136160,0
58150320,0
58132713,0
58106510,0
53510100,0
54350000,0
13130620,0
56205540,1
57126000,0
58408500,0
57301500,1
55101010,0
24107000,0
54102200,0
51165100,0
51201020,1
57417000,1
72302100,0
58100400,0
51129010,0
54401210,0
56203050,1
58508000,0
67408010,0
76405010,0
76604500,1
54327950,0
27540150,0
53345000,0
54403120,1
54408020,0
56203060,1
56204990,0
54401150,0
52405100,0
57348000,0
58421010,0
53234010,0
53247500,0
27446100,0
56116000,0
53112000,0
26125150,0
53101200,0
54205010,0
58163610,0
58101450,0
54350010,0
58509020,0
51000100,0
53109100,0
57416000,1
71402040,0
27343910,0
27464000,0
52101030,0
53202000,0
53222010,0
53520160,0
27143000,0
58146100,0
51140100,0
51301750,0
57207000,1
58100800,0
27560650,0
58108050,0
51186100,0
54322000,1
27520130,0
58132113,0
58101240,0
58160120,0
53120100,0
27510220,0
52306700,0
53260200,0
27212050,0
27212120,0
57320500,1
28340640,0
53113000,0
27141000,0
57103100,1
53310050,0
41601090,0
56201020,0
27212000,0
57125000,1
56205150,0
27317010,0
56210000,1
53115410,0
28501110,0
51133010,0
53381000,0
56205510,1
27345020,0
27560910,0
53105100,0
53234100,0
53201000,0
53104260,0
58104820,0
53121160,0
51133020,0
75612010,0
83203250,0
53365000,0
58400100,0
28110310,0
51501040,0
27315220,0
53209050,0
27347100,0
27510700,0
75414020,0
57138000,0
53203500,0
53224000,0
27311310,0
58111200,0
58104730,0
58408010,0
58100200,0
26109140,0
52104100,0
51301800,0
53260300,0
57305600,1
57104000,0
27111100,0
51630000,1
54319010,1
28522000,0
26131140,0
56205080,0
92613010,0
53235000,0
54403040,1
57306500,1
53206500,0
27146300,0
53540000,1
53385000,0
53385070,0
57306800,1
53116000,0
57355000,1
27515070,0
56205300,0
58113110,0
27510350,0
53204100,0
73305020,0
57100400,0
24137210,0
51113010,0
53108100,0
57211000,0
58404030,0
58128220,0
26100130,0
58100140,0
58100520,0
41810400,1
53103000,0
57401100,1
52215000,0
42302010,0
58126270,0
53105160,0
57410000,1
58175110,1
27443110,0
58509100,0
27315210,0
26317150,0
72201231,0
13120300,0
59003000,1
26117140,0
53244010,0
53520150,0
56200350,1
53207050,0
27363100,0
58148140,0
58148150,0
53200100,0
58104830,0
51161070,0
27246100,0
92611510,0
53452400,0
55203500,0
27345420,0
27250050,0
53521140,0
55103100,0
27510520,0
51161000,0
58103250,0
58100600,0
55301000,0
53105200,0
27360090,0
27347250,0
27540350,0
75410530,0
54328000,0
27142000,0
51630200,0
28143130,0
53102200,0
27315010,0
53121300,0
57406100,1
56201510,0
74204011,0
27642110,0
53239010,0
27644110,0
58132910,0
57137000,0
53300170,0
52105200,0
53105300,0
28140730,0
55501000,0
73305010,0
57100500,0
27213120,0
53115320,0
77316600,0
58100150,0
51180030,0
27250030,0
54313000,0
71301120,0
26317140,0
57221700,0
53410100,0
53211000,0
52306500,0
56207010,0
53544210,1
57117000,0
76605020,0
58104180,0
28110220,0
53311000,0
72201230,0
58105000,0
27343520,0
51000300,0
51105010,0
53121060,0
27311320,0
27111310,0
53308000,0
55105200,1
58103120,0
56201120,0
91734300,1
26117150,0
58133120,0
53309000,0
53117200,0
41435110,0
51404010,0
57229500,1
41810250,1
53244020,0
27313110,0
27350050,0
57332100,0
58101910,0
24167100,0
58163210,0
58132810,0
53544450,0
28340530,0
28315100,0
57228000,1
57307500,0
58163310,0
57120000,0
58131320,0
51161100,0
53301070,0
27540280,0
58106360,0
27510430,0
13120790,0
58148550,0
13311000,0
27640110,0
41811800,1
53115100,0
28143150,0
51301620,0
53223000,0
57230000,1
75403020,0
54403010,1
58104290,0
57830100,0
53544300,1
58101710,0
27313210,0
53233060,0
53303500,0
26133140,0
58128250,0
58161310,1
27345220,0
27540270,0
27315020,0
27221150,0
58104110,0
32105180,0
57148000,0
53247050,0
53301080,0
58163330,0
53346000,0
53415100,0
75403011,0
57101000,0
21103120,0
57132000,0
56101030,0
57229000,1
27311510,0
53209100,0
56207330,1
26115130,0
54408200,0
56201110,0
53243100,0
51201010,1
57209000,1
53233030,0
26151140,0
58403050,0
72201250,0
58301030,0
53521230,0
58110130,0
56200990,0
27250610,0
52407000,0
56207040,0
27320350,0
57302100,0
67405020,0
54102060,0
53102700,0
27520390,0
27246500,0
51300140,1
58305250,0
32202120,0
32202085,0
53102100,0
27510620,0
57208000,1
28110270,0
32202030,0
53115600,0
58100210,0
51166100,0
54102050,0
22000320,0
71801010,0
27510370,0
58101730,0
27113300,0
53530010,0
27246200,0
58121610,0
54301200,0
27510320,0
27510340,0
28350220,0
53510200,0
28355410,0
22101150,0
58145160,0
58302080,0
26303140,0
52405010,0
58403060,0
75414030,0
28355110,0
51156500,0
24147250,0
13120720,0
27116300,0
74604600,0
58110120,0
71803010,0
54440010,1
58151130,0
27640050,0
56201240,0
76603010,0
51102020,0
58100350,0
58104510,0
42502000,0
53237000,0
57316300,1
51108010,0
57309100,1
58402010,0
75340160,0
55610300,0
56205130,0
51127020,0
57824500,0
32101500,0
27212150,0
27510600,0
26145140,0
53348000,0
53410300,0
58162090,0
53520000,0
27500300,0
58101930,0
53344000,0
56207220,0
51503000,0
27343470,0
56201000,0
53209010,0
27350060,0
27150010,0
53544200,1
58404520,0
56207030,0
53610000,0
27313220,0
53305720,0
53103600,0
27510540,0
26149140,0
58306010,0
58101540,0
28345120,0
53540250,1
53305000,0
54401120,0
28143040,0
53305700,0
57206700,0
58132350,1
57327500,1
57332050,0
24157250,0
56201530,0
57213850,1
53236100,0
58130320,0
71801000,0
72307000,0
21104120,0
51154550,0
58421000,0
27114000,0
53243050,0
53220040,0
22201420,0
53520200,0
58107220,0
58421080,0
91715300,0
58122210,0
57805080,0
55105000,1
27610120,0
57822000,1
51152000,0
75418050,0
26100210,0
54403060,1
53260400,0
51102010,0
56205070,0
27515080,0
27510390,0
53301750,0
53520120,0
58145120,0
28141250,0
54334000,1
58122220,0
51160100,0
51630100,1
53236000,0
51303010,0
58100230,0
53270100,0
53313000,0
57224000,0
27416500,0
58503020,0
51160010,0
53366000,1
57409100,1
54304500,1
58134160,0
58146110,0
74601010,0
28141600,0
53304000,0
58150340,0
32202060,0
27242200,0
27347240,0
27550750,0
51301600,0
53206050,0
58132340,0
22201060,0
58110170,0
53544220,0
58147510,0
56207200,1
51301510,0
27260080,0
41812400,0
56130000,0
57416010,1
53204000,0
53521120,0
58130140,0
51208100,1
27416450,0
53520600,0
56205210,1
53233500,1
53102000,0
27540110,0
53120330,0
51166200,0
28140100,0
53420200,0
22101300,0
75412060,0
27220010,0
50010000,0
54402080,0
27242000,0
28110350,0
53251100,0
53220000,0
75415022,0
55202000,0
58132450,0
22101140,0
53114000,0
26100250,0
53453170,0
53203050,0
58151140,0
58400200,0
32202200,0
27220050,0
76102010,0
51301540,0
83204020,0
57107000,0
76611010,0
51101060,0
58106830,0
75440200,0
27242310,0
57308150,1
27343020,0
27111300,0
58104120,0
53386000,0
52404060,0
27443120,0
58145190,0
56102010,1
41811600,1
41810610,1
75649030,0
28355440,0
27410210,0
28500080,0
27250130,0
53453150,0
57327450,1
53400200,0
51301040,0
27242250,0
91703300,1
58163110,0
27341310,0
53119000,0
53206010,0
58402100,0
53204500,0
55801000,0
53206100,0
53118550,0
27540260,0
58509200,1
56205190,0
27315250,0
71305110,0
57231200,1
53104550,0
54337050,1
11832000,0
28310330,0
52304060,0
27640120,0
57106260,0
51126010,0
13140500,0
27211200,0
58147100,0
58104090,0
57241200,1
56207060,0
53114200,0
57215000,1
76605010,0
53544250,1
58160160,0
57806100,0
51109040,0
58132820,0
27560705,0
26100220,0
56207360,1
58127350,0
58148160,0
58104500,0
57239100,0
27320020,0
58104080,0
58101310,0
71801100,0
53420000,0
58106710,0
27500200,0
53121330,0
53391000,0
51119010,0
72125231,0
75607060,0
54401090,0
27343010,0
51407010,0
56208500,0
58106910,0
32202080,0
58404010,0
53341000,0
53307000,0
51161200,0
53116390,0
72201252,0
73111032,0
26309140,0
58404500,0
57305150,1
27510400,0
56101010,0
56112010,0
27220080,0
51502100,0
56200400,0
57000100,1
53440000,0
54210010,0
41420110,0
27211190,0
14710100,0
58146150,0
58148500,0
51301900,0
55211050,0
51620000,0
58403030,0
27246300,0
57139000,0
28350210,0
41601170,0
72125232,0
74602300,1
27211100,0
55206000,0
27211300,0
53114250,0
56117000,0
27311420,0
55401000,0
53441110,0
58124210,0
22000310,0
28110370,0
75604020,0
57125900,1
27343960,0
52303500,0
22201400,0
27243500,0
27513050,0
56205020,0
75450500,0
58132800,0
28160650,0
27601000,0
75607010,0
28143210,0
58145113,0
28310230,0
51300150,1
51166500,0
75656060,0
58400000,0
27411150,0
54205030,0
53123080,0
28345130,0
58133130,0
26121140,0
14640100,0
58104130,0
26137150,0
58301020,0
26127150,0
28143110,0
53440300,0
41601080,0
53540600,0
51182020,0
27510440,0
58134120,0
53118100,0
27343950,0
53304050,0
53450300,0
27320320,0
53385500,0
54305000,0
51161030,0
56102000,1
53452500,0
53116270,0
28110390,0
27260100,0
26307140,0
72201251,0
57805100,0
53118200,0
27345520,0
58101510,0
57340000,0
58149110,0
74604100,0
57346500,1
57801000,1
57308300,1
27510311,0
28140710,0
24157200,0
53102600,0
13210180,0
52105100,0
58131530,0
58107050,0
58107100,0
33102010,1
58163510,0
58127310,0
27540180,0
55205000,0
27341320,0
26109150,0
27330110,0
52302600,0
57231250,1
57403100,0
57000050,1
56207370,1
71701000,0
54420200,0
27220190,0
52304150,0
53204840,0
27343510,0
53237010,0
54336000,0
73111030,0
58103310,0
51804020,0
28331110,0
53312000,0
53410500,0
58301050,0
53521220,0
57144000,0
28355210,0
56207110,1
75604010,0
51601220,1
53116510,0
58148170,0
27320500,0
51122100,0
28143020,0
54430010,0
58104260,0
51154600,0
51184100,0
51302500,0
26151150,0
58150310,0
76604000,1
58100220,0
27220150,0
27220310,0
27343480,0
27242300,0
54307000,0
56200390,0
71507040,0
24147200,0
55502000,0
52206060,0
53117100,0
58100300,0
51301120,0
51187000,0
27520370,0
53420410,0
73111033,0
57601100,0
56203210,1
27231000,0
28110380,0
67405010,0
23311120,0
57316450,1
75403022,0
52308010,0
51188500,0
58145150,0
56202960,1
28520000,0
71801040,0
27343410,0
51186020,0
56205320,0
73102230,0
54408250,0
26151130,0
58126280,0
32202075,0
58112510,0
27500050,0
28145110,0
75611010,0
28101000,0
28160310,0
53109210,0
75460710,0
41810200,1
58131310,0
27250820,0
28143170,0
57806000,0
13140550,0
57221650,0
27113200,0
26157150,0
52304040,0
27550720,0
57806200,1
27430400,0
51201060,1
51201070,1
27150100,0
73111400,0
54408000,0
57106250,0
53306000,0
27560660,0
27513040,0
53420100,0
51000180,0
58156310,0
57111000,1
26115140,0
53387000,0
28110330,0
56201030,0
27515020,0
26111140,0
41811400,1
58103210,1
57404100,0
75403023,0
27315420,0
54408300,0
52104040,1
53122080,0
51501010,0
51501020,0
75440500,0
27345410,0
55211000,0
28143200,0
27212200,0
57322500,0
27510290,0
58128000,0
67501000,1
51501050,0
53420400,0
26157130,0
27320310,0
27510590,0
75417010,0
28355420,0
13120700,0
53415120,0
13120760,0
56201130,0
13252600,0
27213100,0
53104520,0
58134660,0
24127140,0
26109130,0
21103110,0
91304250,0
56202980,1
75401011,0
91703400,0
27540240,1
58104280,0
51300210,0
56204980,0
26203110,0
57602500,0
53544400,0
75651000,0
53430100,0
58120120,0
56202970,1
27345310,0
51805010,0
53104400,0
58146130,0
24157240,0
41812850,0
57807010,1
22210310,0
51421000,0
75411020,0
75418040,0
58121510,0
57306120,1
57110000,0
27510110,0
56207020,0
27341510,0
54204010,1
27642120,0
27510240,0
53109270,0
53224250,0
26315150,0
24107010,0
27141050,0
58407000,0
41209000,0
51110010,0
53301500,0
57318000,0
27341520,0
75651070,0
27220510,0
76607020,1
22300150,0
53110000,0
75651040,1
27319010,0
58302000,0
53118410,0
51420000,0
27113100,0
58106820,0
28340210,0
27520330,0
51119040,0
71508040,0
27146200,0
53109300,0
58146160,0
54205100,0
57206000,1
57308190,0
75400500,0
51135000,0
56201040,0
51165000,0
56203000,1
51303030,0
57103000,1
56205330,0
53122070,0
27560320,0
28143080,0
53115310,0
24137240,0
27540230,0
52403000,0
28141610,0
53233020,0
27250630,0
57152000,1
75603000,0
27313010,0
27313020,0
58162110,0
53109250,0
58128210,0
74602100,0
52302100,0
75409011,0
72202010,0
56201230,0
58125180,0
26315140,0
27640810,0
53204830,0
51805020,0
53245000,0
75602010,0
58404040,0
57218000,0
26115150,0
53451000,0
27520500,0
56201092,0
28145210,0
72116140,0
27520250,0
92613510,0
57101020,0
58101830,0
53343070,0
75607020,0
51111040,0
51807000,0
27510530,0
58100240,0
57103500,1
58101460,0
27250900,0
51502010,0
27142200,0
57316750,1
52301000,0
28140810,0
58107230,0
75140500,1
53420210,0
75411031,0
58304200,0
27360050,0
28500010,0
23203030,0
25112200,0
58155310,0
53104100,0
58116110,0
72202020,0
27146400,0
58100330,0
28150210,0
28110300,0
58162120,0
51301520,0
53205500,0
58104310,0
28340520,0
53223100,1
58161510,0
27211110,0
74205011,0
58160130,0
72125230,0
11461270,0
76405000,0
75608010,0
58406020,0
27313420,0
58160140,0
27516010,0
27220120,0
75652050,0
35001000,0
58112110,0
71701500,0
27250060,0
58130020,0
13120740,0
28315160,0
74205010,0
42204100,0
57316710,1
58134610,0
75417013,0
53111000,0
53118500,0
26205110,0
75609000,0
21500200,0
58124250,0
58161200,0
51302020,0
56201082,0
54325050,0
53430250,0
67414010,0
57412000,0
28110660,0
28110150,0
91705420,0
51161050,0
53116560,0
71503010,0
58116310,0
75417011,0
28160300,0
58134210,0
54203010,1
22101420,0
58106780,0
75651110,0
28355250,0
91703250,0
27250510,0
53303070,0
53205600,0
58124500,0
58104340,0
83204060,0
22101410,0
53227000,0
54201010,0
28345140,0
53415400,0
53540500,0
75607040,0
58403020,0
28500050,0
53105050,0
53341750,0
53102800,0
26317110,0
53104600,0
57143000,0
58306020,0
58127110,0
53107000,0
53120000,0
72202030,0
27345510,0
27330010,0
27150130,0
27150020,0
28140720,0
75651120,0
53430200,0
27150160,0
76501000,1
56201072,0
53305070,0
13312000,0
51108100,0
27540130,0
57323050,1
57305170,0
27313410,0
58407050,0
58101200,0
27510680,0
28110000,0
53104570,0
57332050,1
53410900,0
57336000,1
57238000,0
58131600,0
11830940,0
53104500,0
57104000,1
57132000,1
54401020,1
27320120,0
27446400,0
53540000,0
57344020,0
56132990,1
75607000,0
57820100,1
58160220,0
58302050,0
75410500,0
57237300,0
71801100,1
54102020,0
57213000,1
54102010,0
27260050,0
57124000,1
41810400,0
57125000,0
27347220,0
27446410,0
92611600,0
53102300,0
58131610,0
57100100,1
92611010,1
28310230,1
71803010,1
58403060,1
57130000,1
57224000,1
58301110,0
53260150,0
27510950,0
52306550,0
56207230,0
28315130,0
57106260,1
28150650,0
53415600,0
27311310,1
54322000,0
57341000,1
58161110,0
57119000,0
27411120,0
75649030,1
57243000,0
53226600,1
58101720,0
53420250,0
58101910,1
57416010,0
41810250,0
55703000,0
57221700,1
75140500,0
58503050,0
53610200,0
57212100,1
54406010,0
71905120,0
57805080,1
53500100,0
75651080,0
24201070,0
58101830,1
26125140,0
13130700,0
53610120,0
27311510,1
53415300,0
75440500,1
53204600,0
75439010,0
57327450,0
57801000,0
51300050,1
57301530,1
75403013,0
27560510,0
57342010,0
27540290,0
28140740,0
51401040,0
58100255,0
26158030,0
12350100,1
53540700,0
75403010,0
75412010,0
57306500,0
57207000,0
75650990,0
27360010,0
27520160,0
71802010,0
51207020,0
57206700,1
51134000,0
56201550,0
56207180,0
53544220,1
91703300,0
58130013,0
56207150,0
57245000,0
53341500,0
27540140,0
72125260,0
57139000,1
27313150,0
52302020,0
28310320,1
91734300,0
53382000,0
28345110,0
58134680,0
57106530,0
57337000,0
27250950,0
27642120,1
27345320,0
27540250,1
51807000,1
27520360,0
58104600,0
27120020,0
27642110,1
56201600,0
28144100,0
57305170,1
57344010,0
75409020,0
51102010,1
53118300,0
26105140,0
28355140,1
56205060,0
57301511,1
58104520,0
57148500,1
57407100,1
53400300,0
28340510,0
52304200,0
27640050,1
57806100,1
71507040,1
61113500,0
27243300,0
57341200,1
58134710,0
41811800,0
27116350,1
57239000,0
58100720,0
56203610,1
27515010,0
27540170,0
51150100,0
57316500,1
71507050,0
54401120,1
26117130,0
51161150,0
56133010,1
58508300,0
27320080,0
41602020,0
26158040,0
51630000,0
55205000,1
58137210,0
51303050,0
92205000,0
27235000,0
27540235,0
27241010,0
57805100,1
76605020,1
58145140,0
57602100,1
56117110,0
58100360,0
58131110,0
57319000,1
57332100,1
58137230,0
58137240,0
27510250,0
27350080,0
58101820,1
58134640,0
58126400,0
23201030,1
51102020,1
27540200,0
51207010,0
73102251,0
56113010,1
27315510,0
27541000,0
53544450,1
57355000,0
58503010,0
51601210,0
75414011,0
58101800,0
27250160,0
26127130,0
56201091,0
57240100,1
27540310,0
27601000,1
24137200,0
75403012,0
27520150,0
58132460,0
52408000,0
74604010,0
56133000,1
58116210,0
53105750,0
58155810,0
28145000,0
24147240,0
27150200,0
75407010,0
13241000,0
28355120,0
52306300,0
26131150,0
54401170,0
27311620,0
54402500,0
53106500,0
41601070,1
58132360,1
51168000,0
53302000,0
58509200,0
67415020,0
54328110,0
58137220,0
51121110,0
22000300,0
75147000,0
58134623,0
11461260,0
53116550,0
58303100,0
27515040,0
57316750,0
27336250,0
57330010,1
53542210,1
27120090,0
57103050,1
58100250,0
27213400,0
76502000,1
58131510,0
56203220,1
72201240,0
56200300,1
56114000,0
41810200,0
51300220,0
57305210,0
57316200,1
27560110,0
27430410,0
41811400,0
28340220,0
26111130,0
51401030,0
28340630,0
58126290,0
22101400,0
57824000,1
58304060,0
51301820,0
41810610,0
53204860,0
51165060,0
76102030,0
53234250,0
28152050,0
28355430,0
27347230,0
27213150,0
28120310,0
27213600,0
57124200,0
58200250,0
41421020,0
58137250,0
57820000,1
76605010,1
57404200,1
53118350,0
58104450,0
73102231,0
53206550,1
53246000,0
54408040,0
58100160,0
56207160,0
58164110,0
32202110,0
54203010,0
58134650,0
58134720,0
41602090,0
53452200,0
56201060,0
53220010,0
54401090,1
57306800,0
58127270,0
57106250,1
75460800,0
57824500,1
27642130,0
57206800,1
57301520,0
57209000,0
51122010,0
58151120,0
53222100,0
28350220,1
27510450,0
75603010,0
27510550,0
27560710,0
76604000,0
27320130,0
75418060,0
27350410,0
13310000,0
56207000,0
51122300,0
51109110,0
53205250,0
52303010,1
56200510,1
27250410,0
57143500,0
53101300,0
75415011,0
53124110,0
51187020,0
27560370,0
58306070,0
73111400,1
75450510,0
58100245,0
56205090,0
27520320,0
28145610,0
26123140,0
53430750,0
53120060,0
75651040,0
75410010,0
53521250,1
57221000,0
56117090,0
13161500,0
58127210,0
27520300,0
56201071,0
75415010,0
57124500,0
22201320,0
56203080,1
52311010,0
53242500,0
27446100,1
58304050,0
73501010,0
58100620,0
53103550,0
33102010,0
28141010,0
13122500,0
57806000,1
75414013,0
27540120,0
57408100,1
74202050,0
57138000,1
76607030,0
27450510,0
53216000,0
75401012,0
53233080,0
57308300,0
57316710,0
55702000,0
56202000,1
52304100,0
55105100,0
72201242,0
28345160,0
75656040,0
51320530,0
56117100,0
58310310,0
51404550,1
27450650,0
53303000,0
27250260,0
53220020,0
56201520,0
58106920,0
51302050,0
27250250,0
53450800,0
27345450,0
58126110,0
57117500,0
27250830,0
57325000,0
28113110,0
22201070,0
58156610,0
28141201,0
57151000,0
24137250,0
58126180,0
41610100,0
27510380,0
51630100,0
14630200,0
26303150,0
77121010,0
24201060,0
58117110,0
28141610,1
76205060,0
53450500,0
24201350,0
58304400,0
57102000,1
13126000,0
53310000,0
32202025,0
58409000,0
22300170,0
27142100,0
75600150,0
58127290,0
57301510,1
75409010,0
27320140,0
57219000,0
51302060,0
72125240,0
58106550,0
58160200,0
41435120,0
51300060,1
58160209,0
58160324,0
58106625,0
58106725,0
58106630,0
27540210,0
58106225,0
52302610,0
27120080,0
53540400,1
58106560,0
55101020,1
58105105,0
58106500,0
26303110,0
58106555,0
75440600,1
41435700,0
27220210,0
58106200,0
58106620,0
57160000,1
51000190,0
53346500,0
27250040,0
58160205,0
58134810,0
58104320,0
53544410,1
26158020,0
55203600,0
76607010,0
58117410,0
53107200,0
53233100,1
58106540,0
71801040,1
75601010,0
58106205,0
58106660,0
41601130,1
58100510,0
22210450,0
41435300,1
32105190,0
27212400,0
53544230,1
58160320,0
57339100,0
26109110,0
58106700,0
58122330,0
58106705,0
27345210,0
58106650,0
53108000,0
57213005,0
53520700,0
27560330,0
58106735,0
53543100,1
54402700,0
57128880,0
56205310,1
53226000,0
26113110,0
58160204,0
58160302,0
51220000,1
51602010,0
27250132,0
32202090,0
58100155,0
58100410,0
58106755,0
28150510,0
53540804,1
41210000,0
57307600,0
27213200,0
53106000,0
27442120,0
14630300,0
75609010,0
58106505,0
57344005,0
28110150,1
53440600,0
58407035,0
53308070,0
57344015,1
27446410,1
58107225,0
58155510,0
27510425,0
58106325,0
58160304,0
58160207,0
56205050,0
57307010,1
27250450,0
51115010,0
58107030,0
58147350,0
27320070,0
57201900,0
27446360,0
51404020,0
53420300,0
58200300,0
58301150,0
41306000,0
72125253,0
57305180,0
27330010,1
53540802,1
91703050,0
58106737,0
27511010,0
72125233,0
53307080,0
73210110,0
27146160,1
27213300,0
57419000,1
56206970,0
58123120,0
41601110,0
28140320,0
58106736,0
56201061,0
53801000,0
76603020,0
53543000,1
28150210,1
51303070,0
75651150,0
28355130,0
75440170,0
57125010,1
28143190,0
58126310,0
11461250,0
58160292,0
27220170,0
58161320,1
53344200,0
75607090,0
57319500,1
75605010,1
27510375,0
27446320,0
26107110,0
56205340,1
58163400,0
58106655,0
27347200,0
58135120,0
27520350,0
58161400,1
28310210,0
54440010,0
22201410,0
53104300,0
58160310,0
28154010,0
54319020,1
53105500,0
53311050,0
32202035,0
28145100,0
27341000,0
53415500,0
57126500,0
58161405,1
58161409,1
58161454,1
58160322,0
58122310,0
53540800,1
58120110,0
53540402,1
57407110,1
58126000,0
53116350,0
53105600,0
58106350,0
53540300,1
27520165,0
58127500,0
58111120,0
27250810,0
56203230,1
53410860,0
58146120,0
53100070,0
27242350,0
28141050,0
58126300,0
27220030,0
53440500,0
27350020,0
53116500,0
57221810,1
27250110,0
27313160,0
75607030,0
53390000,0
53237500,0
51801010,0
27212300,0
11446000,1
52320110,0
27311635,1
27220110,0
58160294,0
26107130,0
56207190,1
58107060,0
58127150,0
13135010,0
28320140,0
58160202,0
58106300,0
74602200,0
51188100,0
27510410,0
58106738,0
53305080,0
27311610,0
27540145,0
27414100,0
52208010,1
27420390,0
27315520,0
58131535,0
53386050,0
51401060,0
75414010,0
27520135,0
13210450,0
58161402,1
56114020,0
27336310,0
58106640,0
58306100,0
75651030,0
51201150,1
58106250,0
53120400,0
58110200,0
22201300,0
51153010,0
58161404,1
53304070,0
53415200,0
58106305,0
14710200,1
53342070,0
27113000,0
27250120,0
27220020,0
58160135,0
27510420,0
27415150,0
57805500,1
56208510,0
75410550,0
53540404,1
53542000,1
58155610,0
51000250,0
53452170,0
58160290,0
27414200,0
27315320,0
27230010,0
27640100,0
57301512,1
27510260,0
58122320,0
27347210,0
58162140,0
41410015,0
27360120,0
53440800,0
27250126,0
58302060,0
53307050,0
58106260,0
56113990,0
28340590,0
58106345,0
58156710,0
57301505,1
58304230,0
58407040,0
53511500,0
75601000,0
27250020,0
53307500,0
58100900,0
72125251,0
53106050,0
27360080,0
56203211,1
27540230,1
56203212,1
58161407,1
53540906,1
71801010,1
58161710,0
53803100,0
74606010,0
53541000,1
58106441,0
74204011,1
56203213,1
53803250,0
53540900,1
58136110,0
27211550,1
53803050,0
51201110,1
27146050,1
27341025,0
53344300,0
26133110,0
54207010,0
27541001,0
41811200,0
58106733,0
58106412,0
58116130,0
58146300,1
58106411,0
51301130,0
27550751,0
57349020,0
41601060,0
75418000,0
13136000,0
53541002,1
58101600,0
53540902,1
27540291,0
56203223,1
27510435,0
11461280,0
57124300,1
28310420,1
27320090,0
56201540,0
74602300,0
56203222,1
27250128,0
56200500,1
58106413,0
56203221,1
51202000,1
53116490,0
51301620,1
27311600,1
58116115,0
71851010,1
51301550,0
58147340,0
28355350,0
58404100,0
27510670,0
27313320,0
27320030,0
57237200,1
53340500,0
53116600,0
58160314,0
27540300,0
27246505,0
58106442,0
13140450,0
53104580,0
56201990,1
27560400,0
27250210,0
54222000,0
58106915,0
27213500,0
51186160,0
27460010,0
58101740,0
58106462,0
14640000,0
72125252,0
41420100,0
54339000,0
58161432,1
53391150,0
73211110,0
58403100,0
58106734,0
57131000,0
58131590,0
58106359,0
28345030,1
55204000,0
56103010,0
27510355,0
51208000,1
27510130,0
27341040,0
71301000,0
54420100,1
53540904,1
53540806,1
27343420,0
27341035,0
57344025,0
27330030,1
58161325,1
51601220,0
27341030,0
58131330,0
58106347,0
27250400,0
53610250,0
27135010,0
67304030,1
51180020,0
24201050,0
54308000,0
58306150,0
53120500,0
27513041,0
51320510,0
28133110,0
76405020,0
27320340,0
58155320,0
58130150,0
58151150,0
53452120,0
58161430,1
58131100,0
54305500,0
58161422,1
27150170,0
53204800,0
58135110,0
27330050,0
53452130,0
56113000,1
51808010,0
41811950,0
58106255,0
55701000,0
53541006,1
56201081,0
77316510,0
58200100,0
51302010,0
24208000,0
53248000,1
58450300,0
27162500,1
27315310,0
58101615,0
51301630,1
58133140,0
27242500,0
28143220,0
53302070,0
24107040,0
58157210,0
27111200,0
28140150,0
56201300,0
51123020,0
53430000,0
58402020,0
58106443,0
58161452,1
58131120,0
53303510,0
58123110,0
58134110,0
27330110,1
58160312,0
26141130,0
32202020,0
51320040,0
58101610,0
26315110,0
58106358,0
58156210,0
27150030,0
58134130,0
58104550,0
27330060,0
57305500,1
52307120,0
26129140,0
56203231,1
27510610,0
42301010,0
53366000,0
51208010,1
51000400,0
27443150,0
28315120,0
32201000,0
53541004,1
53441210,0
27450660,0
14630100,0
51303020,0
13161520,0
27250122,0
53118310,0
58106610,0
53712100,1
53209015,0
56205008,0
24127130,0
24147230,0
58106235,0
58106570,0
51300110,1
58100010,0
24198730,0
54325010,0
58121620,0
27564060,0
27564140,0
56205002,0
41304000,0
58104770,0
53240000,0
58145135,0
54402600,1
24157230,0
58106236,0
53710906,1
26319110,0
56205018,1
58101347,0
53120270,0
58165000,0
56205012,1
75460900,0
58101345,0
58145112,0
58100005,0
58101325,0
27564000,0
53710400,1
73410300,0
51301600,1
54304150,0
53714520,0
54326000,0
58160610,0
54408070,0
27564250,0
53105270,0
53240010,0
57206710,1
57128000,1
58104745,0
58145117,0
58101630,0
51300120,1
27146050,0
53121270,0
58100020,0
24167130,0
58104750,0
58160520,0
55212000,0
58160420,0
56205016,1
26319145,0
28141300,0
53243010,0
27564200,0
58101620,0
58145136,0
53711000,1
27564440,0
57124050,1
27150060,0
58100165,0
58163420,0
53105275,0
58160540,0
58100000,0
24198690,0
53209005,0
58164500,0
56205205,1
51301540,1
51108100,1
58104150,0
53710500,0
53121275,0
56205006,0
26319142,0
58160570,0
58101733,0
58101745,0
27564180,0
27146360,0
58100013,0
51300175,1
58161440,1
58164560,0
27146100,0
53710700,0
58100145,0
53710502,0
58106565,0
27111420,1
58104835,0
26100260,0
53120275,0
27564500,0
27211500,1
58163450,0
58100260,0
53710904,1
27250710,0
58101323,0
58163430,0
53710900,1
73304010,0
26319163,0
57805090,1
58160550,0
27564190,0
58160430,0
57148500,0
58160530,0
51300180,0
32202000,0
58106633,0
27520166,0
55101015,0
81301000,0
58101945,0
27564070,0
26100200,0
27243100,0
53386500,0
71402510,1
91746200,0
58160400,0
58160490,0
56205004,0
27564130,0
51136000,0
58106635,1
58100635,0
58164570,0
27564080,0
58101935,0
53720100,0
53710902,1
27564240,0
75440510,1
27564300,0
22300160,0
58106580,0
58101555,0
58164520,0
53712000,1
13120310,0
58147110,0
27564090,1
27564270,1
71801000,1
51300210,1
53720800,0
58111130,0
58164540,0
74606020,1
53714400,0
26137130,0
58104800,0
56204005,1
57128005,1
26100133,0
27564120,0
27540111,0
53711002,1
75402012,0
53720300,1
53714200,1
26137131,0
53710504,1
58104760,0
53729000,0
58106310,0
27570310,0
27520380,0
58100325,0
53710802,1
58160700,0
58160450,0
27520140,0
58100135,0
26100270,0
58160805,0
32202130,0
26115110,0
58101725,0
58403100,1
53205260,0
58100125,0
57305165,1
27564100,1
58101357,0
54360000,1
53241510,0
53720700,0
58404510,0
58100235,0
26305130,0
58165410,1
27510445,0
58148114,0
58100625,0
53712200,1
51808000,0
53231400,1
53711006,1
57124100,1
57301540,1
52304000,0
27146110,0
53720200,0
58104720,0
26319160,0
27311640,1
53712210,1
58160580,0
58100725,0
55105210,1
54206010,1
57806050,1
53347600,0
58161420,1
58101457,0
27213010,0
58126160,0
58100535,0
71945020,0
57305174,0
27564020,0
58161434,1
58160670,0
58165010,0
27560500,0
57106060,1
55702100,0
57206705,1
27315340,0
27564510,0
58164580,0
57303105,1
27564260,0
53714500,0
58161435,1
53710800,1
56205014,1
92306100,1
74603010,0
51300185,1
58160460,0
26158023,0
58164840,1
57316380,1
27510385,0
27564010,0
75411030,0
58161464,1
72302020,0
53714210,1
58106636,0
58160440,0
58104825,0
53710600,0
72125250,0
13120780,0
26133130,0
58160800,0
58160640,0
58106233,0
75654010,1
27520510,0
58104160,0
51806010,0
55105205,1
28321130,0
54402610,0
58160630,0
58160710,0
27260510,0
54406200,0
51151060,0
27212500,0
54210010,1
58160480,0
58161530,1
27564150,1
57308150,0
58160720,0
58145119,0
58148112,0
27513070,0
51300100,0
58148116,0
53803300,0
58118210,0
53520500,0
27564310,0
28320140,1
53260500,0
56203540,1
57305175,0
26317160,0
27564460,0
27350100,0
58161500,1
51300220,1
53711004,1
54318000,1
71402520,1
58162130,0
28331110,1
58161504,1
27148010,0
53714250,1
27510570,0
26157110,0
58164820,1
56205350,1
27320027,0
58126290,1
13120750,0
27610100,0
14650150,0
58160560,0
57000000,1
58150100,0
56202100,1
14710200,0
26137133,0
58165060,0
58161470,1
42502000,1
57301535,0
57206715,1
58160660,0
27520170,0
58104905,0
53344070,0
58165480,1
75651030,1
41811600,0
58100015,0
75608010,1
58165040,0
57237310,0
58161534,1
53235600,0
58100805,0
26125130,0
58117510,0
53386250,0
56204000,1
57305300,0
58164510,0
58148111,0
26127133,0
57406105,1
53109220,0
27213420,0
58104270,0
58165020,0
23321250,0
58164880,1
53260600,0
58126140,0
23220030,0
58164550,0
58101950,0
58160650,0
58161462,1
26151143,0
27517000,0
53714230,1
58160500,0
53714220,1
56203200,1
27320025,0
56104020,0
53381070,0
58160470,0
26157133,0
11480020,1
51167000,0
58101955,0
91718110,0
27341050,1
75418101,0
57307500,1
13140580,0
24127125,0
58174000,0
22002100,0
56203232,1
58100525,0
27564420,0
81330210,0
27564210,1
26319143,0
54340100,1
24198735,1
27564360,0
51154100,0
24147213,0
28500030,0
58106235,1
58145111,0
24127153,0
58163405,0
51320060,0
71305011,0
27564242,1
51320560,1
51808000,1
58106570,1
28310150,1
57237900,0
72116150,0
24127113,0
54350020,0
92610030,0
24157213,0
24167113,0
56201340,0
57213010,1
53420310,0
55106000,1
58106580,1
56201342,0
55208000,1
53720210,1
57303100,1
51154010,0
58151190,0
58151420,0
58151440,0
25221450,1
58150520,0
24198695,1
24127155,0
56202900,1
58130014,0
24127151,0
51320070,0
58151180,0
58151230,0
26158021,0
24127141,0
53100050,0
58130016,0
51320720,1
58106236,1
53714300,1
56204010,1
58164870,1
92610020,0
58401200,0
53720610,1
57344007,1
24127115,0
58151200,0
58151220,0
58151430,0
53391100,0
53451500,0
27564450,0
56207095,0
27520155,0
53115450,0
75406011,0
75440510,0
91705430,0
27540151,0
24147215,0
58146310,1
57124200,1
75460810,0
71301021,0
24167115,0
58161460,1
57124030,1
58104535,0
51320700,1
58160000,0
56201070,0
56201324,0
58150530,0
58106636,1
51300300,0
27564182,1
58101525,0
53713100,1
58151170,0
58151210,0
26311140,0
56205101,0
32110150,0
51620030,0
11360000,0
27564362,1
27564001,0
51303100,0
58165440,1
27515030,0
27564061,0
58137300,0
51135010,0
57321905,1
27250124,0
27564370,0
56203040,1
75601020,0
58130015,0
58157300,0
27564443,1
52101040,0
53261000,0
56140100,0
53233100,0
27450250,0
51806020,0
54408080,0
57301510,0
27564442,0
26315160,0
58101625,0
28311010,1
51154510,0
24157253,0
27311600,0
57344001,0
56207087,0
24127112,0
58100017,0
25240000,0
56201330,0
57124900,0
58157320,0
24201370,0
57103020,1
58160810,0
13140575,0
27564280,1
54319500,0
51301805,0
58164530,0
27564063,1
57321900,1
58151410,0
51300310,0
53307070,0
24147253,0
26153130,0
27260090,0
56104010,0
58101635,0
56207130,1
56203233,1
67304500,1
58124220,0
58104190,0
57308190,1
53231000,0
58148118,0
58164850,1
56201322,0
58148115,0
27564064,0
51320710,1
58160510,0
56201332,0
51501080,0
27564241,0
58161524,1
27335100,0
56201320,0
58161424,1
57143500,1
58124230,0
26127141,0
56207212,1
58165050,0
58160690,0
24107001,0
55207000,0
58161474,1
24147252,0
54102050,1
26319164,0
26115133,0
53303570,0
27564062,1
53710804,1
24147212,0
24147225,0
24157225,0
53206550,0
56206990,0
27510359,0
27515050,0
53710806,1
27564361,0
53452150,0
63107410,0
58160600,0
27315270,0
75411033,0
27430500,0
73102233,0
51302500,1
75401010,0
27564160,1
27564121,0
27641000,0
58161444,1
56201298,0
27564364,0
53207020,0
51300100,1
51808100,1
56205215,1
24127152,0
26151133,0
57306700,1
56207342,0
56208530,0
26109133,0
75649050,0
76611000,0
57305215,1
24147251,0
27564303,1
27351020,0
27510265,0
27350090,0
23203020,0
58106602,0
24168001,0
55200070,0
54401081,0
42302025,1
54401075,0
55200020,0
58146222,0
27510225,0
54403087,1
58146301,0
58146391,0
27510251,0
54301010,0
24198742,0
24198671,0
42301015,0
56201052,0
54403056,1
42302115,1
54401112,0
56205001,0
27510241,0
14640105,0
51808010,1
42302020,1
51121075,0
54408016,0
58146322,0
54401110,0
24167230,0
24198731,0
58146362,0
51184210,0
56203056,1
27510253,1
56203066,1
54403005,1
27510312,0
27510406,0
54440020,1
56203155,1
55100010,0
58146323,0
54301030,0
24147320,0
28317010,0
51184230,0
24168030,0
27510172,0
71401039,0
55100050,0
54403052,1
27510631,0
54304020,0
54403057,1
41810600,0
54401122,0
24147310,0
42301020,1
54401121,0
56203135,1
54401065,0
54401035,1
24168021,0
71501006,0
58146413,0
24198746,0
71501017,0
27510606,0
54202020,0
24168000,0
54403092,1
54404010,0
71305030,0
27510389,0
42302110,1
54403059,1
24157320,0
24168020,0
58106234,1
58146442,0
56203130,1
54401026,1
56201516,0
56203086,1
51121035,0
27510536,0
27510215,0
54408310,0
24127220,0
27510266,0
58146382,0
42302015,0
58146421,0
58146342,0
27510552,0
55300010,0
58106702,0
24127200,0
24157300,0
58146302,0
27510341,0
58106604,0
14620200,0
54337030,0
54401021,1
54408035,0
54420220,0
55300050,0
54420210,1
58146652,1
58161502,1
27510376,0
54408415,0
24198741,0
58106514,0
14640130,1
55301040,0
54408485,0
54408017,0
55301031,0
27510190,1
27510641,0
27510346,0
58146332,0
24157400,0
54304005,0
54401085,0
58157310,0
58146432,0
58146452,0
56203510,1
24198677,0
58146622,1
14640115,1
24167220,0
58106512,0
54401111,0
27510615,0
54338000,0
71501012,0
58106578,1
58146383,0
54103000,0
58146321,0
24168022,0
24147300,0
54403080,1
55100060,0
27545200,0
58146602,1
42301025,1
55200050,0
54408422,0
27510388,0
24168002,0
24198747,0
24198732,0
14640004,1
55200100,0
56201090,0
58146433,0
54403058,1
51109150,0
54401031,1
51184260,0
54403006,1
54403089,1
51121025,0
55801010,0
54403051,1
56201515,0
58106634,1
56205011,1
56207016,0
27510174,0
24167200,0
24198683,0
54401055,0
55203700,0
56203076,1
27510140,0
58146223,0
54403082,1
55301015,1
53803100,1
24137300,0
58146372,0
54403046,1
54305010,1
56207120,1
27510553,0
54403081,1
55200030,0
24198737,0
55100080,0
42302155,0
58146381,0
27510682,0
56201051,0
42303100,0
58109020,0
56203096,1
55200200,0
58146215,1
58146393,0
24198745,1
27510281,0
58146422,0
54403045,1
56203067,1
14640008,0
58106606,0
58146732,1
14640110,1
27510252,1
58109030,0
56203175,1
26158033,0
14640002,0
58146431,0
56203057,1
27564441,0
58146402,0
41310900,0
24127202,0
71501054,0
27510642,1
27510233,0
27510195,0
55200040,0
54408475,0
27510145,0
14640060,1
24127500,0
27510451,0
42302060,1
54408190,0
54102015,0
54325060,1
58146352,0
58146361,0
58174100,0
14640135,1
24127210,0
51184220,0
14640010,1
27510465,0
14640006,1
54204020,1
27510555,0
75651020,1
27510643,1
53116650,0
58109050,0
54328105,0
56201056,0
24168012,0
55200060,0
24147321,0
58106516,0
54408105,0
55100035,0
51121055,0
24157330,0
54200100,1
58201025,1
27510387,0
54403085,1
54403053,1
42302065,1
42502100,0
58109140,1
54403054,1
54408410,0
24147400,0
42302055,0
57303200,0
27510232,0
56207017,0
58146632,1
56201057,0
27510565,1
58161442,1
54337010,0
54301020,0
54360000,0
27510276,0
54401011,1
71501075,0
54338010,0
27510401,0
58146412,0
24107070,0
54328210,0
14640165,1
58146392,0
27510431,0
54403088,1
58146341,0
27545110,1
27510391,0
51121015,0
58146692,1
27510231,0
58146683,1
52208010,0
51184250,0
58146221,0
42302105,0
71305015,0
27510676,0
56202905,1
57316385,1
55100020,0
27540285,0
56201517,0
14640125,0
58146333,0
58104900,0
55300020,0
54319005,0
75607140,0
24167210,0
58101750,0
58146451,0
54408416,0
27545010,0
56203160,1
27510601,0
54337020,0
14640014,0
55100025,0
56203555,1
24167300,0
58109015,0
24157302,0
27564301,0
58107205,0
58146441,0
27510242,1
58148117,0
56207023,0
56201055,0
54408456,0
56202910,1
54403083,1
27545100,0
14640195,1
54408470,0
55301048,1
58109210,0
14640012,1
51106010,0
27446350,0
27510511,1
27510243,1
27510446,0
27510506,0
27510531,0
27510207,1
27510305,0
27510171,0
58107212,0
58146210,0
27510165,0
24157310,0
27510342,1
27510386,0
54408420,0
58146603,1
56205007,0
42302165,1
27610730,0
27510160,0
11435100,1
53314000,0
24198729,0
14640056,0
27510170,0
14640024,1
27510331,0
75411032,0
58161480,1
55100030,0
14640032,0
27510705,0
52401000,0
51601210,1
13210810,0
26158024,0
58109130,1
27510551,0
71305050,0
55100065,1
51183990,0
53430700,0
27510616,0
14640185,0
71305040,0
54336100,0
56203087,1
56203097,1
27540361,0
27510667,0
58146662,1
58146315,1
56207022,0
55103020,0
58165470,1
71305070,0
54337060,1
27540296,0
58151450,0
14640034,1
54403001,1
58165400,1
26107143,0
71401050,0
28355260,0
51121065,0
27510501,0
24137310,0
58146443,0
58146423,0
54340110,1
58146343,0
58201045,1
54408110,0
27446355,0
27510575,0
14640190,1
54305020,1
23205020,0
51320550,1
24168031,0
56203077,1
14640026,0
56207210,1
75608200,1
58146613,1
53415220,0
58146403,0
27545000,0
58201015,1
54403091,1
56203106,1
56201050,0
54408081,0
54338020,0
56203620,1
58146612,1
58146371,0
56203055,1
27564030,1
55300060,1
58146351,0
54408210,0
54204030,1
56203125,1
26127110,0
27510632,1
56104000,0
57305200,0
27540295,0
58117310,1
55200010,0
58101735,0
55100005,0
58146682,1
26158034,0
27510585,0
55200090,1
27510235,0
14640018,1
58165070,0
26109144,0
54403160,1
58201005,0
56203600,1
27564243,1
56207027,0
27545210,1
55212000,1
58146672,1
54408405,0
58165080,0
56207094,0
56203180,1
58107222,0
55200110,0
55200130,1
58146702,1
27564430,0
57305400,1
54328120,0
27510175,0
27510633,1
26158031,0
14640048,1
56203560,1
58160620,0
42301125,1
56207005,0
53203000,0
58161472,1
54408487,0
27136080,0
56200490,1
57306130,0
51184200,0
27510343,1
56205230,1
55200120,0
54403062,1
58146642,1
27520156,0
27510475,0
55301055,1
26100142,0
72125253,1
42302160,1
27510671,0
58109120,1
51184240,0
71305020,0
27510206,1
51121045,0
27510681,0
58146623,1
54403086,1
53239100,0
26109134,0
57137000,1
28110270,1
51806010,1
14640050,0
27564220,1
24198739,0
27564002,1
58126170,0
53520130,0
13120050,0
27510649,0
27540146,0
58160410,0
27540160,0
13110112,0
27550420,0
27540206,1
27146155,0
41311040,0
74203010,0
58160154,0
28520010,0
13110102,0
27540196,0
58160132,0
13120735,0
27120030,1
58161322,1
55200200,1
27540360,0
58100500,0
26131131,0
53520170,0
27510257,0
24198736,0
75205200,0
54408430,0
53520135,0
27510655,0
53520100,0
27540139,1
27510245,0
13120510,0
53710810,0
27540186,0
54404000,0
27540176,0
58160102,0
52208020,0
27510191,0
57329000,0
27510000,0
27510190,0
27510242,0
27540147,0
54403061,1
54408015,0
27116110,0
75440610,0
13120782,0
58146722,1
27550400,0
26137141,0
75511300,0
55100055,0
27130010,0
27550740,0
14640036,1
27510635,0
52104040,0
27540153,0
27311605,0
55200080,1
27510246,0
27540152,0
32202034,0
51306000,1
58161437,1
27540175,0
58109100,1
27550200,1
42301115,0
27320150,0
58160100,0
89901030,0
27510229,0
27540195,0
13110000,1
55100030,1
53720400,0
27550745,0
56205017,1
14640160,1
71402510,0
13120792,0
53226600,0
58146331,0
58146411,0
27520410,0
58160156,0
27550110,0
58161321,1
27550425,0
27550730,0
55200060,1
27510371,0
26121160,0
27510262,0
27550150,0
13252590,0
56207102,0
26153131,0
27510258,1
58146733,1
57341300,1
41420100,1
27550755,0
75418030,0
58146653,1
27120100,1
75651080,1
58145300,1
27510661,0
27510675,0
27510636,1
27564380,0
27510254,0
27510657,1
13120786,0
27550800,0
27540132,0
58107224,0
58146303,0
32204010,0
27510261,0
27510196,0
58161532,1
27550510,0
27510576,0
56208520,0
27540185,0
58105075,0
58109040,0
58109060,0
26137142,0
53713010,0
27520310,0
58160106,0
51404550,0
54408432,0
51303100,1
57211000,1
14640155,0
75605010,0
27540205,0
26109141,0
75652030,1
53520510,0
14640030,1
13120784,0
56203150,1
54404020,0
27341045,1
27510573,0
22201050,0
27510405,0
56202920,1
58160104,0
14640028,1
26119140,0
13120775,0
58107232,0
24201360,0
27446362,0
27550120,0
26107144,0
55300055,1
27510155,0
54403055,1
24107080,0
27510910,0
58310210,0
55301030,0
58165030,0
57305160,1
76605000,1
51808050,1
58165460,1
58151400,0
58161439,1
58109150,1
26157132,0
54408400,0
56203075,1
