subgroup,food,GHGperDGA,CEDperDGA,costperDGA
1,added_sugar,0.00307054396438181,0.032103367345117685,0.048143079489949316
2,added_sugar,0.003043637710353685,0.03214039042799897,0.048597175852685644
3,added_sugar,0.003010715551752118,0.03259536136034509,0.04034671724520731
4,added_sugar,0.0031379827356122084,0.031883079486070255,0.04402005548110894
5,added_sugar,0.0029656985422032,0.030309041546489928,0.04835529721050509
6,added_sugar,0.003000499294367194,0.03186775674208909,0.04468541225502315
7,added_sugar,0.003008003193929462,0.031162029210535493,0.03766972594442472
8,added_sugar,0.0030143158990200815,0.030625380883832206,0.043285870430894186
9,added_sugar,0.0030386143595533366,0.03169649562813099,0.03687677111091344
10,added_sugar,0.0030695369394824344,0.032404407404265555,0.04474585317109449
11,added_sugar,0.0030205888189438193,0.0314971996528797,0.036826848828219044
12,added_sugar,0.0031048190006321514,0.030236633262845015,0.04035938402029239
13,added_sugar,0.0029779583130385995,0.030098593636340803,0.0390444227916005
14,added_sugar,0.002997516593088777,0.031368332691847425,0.040911205031111314
15,added_sugar,0.0030607725519058073,0.029884995987665763,0.039109419194048756
16,added_sugar,0.0030404288296605937,0.029689778133309298,0.03533870616661424
17,added_sugar,0.0030429352684535325,0.030726753154461873,0.042203402226399095
18,added_sugar,0.0030393030507183992,0.03143399229652688,0.037748850827591315
19,added_sugar,0.0030957449630551973,0.03113824886597516,0.029850481590224964
20,added_sugar,0.002929499739666661,0.02985984609131431,0.03368036387092447
21,added_sugar,0.0030087649304854566,0.030764488661613264,0.039289131622154395
22,added_sugar,0.0030118292193920576,0.03131955637554166,0.040218610139128995
23,added_sugar,0.0030074695971374398,0.030252395712994543,0.03829260999680794
24,added_sugar,0.002962753683059339,0.029297368583320313,0.034970626739441256
25,added_sugar,0.002995205233166093,0.030684554735280915,0.035006029700022576
26,added_sugar,0.002954074354477916,0.03119692483447557,0.033012182660312174
27,added_sugar,0.0029641814649459444,0.0299969996572962,0.02757496715644316
28,added_sugar,0.002946436533279511,0.027908437515494544,0.03837474753153635
29,added_sugar,0.0029679992584417435,0.02972358884176286,0.0409144083413448
30,added_sugar,0.003060101166479414,0.030762539536705928,0.04065353348658121
31,added_sugar,0.0030133091326333557,0.030079850040376364,0.030213351902812585
32,added_sugar,0.0030404927685237244,0.030398213355027074,0.0490806717880482
33,added_sugar,0.003171198814913377,0.030911598718905246,0.0351898100679451
34,added_sugar,0.0029294293196112996,0.030329292044739165,0.03861525077894467
35,added_sugar,0.002952320609769462,0.02946227377191613,0.029075277197007005
36,added_sugar,0.0030366344116425715,0.029166147186729833,0.03121462045380648
37,added_sugar,0.0029172383281655346,0.02958294510080121,0.039037103755556565
38,added_sugar,0.002943189114518494,0.029676640895307856,0.03554420726933032
39,added_sugar,0.0029789671080933805,0.028595511969108634,0.026411406940888858
40,added_sugar,0.0030600675074229614,0.02919377520153003,0.04168180828336609
41,added_sugar,0.0031169179440774146,0.03017891745436735,0.03788744348035638
42,added_sugar,0.0032295951555138453,0.03204519464254498,0.03539406466519646
43,added_sugar,0.002960146497005237,0.030126397017901728,0.02563277530271862
44,added_sugar,0.003165676402743559,0.02692977396647601,0.024013650356761413
45,added_sugar,0.002891945908992696,0.028233104047395468,0.03851896387704849
46,added_sugar,0.003168055027658404,0.0300037067183824,0.034220035352064485
47,added_sugar,0.002893054166726114,0.0278191182662769,0.03118995603569706
48,added_sugar,0.002921550334881029,0.029595017388168554,0.036022752297242375
1,dairy,0.34391109657164043,1.854635457998411,0.6544715040176459
2,dairy,0.3423558938587633,1.8467726028396774,0.7259491605444389
3,dairy,0.3262901220999199,1.7592531241704548,0.5723839378671002
4,dairy,0.2906938721293042,1.568802245379108,0.5654724760377681
5,dairy,0.3051858239534537,1.6477585425073735,0.6370911171997881
6,dairy,0.32686021552296346,1.7639427536101466,0.670775233949862
7,dairy,0.31211106839124725,1.6856689837524617,0.6444259958806764
8,dairy,0.26247396388723643,1.4190892982198435,0.6096475322875892
9,dairy,0.3432717560722201,1.8503990679192148,0.6064733201638791
10,dairy,0.37052489923954296,1.9970997154710304,0.7984605232778865
11,dairy,0.3603718205567309,1.9428525498688227,0.7055960725984322
12,dairy,0.27871390695125053,1.5038464174631658,0.4906417272367906
13,dairy,0.3255102497173671,1.7559141887136689,0.6841865812233073
14,dairy,0.3298906208997238,1.7811063128835085,0.6770957029749264
15,dairy,0.31811191337098094,1.715266113753961,0.6557679301901969
16,dairy,0.28227510455197125,1.5222541983876812,0.5446578162357306
17,dairy,0.33113210467038817,1.785852296765003,0.6689340540711384
18,dairy,0.32453564715743,1.7529980492618247,0.6167106973344633
19,dairy,0.3031428976033087,1.6347770356814597,0.5750903588203404
20,dairy,0.253146680600586,1.3669514845720117,0.5776535764651398
21,dairy,0.3105117155486874,1.6748852992297036,0.5981966800388959
22,dairy,0.3183729962510198,1.7196719954702802,0.6939867479205319
23,dairy,0.2931513286620111,1.581182956030383,0.5641885964835984
24,dairy,0.2810256829971205,1.517110159607099,0.7313566043769294
25,dairy,0.318565541013125,1.716857787849427,0.605204746757689
26,dairy,0.3492173889818825,1.8813989971149558,0.6150494182160275
27,dairy,0.2788716933865659,1.5058145970404009,0.4705744128530463
28,dairy,0.2625264864115965,1.4165757786860953,0.423475237701119
29,dairy,0.29644214988883244,1.5980207138359852,0.6122824182781126
30,dairy,0.3215564218759093,1.7348745743525171,0.7801461918475143
31,dairy,0.274583820671237,1.4805170657147126,0.5158078477183575
32,dairy,0.2737798618830212,1.477580404664228,0.5230569509939462
33,dairy,0.2784751960008968,1.5024786405427581,0.4732326042010114
34,dairy,0.2869510436590106,1.5494200169809322,0.5383910151964386
35,dairy,0.2718419873769034,1.465945190907598,0.4228171372868452
36,dairy,0.25662484434174637,1.3833413300068438,0.5071945604499944
37,dairy,0.3109969573479491,1.6764954412088617,0.620871949823108
38,dairy,0.30068855247264215,1.6222920899695386,0.6162005225115269
39,dairy,0.2648552444389751,1.4292852967857888,0.5576716453175448
40,dairy,0.246503204134666,1.3357631178379443,0.48845596328920743
41,dairy,0.2750105369197081,1.4819624077050075,0.5031970163306185
42,dairy,0.30582989308799197,1.6475562709513722,0.5031739347701087
43,dairy,0.2681254316359411,1.445653005773927,0.41079998287115155
44,dairy,0.2586249088184619,1.3938915971286063,0.4556636609868729
45,dairy,0.2828941003066929,1.525167862450047,0.5568797891964696
46,dairy,0.2566466233579622,1.3886577964366158,0.45877860489062794
47,dairy,0.2588374189583955,1.3961657772292562,0.4323244481687036
48,dairy,0.23501097699264645,1.2689981853690553,0.4810688820078899
1,fruit_exc_juice,0.07067719836212855,0.6553394274360362,0.613812333759589
2,fruit_exc_juice,0.08391168734132978,0.7603864574661714,0.6496688036792343
3,fruit_exc_juice,0.09305512668573482,0.6334749200917138,0.625016599171448
4,fruit_exc_juice,0.09415677721443665,0.6744987760381962,0.7073195121698735
5,fruit_exc_juice,0.08554886096091653,0.6596045281764382,0.740823827931475
6,fruit_exc_juice,0.08399494518314986,0.6610642213655449,0.723253956092091
7,fruit_exc_juice,0.08220613419685803,0.6603820077811241,0.6680254720555472
8,fruit_exc_juice,0.0702687876830026,0.6340738989397482,0.6729582609367241
9,fruit_exc_juice,0.07904579085921634,0.6755335545020468,0.6994839683545195
10,fruit_exc_juice,0.08482426532036869,0.5762446044578396,0.6155078724486017
11,fruit_exc_juice,0.08137185534696899,0.6246426268073473,0.6167109434261878
12,fruit_exc_juice,0.09214297882489107,0.6243649037011827,0.5829025301649164
13,fruit_exc_juice,0.08459638772757279,0.7042729936956243,0.699692925538268
14,fruit_exc_juice,0.08196687899408853,0.6801716395720999,0.663110223773963
15,fruit_exc_juice,0.07212150928374866,0.6656677947122481,0.671073177470844
16,fruit_exc_juice,0.0968543366512178,0.6678040575548044,0.7689807268352842
17,fruit_exc_juice,0.0747218661474578,0.6634096846553138,0.6749852975111297
18,fruit_exc_juice,0.10320251936627035,0.5754835779097227,0.5291454993600947
19,fruit_exc_juice,0.08256723392675233,0.5946311142598185,0.6097137812071004
20,fruit_exc_juice,0.07702409275652293,0.6104951065183888,0.6229464022347382
21,fruit_exc_juice,0.07836484366750901,0.6965776656807121,0.7475620616204086
22,fruit_exc_juice,0.10289559405212338,0.6637953590859232,0.6441467108833547
23,fruit_exc_juice,0.07983211069347801,0.6628271253465218,0.669108542831375
24,fruit_exc_juice,0.09139053358104317,0.6026495757763725,0.694114916277168
25,fruit_exc_juice,0.08946489543605873,0.63525605723972145,0.641869561626587
26,fruit_exc_juice,0.08596819908400266,0.6310451006308063,0.6193879876779567
27,fruit_exc_juice,0.09024606634095671,0.6745071032430281,0.5985214910708238
28,fruit_exc_juice,0.07280556735605437,0.6074490386707072,0.5806676292378963
29,fruit_exc_juice,0.09363273961401684,0.6662619659816901,0.7013175514843901
30,fruit_exc_juice,0.09602086900968193,0.6017183148115948,0.6142305622982454
31,fruit_exc_juice,0.08031853818882892,0.6679313637559255,0.6292206539357973
32,fruit_exc_juice,0.07606444222209602,0.6090441656076306,0.6893386154009759
33,fruit_exc_juice,0.08716129619487216,0.6262500490774728,0.684195124502099
34,fruit_exc_juice,0.08046185090567881,0.6118577803890514,0.5928653619267628
35,fruit_exc_juice,0.07636133423495171,0.5961123075332841,0.56856108505621
36,fruit_exc_juice,0.07031361595296735,0.618695780620251,0.6014061595306686
37,fruit_exc_juice,0.08246870895893822,0.6483351593701125,0.7462113802807661
38,fruit_exc_juice,0.08515600929989832,0.6414505030769491,0.6084037134683975
39,fruit_exc_juice,0.0732311032467325,0.6409614772228747,0.6174609576844938
40,fruit_exc_juice,0.07158754936338893,0.6385606745386333,0.6987090878408835
41,fruit_exc_juice,0.07929593347566075,0.6823434188886319,0.6749199779502656
42,fruit_exc_juice,0.0849663675520686,0.600224660354034,0.5390294181902149
43,fruit_exc_juice,0.06043832169282212,0.6634037680333682,0.5701653080261198
44,fruit_exc_juice,0.06206461543189036,0.5702169196931615,0.6434895495688676
45,fruit_exc_juice,0.08172851735515783,0.6276063499633551,0.6583154750686684
46,fruit_exc_juice,0.08023039239659298,0.6118922537856625,0.5619005990078502
47,fruit_exc_juice,0.06773343711962566,0.6184535303803753,0.5882309716078493
48,fruit_exc_juice,0.07441073604641209,0.6487351147842403,0.5963490997237512
1,fruit_juice,0.2299141686551016,1.8034608353843038,0.5378044086084971
2,fruit_juice,0.25942852571010366,1.9088533156276204,0.4416121033830096
3,fruit_juice,0.23090841694147426,1.8301138031286832,0.4805704271480958
4,fruit_juice,0.2225255534115239,1.7420998394368523,0.46716641138374015
5,fruit_juice,0.24018907576224657,1.8364518714725164,0.5362600306501869
6,fruit_juice,0.2572044586612816,1.9077462608533111,0.4647799853336029
7,fruit_juice,0.23466935185319754,1.8001963793930709,0.48140438543097597
8,fruit_juice,0.2514750402816476,1.9159772599778047,0.517559940314326
9,fruit_juice,0.22935955022477555,1.8407353569591922,0.5849389355839378
10,fruit_juice,0.236601797653029,1.9016490200353857,0.48264824811808565
11,fruit_juice,0.24966415940232475,1.8624123137361257,0.46994070059192566
12,fruit_juice,0.21741534795276904,1.711873637647534,0.529316778938816
13,fruit_juice,0.24444788256865185,1.9466623533512424,0.5798633366142678
14,fruit_juice,0.2789248981430878,2.058586212593402,0.47845746151915436
15,fruit_juice,0.23182327145754036,1.787976196479421,0.6181191210417991
16,fruit_juice,0.28269728088443863,2.0848831838247426,0.5941721872131935
17,fruit_juice,0.21612071042355854,1.7915541745660755,0.49572902856575096
18,fruit_juice,0.20778668765000619,1.7031004114990276,0.42534444409669575
19,fruit_juice,0.24174398183503906,1.9145508616789761,0.5678337900857151
20,fruit_juice,0.3104813749137002,2.3074216041186344,0.5419259902225446
21,fruit_juice,0.26093468025204436,1.9985320001406817,0.4219271835829393
22,fruit_juice,0.25263106900512367,1.8946995352151164,0.46577261660181457
23,fruit_juice,0.2351157113241211,1.8716146216631455,0.46476214106974917
24,fruit_juice,0.2839923392954254,2.0366517084365565,0.5807044442914217
25,fruit_juice,0.24252311474867236,1.9496109261376682,0.4861461867041527
26,fruit_juice,0.2385003489684907,1.833121181961437,0.44518677281703595
27,fruit_juice,0.2577188709657133,1.9102609596211961,0.4974382632411999
28,fruit_juice,0.23408169693927613,1.9161086488803818,0.4518738313078786
29,fruit_juice,0.2418019800408691,1.8611928166627736,0.4581964755795392
30,fruit_juice,0.23064018725338178,1.835467998193102,0.44291134846880553
31,fruit_juice,0.24957658989771045,1.882790490022404,0.6331501169800253
32,fruit_juice,0.15934571133311104,1.5845594757872847,0.5913608552136371
33,fruit_juice,0.23931238743762104,1.8671787037923868,0.46798311847571533
34,fruit_juice,0.2552904952198474,1.9014113940174926,0.47930033993629356
35,fruit_juice,0.23851797948761824,1.854337053496571,0.4475939372777496
36,fruit_juice,0.27810580571223575,2.076538607087594,0.773486556160149
37,fruit_juice,0.2697849331774246,2.008716201732229,0.5195239303432522
38,fruit_juice,0.2529769009823252,1.8852156345670386,0.436126330145155
39,fruit_juice,0.26643455741711647,1.9672328779040968,0.4693197516964049
40,fruit_juice,0.2719954245303912,1.9469091647211183,0.4388422114813515
41,fruit_juice,0.22472450509719744,1.8200923946311152,0.5419787351789196
42,fruit_juice,0.26623834144663755,1.9067215942638391,0.599714602057264
43,fruit_juice,0.19559660801839696,1.6981867673413409,0.5297808348997034
44,fruit_juice,0.31090250633000793,2.1869421779426146,0.4756858755246044
45,fruit_juice,0.23836033475647608,1.8575495297410647,0.444630214978427
46,fruit_juice,0.2508423248189322,1.9374882498527717,0.4477433700928013
47,fruit_juice,0.1994865155910862,1.6990385977454054,0.45292455935511744
48,fruit_juice,0.1629323850726721,1.5247136811039392,0.5656852741292516
1,gr_refined,0.018379032390522514,0.10674599671522676,0.36293337939035475
2,gr_refined,0.020217837244685552,0.11360514227682676,0.30566490025803195
3,gr_refined,0.021075497637816302,0.12240795908744818,0.33840530147832465
4,gr_refined,0.02872160789891809,0.13531054677790283,0.3462542375459552
5,gr_refined,0.018381378699467182,0.11004132652280689,0.3601966929346438
6,gr_refined,0.019450185688454646,0.1107967457037409,0.34917156321339476
7,gr_refined,0.021312548414750828,0.12692083704830934,0.3569681357427811
8,gr_refined,0.02836963699937712,0.13390282465460834,0.33324573504819355
9,gr_refined,0.01668851570583,0.10439045238278798,0.3457210954421554
10,gr_refined,0.0214865850613704,0.11451458961450127,0.3255030421828886
11,gr_refined,0.02082322504285865,0.12659167494613593,0.3346623637503012
12,gr_refined,0.027384394448712098,0.1308416056156475,0.2917249743110226
13,gr_refined,0.018209302895426,0.1227689639012151,0.33117109036422426
14,gr_refined,0.019678101867372837,0.1222612005707447,0.3425272857789782
15,gr_refined,0.021117910140160755,0.12802305298847333,0.31332163881519537
16,gr_refined,0.02847999363255047,0.1351139196718546,0.30304258070870194
17,gr_refined,0.01791638590355899,0.10569198364683999,0.36147943369494756
18,gr_refined,0.01949059147456221,0.11269759923556455,0.2932957800769045
19,gr_refined,0.02187985447470201,0.1291984658499337,0.27407626722102574
20,gr_refined,0.030938460023842266,0.1438851209541828,0.28125275825497414
21,gr_refined,0.018259894191978564,0.11197746600573806,0.34971417276643213
22,gr_refined,0.01903936803692013,0.11049570695102799,0.29931820111227575
23,gr_refined,0.02201900922280884,0.13081854348845368,0.3064446520400661
24,gr_refined,0.02955956278755571,0.1409006114741153,0.2585850171147481
25,gr_refined,0.017364888348678192,0.10564589644094727,0.3837260743746526
26,gr_refined,0.019953953758698708,0.1122359619756505,0.2626799470090408
27,gr_refined,0.022912645939942605,0.13188359943902306,0.32825522400877116
28,gr_refined,0.025573909550036498,0.12650587819466372,0.25029467923311277
29,gr_refined,0.01680803912509647,0.10353447929920044,0.33100504590921026
30,gr_refined,0.019097469036068612,0.10942301229250606,0.2890832264571295
31,gr_refined,0.021349059223215526,0.12946600307569173,0.2828240443036707
32,gr_refined,0.026578455992569798,0.1314049238420073,0.24112771067544475
33,gr_refined,0.016432617860491935,0.10653494470836962,0.32371067394626174
34,gr_refined,0.019344478432168438,0.11206933541299832,0.2760710434161083
35,gr_refined,0.020875996508889667,0.12324087360499772,0.25439584023111794
36,gr_refined,0.027187669805988263,0.12983315358855432,0.2725762094607751
37,gr_refined,0.017148632311904773,0.11307801985873556,0.30842947542669674
38,gr_refined,0.019539762612964758,0.11079251941146116,0.2510943591843858
39,gr_refined,0.023221963251854598,0.13262615918033896,0.24149031506481933
40,gr_refined,0.02816761153526289,0.13471522810533407,0.24529241701472743
41,gr_refined,0.016368131501250865,0.1039479051764673,0.3003051746112063
42,gr_refined,0.01976323165358068,0.11411982010754257,0.2765249011587089
43,gr_refined,0.024288530104071556,0.13590040747940355,0.2510618209392963
44,gr_refined,0.02634912787357282,0.12848060665889843,0.240491912649506
45,gr_refined,0.016520418815343257,0.10580193263997509,0.31748378745491324
46,gr_refined,0.01885751680792454,0.11354580419341836,0.26839254325212675
47,gr_refined,0.020942217008523153,0.12329994792164993,0.27233462799271174
48,gr_refined,0.033654530492911866,0.15008253926343132,0.19886352849320452
1,gr_whole,0.031608026810521245,0.19785650071769217,0.3065540003213366
2,gr_whole,0.03218980877828213,0.21645962770662192,0.46688937028891875
3,gr_whole,0.03542164005337646,0.22358108733867454,0.2730760202613205
4,gr_whole,0.035772925987064705,0.20423704972666287,0.23725601788149198
5,gr_whole,0.03278579216605607,0.1927597529650298,0.3089517906210032
6,gr_whole,0.0330482061991839,0.21443611642123792,0.23951758377604052
7,gr_whole,0.03316997173872794,0.21568926089820958,0.29914695601658847
8,gr_whole,0.03940129296228865,0.19877456144393324,0.26143759731536376
9,gr_whole,0.02589049542740664,0.16692648361310256,0.3594193096047082
10,gr_whole,0.03579861564609985,0.21844425982904916,0.30238729606598763
11,gr_whole,0.03136967813576461,0.19627092924571438,0.24774365930659875
12,gr_whole,0.03684612351475419,0.19075269290877692,0.2728695446405757
13,gr_whole,0.037168215619686695,0.206776231794081,0.30245728112468667
14,gr_whole,0.033455262346804696,0.20510662745751765,0.3204472289015832
15,gr_whole,0.028455926803694572,0.1892390437149234,0.1987608536623887
16,gr_whole,0.03805913280214199,0.20939333605906482,0.21820458298968412
17,gr_whole,0.031114108068743453,0.19147281521622636,0.3311105690311321
18,gr_whole,0.033972588887170696,0.2149986150367153,0.27394948701257665
19,gr_whole,0.03226988865741968,0.193659965966339,0.29625889258611066
20,gr_whole,0.037995736645860284,0.23059909394801395,0.3163165167194884
21,gr_whole,0.029315948443452845,0.18971582497857128,0.3378962387844569
22,gr_whole,0.03192715847326074,0.21308215394464283,0.26803582024340544
23,gr_whole,0.030841301586194834,0.18730613663267048,0.22558102654689233
24,gr_whole,0.03834256409942134,0.19310412670285593,0.29900775621970294
25,gr_whole,0.026963107953191758,0.17513219417283157,0.2718496871780485
26,gr_whole,0.02780473725055895,0.20082464334355044,0.3483315011762984
27,gr_whole,0.035355363029520546,0.19537207013496458,0.2037132930565815
28,gr_whole,0.034083972625274864,0.18534687487708154,0.1991299834833341
29,gr_whole,0.025877813483098457,0.16620912833629953,0.3108472415349618
30,gr_whole,0.03671717937606823,0.2016072667841821,0.2291236956745487
31,gr_whole,0.048281528939506255,0.21656667182444603,0.23715969925604832
32,gr_whole,0.04522831996036587,0.20838710711468714,0.24412568910458507
33,gr_whole,0.026477226660732656,0.16764828700862627,0.23575553950136585
34,gr_whole,0.02454978536677385,0.16790690950057974,0.20922897578313746
35,gr_whole,0.027753140082472205,0.17398427837958633,0.19556618753891042
36,gr_whole,0.03234467125123603,0.17466398259674637,0.19817477166892028
37,gr_whole,0.02670867462984337,0.1718186699686501,0.2797359814326134
38,gr_whole,0.02607309024361773,0.1845979081466968,0.14126698667969342
39,gr_whole,0.028866403986579924,0.17557418298293215,0.18341154286849012
40,gr_whole,0.04622639595135124,0.1986080884071577,0.24371933605784435
41,gr_whole,0.024509072950186228,0.15423841701098367,0.22675846659615498
42,gr_whole,0.03158149048274053,0.2026395788148006,0.2026026654152977
43,gr_whole,0.023103073672288258,0.14885220722566678,0.15261880064975536
44,gr_whole,0.03754141931323963,0.19310980368997027,0.20254843479382387
45,gr_whole,0.024289114308873157,0.15871435712826573,0.23769373827958665
46,gr_whole,0.027000252654243138,0.1878853597926829,0.16963851391732837
47,gr_whole,0.023208905179592145,0.15243683116086826,0.1272733961585168
48,gr_whole,0.04242163527482771,0.19961056206540892,0.1764279954262596
1,leg_tot,0.025239836785318832,0.16981893398595765,0.20811079632685064
2,leg_tot,0.030465671621389752,0.16630929301877087,0.21219488432050507
3,leg_tot,0.02104182670642975,0.16943925224990636,0.15534626944376487
4,leg_tot,0.03415640856746046,0.15129343396357342,0.30140568838509174
5,leg_tot,0.030317558851933445,0.15729337724886328,0.25788351098777573
6,leg_tot,0.027730670205761004,0.1748493003976962,0.18838474085786922
7,leg_tot,0.024209873577576087,0.1627422376091164,0.1584061379687872
8,leg_tot,0.034984239888038324,0.14057832064168846,0.3752156982042833
9,leg_tot,0.02553300735714272,0.16582696791400697,0.23664079681817635
10,leg_tot,0.029684146302610875,0.17483239698002181,0.1708184058199887
11,leg_tot,0.02218150990585086,0.16863707703928493,0.12956330446997055
12,leg_tot,0.03453673058149647,0.1325818562388151,0.2220573357258522
13,leg_tot,0.028351441447166826,0.17146873434475515,0.23610440296039142
14,leg_tot,0.028136357930494668,0.17916419166783934,0.16170336031555785
15,leg_tot,0.023832192829206632,0.17066216436286358,0.15361683622562305
16,leg_tot,0.03880784583012819,0.14614872939173237,0.30205328356302874
17,leg_tot,0.024010659783188188,0.17161763209432768,0.25572108616379113
18,leg_tot,0.027738842617735678,0.1736151495871808,0.22937333828581216
19,leg_tot,0.02219371873527138,0.16450582589693094,0.1344596601256653
20,leg_tot,0.03808672640810492,0.15305409771046963,0.26006895542254266
21,leg_tot,0.026979831408295307,0.17594163279803834,0.22197735731700635
22,leg_tot,0.028415332769138248,0.1818895359597603,0.15928542309173038
23,leg_tot,0.024462180568091588,0.17500815660115313,0.14418000415189425
24,leg_tot,0.0358787182130596,0.15376557011903363,0.26958391641297424
25,leg_tot,0.029674901111037343,0.16906003065939143,0.18504228989704866
26,leg_tot,0.027768608663333076,0.1791260015649317,0.2152001916680185
27,leg_tot,0.020082837752977135,0.17188982628855437,0.1376235464035714
28,leg_tot,0.030207234259261573,0.17494125835808275,0.15150231402923442
29,leg_tot,0.02885923386298527,0.17617159629601203,0.20496405769766082
30,leg_tot,0.02962614986802429,0.1783512430705969,0.19559814042078522
31,leg_tot,0.023736221037175664,0.17483347295495882,0.13446980576281636
32,leg_tot,0.031175400421748017,0.15596597808494717,0.1804449679017384
33,leg_tot,0.030485152487227288,0.16883384220541653,0.19684606116987
34,leg_tot,0.026658972371220845,0.18467942136108328,0.14977753387339612
35,leg_tot,0.021469292066483354,0.1734303787195782,0.13399169206301453
36,leg_tot,0.028654310294112258,0.15937045837324054,0.19469747042319663
37,leg_tot,0.030844498731280277,0.16765578151934207,0.21049581671149523
38,leg_tot,0.026635783508600366,0.18478530295389395,0.18091476565918238
39,leg_tot,0.025379357888626518,0.16762844215498432,0.1295668626627562
40,leg_tot,0.03814949227479533,0.15169542816710735,0.2631568963395445
41,leg_tot,0.02980059820784616,0.17965740255229803,0.1796104489733272
42,leg_tot,0.030571274168410704,0.17528053499782997,0.267580867040828
43,leg_tot,0.023723833724094628,0.1688637194443138,0.10963864603755144
44,leg_tot,0.03512264301551025,0.15877423844488306,0.4806920625542116
45,leg_tot,0.0296412129793295,0.17606281901531398,0.16473020399517857
46,leg_tot,0.02787650469302857,0.18345619674611985,0.14494388432986657
47,leg_tot,0.025393619486512527,0.17346689516967528,0.13070649207769408
48,leg_tot,0.04368485886547676,0.12865990657138127,0.1896688726677467
1,oil,0.001137119427005304,0.009496958632290003,0.007109864954429589
2,oil,0.001096220562682054,0.009563170446220981,0.008160230958621928
3,oil,0.001129526462607263,0.009432726035884713,0.01021740454890806
4,oil,0.0011661669031874237,0.00932339835703396,0.014505360851383165
5,oil,0.0011319203555906145,0.009455743407549948,0.010216480182489064
6,oil,0.0010983655444935128,0.009418833255155279,0.011950005975899852
7,oil,0.0011952280144453702,0.009512506519218861,0.006870408869617568
8,oil,0.0011402948667076974,0.00959111612109224,0.010468333112965527
9,oil,0.0011307377544012758,0.009530293903375684,0.010511407543873853
10,oil,0.0010731545104675035,0.009450299323968833,0.011733401395300306
11,oil,0.001119142904998108,0.009485048945762178,0.004013459014922194
12,oil,0.0011600493010971596,0.00941275291177182,0.006225312400379205
13,oil,0.001105122309928634,0.00939164984240627,0.004739971728978564
14,oil,0.0010917799230375268,0.00947688207671276,0
15,oil,0.0011018064690280433,0.00938070616000147,0.006418659966505288
16,oil,0.0011681483084587288,0.009770495692272806,0.008140498021359098
17,oil,0.001231146880581419,0.009380499299016638,0.008306682263780542
18,oil,0.0010856892892641863,0.009448687042293725,0.010367230000000002
19,oil,0.0011098024883020286,0.009370493481391564,0.006463342288744468
20,oil,0.001159855337044828,0.009556620763167142,0.007537764790670692
21,oil,0.0012208336755925424,0.009460255599523175,0.004272573732142443
22,oil,0.0011136996971462239,0.009467809455367498,0.010367230000000002
23,oil,0.0011104342141883986,0.009425836980606533,0.0077570485867399595
24,oil,0.0011883341799736053,0.0095422774422836,0.004875551989090264
25,oil,0.0011123294359799533,0.009422267884707753,0.008783989972350005
26,oil,0.0010546490965293654,0.00944927261085583,0.00407288
27,oil,0.0011025132016535487,0.009363791296613692,0.006529666582288437
28,oil,0.00105925910984533,0.009460653867608831,0.009854902456365212
29,oil,0.001205905119830164,0.009431964967057224,0.010161464955311813
30,oil,0.00106706706115689,0.009447588465973614,0.009140254411891147
31,oil,0.001126086815287807,0.009509158923506282,0.00925717013368906
32,oil,0.0012483908531714229,0.009346332927970442,0.010157965448490711
33,oil,0.0010955594024547124,0.009308853256331955,0.00523555490980027
34,oil,0.0010625581475226323,0.009292065820793543,0.0031992398755561697
35,oil,0.001110875425694878,0.00947321002082068,0.009414045711383323
36,oil,0.0010448105818480834,0.009318821009318407,0.00418343
37,oil,0.0011191489248225253,0.009337745144244822,0.010617932618055959
38,oil,0.0010612552584290619,0.009309203575891508,0.010367230000000002
39,oil,0.001113883282251192,0.009292085966244545,0.00886884774365279
40,oil,0.0012261030936478105,0.009607221906603384,0.012452629669244087
41,oil,0.0010843763029029622,0.009252976747320172,0.01239115902425725
42,oil,0.0010061731175344858,0.009170166449997859,0
43,oil,0.001055979335781232,0.009335254052447261,0.0070289364012723786
44,oil,0.0010581597914760435,0.009237212878361744,0
45,oil,0.0010986141159486818,0.009295832881292805,0.008682762888729422
46,oil,0.0010620934198373798,0.00925759418538858,0.010248474179046311
47,oil,0.0010805174603845777,0.009298029527837677,0.00890970867556326
48,oil,0.001078236625492239,0.009252225409029298,0.003968993746724877
1,pf_egg,0.18770328,1.1500889999999997,1.3064041211529687
2,pf_egg,0.18770327999999997,1.1500889999999997,1.8397242319128926
3,pf_egg,0.18770327999999997,1.1500889999999997,1.0661242656838
4,pf_egg,0.18770328,1.1500889999999997,1.4896278743615479
5,pf_egg,0.18770328,1.1500889999999997,1.1505782849022332
6,pf_egg,0.18770327999999997,1.1500889999999997,1.2375634018943276
7,pf_egg,0.18770328,1.1500889999999997,0.7575431676863831
8,pf_egg,0.18770327999999994,1.1500889999999997,1.5964987227161023
9,pf_egg,0.18770327999999997,1.150089,1.5206820197809798
10,pf_egg,0.18770327999999997,1.150089,1.463995543997839
11,pf_egg,0.18770328,1.150089,1.273991362615858
12,pf_egg,0.18770327999999997,1.1500889999999997,1.22537932830454
13,pf_egg,0.18770328,1.1500889999999997,1.7217483938692064
14,pf_egg,0.18770328,1.150089,1.639974685789964
15,pf_egg,0.18770327999999997,1.1500889999999997,1.4884020215125442
16,pf_egg,0.18770328,1.150089,1.0010601696623935
17,pf_egg,0.18770327999999997,1.1500889999999997,1.4855946998757652
18,pf_egg,0.18770327999999997,1.1500889999999997,1.2086563687854739
19,pf_egg,0.18770327999999997,1.1500889999999997,1.6444893106243623
20,pf_egg,0.18770327999999997,1.1500889999999997,0.9752008503072787
21,pf_egg,0.18770327999999994,1.1500889999999997,1.8775922692819926
22,pf_egg,0.18770328,1.1500889999999997,1.2077375094246507
23,pf_egg,0.18770327999999997,1.1500889999999997,1.1785286561713884
24,pf_egg,0.18770327999999994,1.1500889999999997,0.5356722165903706
25,pf_egg,0.18770327999999994,1.150089,1.9976276819582135
26,pf_egg,0.18770327999999997,1.1500889999999997,1.0375169232832393
27,pf_egg,0.18770327999999997,1.1500889999999997,1.6989831325789013
28,pf_egg,0.18770328,1.1500889999999997,1.48385670834046
29,pf_egg,0.18770327999999994,1.1500889999999997,1.4569278809699002
30,pf_egg,0.18770327999999994,1.1500889999999997,1.6855016909827731
31,pf_egg,0.18770327999999997,1.1500889999999997,0.7762525784517353
32,pf_egg,0.18770327999999997,1.1500889999999997,0.9525714574748708
33,pf_egg,0.18770327999999997,1.1500889999999997,1.7532375261540893
34,pf_egg,0.18770327999999997,1.1500889999999997,1.5034222567219158
35,pf_egg,0.18770327999999997,1.1500889999999997,1.2901730164854657
36,pf_egg,0.18770327999999997,1.1500889999999997,0.5630693032477241
37,pf_egg,0.18770327999999994,1.1500889999999997,1.2030750340627774
38,pf_egg,0.18770328,1.1500889999999997,0.8702558042926422
39,pf_egg,0.18770327999999997,1.150089,0.75687372642434
40,pf_egg,0.18770327999999994,1.1500889999999997,0.7750856760469576
41,pf_egg,0.18770327999999997,1.150089,1.3570030966364799
42,pf_egg,0.18770328,1.1500889999999997,0.7781831603034954
43,pf_egg,0.18770327999999997,1.1500889999999997,0.26823427334571986
44,pf_egg,0.18770327999999992,1.1500889999999997,1.2927016362584982
45,pf_egg,0.18770327999999994,1.1500889999999997,1.3785401246507711
46,pf_egg,0.18770327999999994,1.1500889999999997,0.256896240918902
47,pf_egg,0.18770327999999997,1.1500889999999997,0.4370283031445144
48,pf_egg,0.18770327999999997,1.1500889999999997,0.7618914520841898
1,pf_ns,0.02218081773053285,0.13447412842238665,0.18034373042934881
2,pf_ns,0.021074813409967603,0.13096305980591474,0.21406853201749082
3,pf_ns,0.024966434502498757,0.1671977410261272,0.14167052808550024
4,pf_ns,0.022269503693317323,0.16263825228504408,0.14826376390210153
5,pf_ns,0.023671946325091266,0.1458742513864475,0.17211374100663288
6,pf_ns,0.020091273078294062,0.10369937116249227,0.1613246656784137
7,pf_ns,0.02544088577453856,0.16514074146364097,0.15202241211008444
8,pf_ns,0.02960600796944843,0.16703790353300785,0.18843523039096666
9,pf_ns,0.02767215126684801,0.13008519213553188,0.13816476380687195
10,pf_ns,0.033486192246796366,0.12841642718118143,0.22387831769213543
11,pf_ns,0.02106629823138574,0.1325564250107595,0.15531076538420313
12,pf_ns,0.02324630925549528,0.11321529232964349,0.17439277195518094
13,pf_ns,0.026299134112337412,0.17768546019152925,0.18332324369840164
14,pf_ns,0.02274427345105848,0.12390970340143982,0.20388122715427623
15,pf_ns,0.02410584824299654,0.15565050828210064,0.18662355060906732
16,pf_ns,0.033903454167050026,0.18433129700299986,0.16595905426886762
17,pf_ns,0.023357030337457816,0.14457907663839872,0.16648868252690416
18,pf_ns,0.038617314525551595,0.16250659925889982,0.20559170756766693
19,pf_ns,0.02775736799973701,0.1600943720035284,0.17599014021849818
20,pf_ns,0.030208213088752593,0.16590254021538617,0.25187378957785606
21,pf_ns,0.027383636017358076,0.1577067551358572,0.15980024459361944
22,pf_ns,0.02899852079307087,0.14737594935919526,0.2767847708394458
23,pf_ns,0.025060946977163993,0.19183585493152724,0.12678410468840645
24,pf_ns,0.030681367436871835,0.21156827635415512,0.2329408070948603
25,pf_ns,0.024481331068667126,0.14405166274660994,0.1616441916018885
26,pf_ns,0.024156866843104755,0.1257055864662541,0.15816679262601638
27,pf_ns,0.02387970032589817,0.1534764091201935,0.15558853188545638
28,pf_ns,0.026153984093893395,0.1736358973493598,0.19857010291765348
29,pf_ns,0.02728091635646347,0.15633628744824085,0.18953230041467772
30,pf_ns,0.01846794306344342,0.10582495571545923,0.14255536081914785
31,pf_ns,0.02637517924005573,0.15826005443593874,0.2192267487465818
32,pf_ns,0.02877109112540841,0.19084039492149704,0.189343268636333
33,pf_ns,0.023526203815942528,0.1279489206066274,0.15565675399604986
34,pf_ns,0.02851009696845093,0.13243421531993238,0.1677560129459409
35,pf_ns,0.030724676336925532,0.1537486252056665,0.1578142787285029
36,pf_ns,0.02961709733429252,0.150725016544454,0.12730034984547023
37,pf_ns,0.0262802750382325,0.1666573052756524,0.17463131951026806
38,pf_ns,0.032129552992800924,0.1133571783330022,0.16400376920480883
39,pf_ns,0.031166688281029614,0.18140218299146502,0.21093424139459482
40,pf_ns,0.032958911791404755,0.19521740723484188,0.22328362633105955
41,pf_ns,0.0274112729312084,0.14739375926634482,0.15788565020179907
42,pf_ns,0.02221984911799187,0.13160238945079353,0.15705928381272966
43,pf_ns,0.028712297816044584,0.17898625750575622,0.2108336234898976
44,pf_ns,0.01948234177966828,0.1057662564915233,0.14957246472597138
45,pf_ns,0.024733101071256352,0.1423503217029088,0.15932616896652785
46,pf_ns,0.02250691549188845,0.1304565796475844,0.1609500447976395
47,pf_ns,0.028696087161666505,0.19750912580287508,0.16472334064151128
48,pf_ns,0.02107006370674507,0.1404016668910433,0.14951409600530777
1,pf_poultry,0.115165379114446,0.792801007689757,1.1380294870812786
2,pf_poultry,0.11486612870860188,0.7928015526175428,1.2760538208471508
3,pf_poultry,0.11409698622654432,0.7928015606060603,0.9228974663630873
4,pf_poultry,0.11568177705083997,0.7920722550166471,0.9453253200358845
5,pf_poultry,0.10999866640989268,0.7928015188831216,0.8337817616930748
6,pf_poultry,0.11516908405325044,0.7927910206195278,1.2130080356729491
7,pf_poultry,0.1142843077669966,0.7927974316400871,1.087084785041429
8,pf_poultry,0.11526023452208685,0.7928015606060603,0.9921259275541566
9,pf_poultry,0.10871122861973094,0.7926213408701693,1.0964009998043165
10,pf_poultry,0.11510005146972377,0.7928015484886707,1.0177939485239318
11,pf_poultry,0.11316145868788202,0.792801523618585,0.8434795533379764
12,pf_poultry,0.1132962353102891,0.7924045478971771,1.0289473999538568
13,pf_poultry,0.11281652382750172,0.7928015606060603,0.9972066423259317
14,pf_poultry,0.11582254930667346,0.7928014982117186,0.937338709202638
15,pf_poultry,0.11472172969552039,0.7928015606060603,0.7177255617633047
16,pf_poultry,0.11526511083960325,0.792544923033598,0.992851472249313
17,pf_poultry,0.11377619775203318,0.7927247683942596,1.0907369338699175
18,pf_poultry,0.11576139877124987,0.7928015457832964,0.9987119331548859
19,pf_poultry,0.1171407643222002,0.792402641851813,0.7692559928507645
20,pf_poultry,0.11514162138637277,0.7927979937953868,0.9120356734384785
21,pf_poultry,0.1123079545469478,0.7928015606060603,0.8288713363782095
22,pf_poultry,0.11313474953346588,0.79280153536723,0.8013177532199764
23,pf_poultry,0.11272378479056216,0.792801551331223,0.5990146189251331
24,pf_poultry,0.10769235787282841,0.7907530171343047,0.5095443093870354
25,pf_poultry,0.11311280463816648,0.7928013163735497,0.8670074077728575
26,pf_poultry,0.11559309345324133,0.792799514520907,0.9304393711264396
27,pf_poultry,0.11283569426051804,0.792801522057786,0.785241670057439
28,pf_poultry,0.11546427843249357,0.7922546637921241,0.5960178148942995
29,pf_poultry,0.11300118022347579,0.7922501074000945,0.6511441947431269
30,pf_poultry,0.11082935811854439,0.7928012502864197,0.9109158001827076
31,pf_poultry,0.11498333372653141,0.7928015606060604,0.5318785326140686
32,pf_poultry,0.11434995685332064,0.7919259367993011,0.6735928641846788
33,pf_poultry,0.11089148397788509,0.792801416628535,0.6712145314557872
34,pf_poultry,0.11207824814855595,0.7927986728713616,0.8543907552966994
35,pf_poultry,0.11579178896841562,0.7928015606060603,0.5854772767871255
36,pf_poultry,0.11406742535555646,0.7912173342727601,0.692101347199954
37,pf_poultry,0.10801376437453632,0.792796788003923,0.6943211855917022
38,pf_poultry,0.10903373440820134,0.792524690577015,0.8123469048420632
39,pf_poultry,0.1118881500576015,0.7928015132839076,0.5040012048394994
40,pf_poultry,0.11377153133102913,0.7928015606060603,0.6359631909774439
41,pf_poultry,0.11169352159986151,0.7927813746015151,0.5732073810789253
42,pf_poultry,0.1125165301866203,0.7928015606060603,0.8917152086659539
43,pf_poultry,0.1139729959271733,0.7928015606060603,0.41993384607658085
44,pf_poultry,0.11487367904257016,0.789114041838161,0.5766116964372836
45,pf_poultry,0.1133233207646674,0.7927988822517685,0.7989420216318398
46,pf_poultry,0.11145061935433714,0.7928015606060603,0.7505689100212967
47,pf_poultry,0.1081171407499715,0.7928015606060604,0.7058701345606355
48,pf_poultry,0.11487012496915351,0.7928015606060603,0.5140820622500851
1,pf_redm,0.7011180010203831,1.6329289914366705,1.120760894755562
2,pf_redm,0.691627422744795,1.6163144375716454,1.366715604210968
3,pf_redm,0.7776704289806294,1.7299551005881257,1.4903173138638832
4,pf_redm,0.6832345381748011,1.6006544118699133,1.300192676079721
5,pf_redm,0.6672095488129954,1.5869060081382744,1.0308483865901732
6,pf_redm,0.6636279560819703,1.571654207827121,1.119486716829181
7,pf_redm,0.751989613359431,1.7093258928773758,1.1089773995949042
8,pf_redm,0.7062098770122804,1.600769917131711,0.7998722559952481
9,pf_redm,0.737368848738421,1.6840131512012781,1.2194447384597986
10,pf_redm,0.7236217053109528,1.642362639299338,1.1968952127923365
11,pf_redm,0.6890924101060504,1.6070006548324773,0.8438557980826471
12,pf_redm,0.7088949411906823,1.6036166659474878,0.8913310008733715
13,pf_redm,0.6566890540326399,1.5616166819884647,1.1738535500651843
14,pf_redm,0.6968413120920477,1.6276586755094042,1.0118117999911778
15,pf_redm,0.6756355535556539,1.600492262946791,0.9895355957846039
16,pf_redm,0.6822956537852655,1.5840367026716087,0.6952708456654951
17,pf_redm,0.7506234672936619,1.7013899588415662,1.1789466074865906
18,pf_redm,0.6746350976991591,1.5709057317696715,1.136298737528953
19,pf_redm,0.7452137857098927,1.7024551098238547,0.9313556271103707
20,pf_redm,0.6997417371361622,1.6299214407736693,0.8080543559732227
21,pf_redm,0.6720450924624678,1.5792113888642965,1.1194493503743126
22,pf_redm,0.6766072522828541,1.600983963471833,1.1130283990067829
23,pf_redm,0.7395692181284319,1.691689822240448,0.9653049330186494
24,pf_redm,0.6709970836553399,1.5931210317604811,0.7209696356252195
25,pf_redm,0.663535398890076,1.5732938986702885,1.0203215390901397
26,pf_redm,0.6867339943788341,1.6138081092977843,0.9631048595234656
27,pf_redm,0.7044759667716288,1.6266794819767318,0.9946690032084788
28,pf_redm,0.6942712062747405,1.627750102861468,0.5577899379145018
29,pf_redm,0.6995304786406684,1.6260382995321634,0.8973634662907957
30,pf_redm,0.634509540939296,1.5429457433362461,1.05518990644607
31,pf_redm,0.794302358314933,1.77401067246638,0.8403003484007481
32,pf_redm,0.5713279058315982,1.4394348745954124,0.9431605453797353
33,pf_redm,0.6438613982461953,1.550807657548753,1.0136434323575771
34,pf_redm,0.6831964980560455,1.6045801391350838,1.1268872395177951
35,pf_redm,0.6351089725594554,1.5401991097523986,0.978436296140968
36,pf_redm,0.5959557071677417,1.474298211818885,0.6473602611982846
37,pf_redm,0.6983279606439772,1.62245687879219,0.7118243531299071
38,pf_redm,0.6486363962594993,1.5597119047520969,0.8250786265875282
39,pf_redm,0.7094361160521545,1.6502583194919596,1.0050921681624299
40,pf_redm,0.6785629729782945,1.5924079355537384,0.5111230681191373
41,pf_redm,0.6479209556996588,1.5515911918668455,0.8220518338518659
42,pf_redm,0.5866600737893295,1.4776853541133423,0.8256481469241171
43,pf_redm,0.6720366760859438,1.596766302320059,0.8776957438285183
44,pf_redm,0.48222006967100184,1.3196083249663533,0.7608764439784722
45,pf_redm,0.6447861639001297,1.5381875308498396,1.0035409927464882
46,pf_redm,0.5765454638893535,1.4046853980469889,0.761080621927583
47,pf_redm,0.7109994928701641,1.6550152459593146,0.7831491954390253
48,pf_redm,0.6532295076955248,1.5589850028638526,0.48066665036839784
1,pf_seafood,0.20388891788616453,3.9167953214650564,1.2878856115067583
2,pf_seafood,0.26646975588472754,4.80110696157364,0.9871765828142142
3,pf_seafood,0.19161163162995548,3.7724889866100124,1.2865132836319728
4,pf_seafood,0.28147135426192027,4.226931102478332,1.2788066999078926
5,pf_seafood,0.37691298877783047,5.034331353835154,1.6222994094796441
6,pf_seafood,0.34280173976645895,5.102082883512176,1.7531741822909628
7,pf_seafood,0.28233278995321637,4.833792083771781,1.4527312968576127
8,pf_seafood,0.23101825054609515,4.03063640169015,1.422654663263722
9,pf_seafood,0.29915519593056517,4.335299656263197,1.3049414829316182
10,pf_seafood,0.2629797539997958,4.611334072011908,1.5765190430774023
11,pf_seafood,0.30548450680751504,5.053914187389162,1.629262949062341
12,pf_seafood,0.18288457991403598,4.20171816065709,1.4480198538978868
13,pf_seafood,0.26767035707788145,4.1340632656884155,1.130836688561132
14,pf_seafood,0.2534257259527366,4.349593056533274,0.9791152405961984
15,pf_seafood,0.31283136250083615,4.846553582485152,1.8137396764925637
16,pf_seafood,0.16162714297939665,3.8342874484105507,0.9017335810887768
17,pf_seafood,0.32955562332513916,5.161241760517493,1.5338666374037488
18,pf_seafood,0.39918867740098973,5.598967192907062,1.467943687436929
19,pf_seafood,0.23203979818243725,4.578668074114173,1.0048137805721888
20,pf_seafood,0.34086795299698586,5.160369844697385,1.2961932321909782
21,pf_seafood,0.2770686538063994,4.340272113008339,1.8484759246353193
22,pf_seafood,0.25329893049819285,4.355042230541771,1.058896731988945
23,pf_seafood,0.19406708123952163,3.8096914244336864,1.2184753396206234
24,pf_seafood,0.18872565708543046,4.316460161043619,0.7405512970241708
25,pf_seafood,0.23024265515789408,3.942360916942089,1.6219300347625567
26,pf_seafood,0.1739067772618316,3.5936528852122605,1.2299488238410845
27,pf_seafood,0.24460682953389046,4.5674940457871624,0.8998475590150443
28,pf_seafood,0.2133995112742321,4.389130095060986,0.7511716760180954
29,pf_seafood,0.21520666438311287,3.7684699058282636,1.322270180930673
30,pf_seafood,0.2043271848095868,4.095066416616665,0.963929971965944
31,pf_seafood,0.13798927013250728,3.6573795067827564,0.7653451471398828
32,pf_seafood,0.2003525762836898,4.094686202851322,1.2288997338414687
33,pf_seafood,0.19523947557250715,3.590845940474545,1.0604270897822579
34,pf_seafood,0.16906492381823693,3.628805690704958,1.2460946224436733
35,pf_seafood,0.22790013401993722,4.116545870588088,1.4122898122978707
36,pf_seafood,0.19283816496343922,4.08368972068119,1.1821387487743726
37,pf_seafood,0.13200351754940814,2.9232134851902494,1.150317577682373
38,pf_seafood,0.1526486873794738,3.536542988236509,0.9820897443137611
39,pf_seafood,0.14169079250268646,3.306731343691943,1.0446586081941396
40,pf_seafood,0.1296683748223687,3.378493710169743,0.6058965657292988
41,pf_seafood,0.18545713443201445,3.7472737838143138,1.2336304481083165
42,pf_seafood,0.13886893120423846,3.7121203031004715,1.358106355749335
43,pf_seafood,0.21436490888013882,4.23813098452104,2.2703632906708036
44,pf_seafood,0.18139744222907292,4.191954716048482,1.0840007644811436
45,pf_seafood,0.23201594399603895,3.94010674152959,1.260496844403982
46,pf_seafood,0.2059950669091863,4.207825660423249,0.870610796128921
47,pf_seafood,0.15895451343896974,3.9801321606644473,0.6155714859076196
48,pf_seafood,0.14547207732164685,4.0881855197788965,1.1680812363595676
1,sat_fat,0.014792283026566306,0.0511774818137309,0.0071863845834812595
2,sat_fat,0.014206017096291273,0.04838773166747402,0.00538739234391833
3,sat_fat,0.015751418221762903,0.05156260318658168,0.0050146377865621875
4,sat_fat,0.014321698207001228,0.04868502257721434,0.006758340365138314
5,sat_fat,0.01351543957418861,0.05115917437482767,0.006938304687304493
6,sat_fat,0.013078022345442421,0.048029655044288376,0.0042959150783017435
7,sat_fat,0.015102518741101485,0.051921097061533306,0.007548498152451177
8,sat_fat,0.014186133737801594,0.0501785997286852,0.006942551025563581
9,sat_fat,0.016035930538796008,0.05281104919901311,0.0058641416337971665
10,sat_fat,0.014784047310391525,0.04830950402197532,0.005198940829386426
11,sat_fat,0.01578498859984758,0.05117212604708875,0.005612905149542432
12,sat_fat,0.014625381038789829,0.04962933698633529,0.006803219912201599
13,sat_fat,0.014004710860123198,0.05166888544267338,0.006600202178563718
14,sat_fat,0.013791909483685638,0.048865196725266354,0.0059902330743035505
15,sat_fat,0.0140914012996732,0.05044559985400697,0.006625301878280503
16,sat_fat,0.01499909143484689,0.052346105344942044,0.006553017136295692
17,sat_fat,0.015801761410915164,0.052932749228865074,0.005790586089170811
18,sat_fat,0.014806016770083169,0.04829808023895433,0.005408489716643055
19,sat_fat,0.0157070037263044,0.050897380928508186,0.00610543585791498
20,sat_fat,0.015438826701621562,0.050805443041560365,0.00683471760194937
21,sat_fat,0.015201456350397139,0.05273464849599378,0.0066903610388080485
22,sat_fat,0.012933550027296624,0.04723436910958593,0.005739043731828945
23,sat_fat,0.014214890604561346,0.05063970459094639,0.004958278708413719
24,sat_fat,0.013001737765820432,0.051286212943239436,0.010188877758836987
25,sat_fat,0.015725696992173188,0.05131568993575621,0.0059197911090220125
26,sat_fat,0.014570625495890652,0.04819679135560773,0.005287897407766249
27,sat_fat,0.015223615448842532,0.05009236604672257,0.006244870218070496
28,sat_fat,0.015542818859485347,0.05080463758098268,0.006235760396161951
29,sat_fat,0.014926263217297299,0.05307657998213844,0.0062139033961931016
30,sat_fat,0.013749053108930492,0.04787266831309277,0.006232819004746817
31,sat_fat,0.01497207323460892,0.05284063680593848,0.005737314870026766
32,sat_fat,0.01264975552324282,0.04759328565862837,0.006253868393316739
33,sat_fat,0.01491849179976956,0.05121800218062103,0.0065320161548997795
34,sat_fat,0.014316210152428746,0.04880157277026645,0.004970004462853501
35,sat_fat,0.014212023972207142,0.049354470245098925,0.0059470157000462345
36,sat_fat,0.01326980330334623,0.04772491856743741,0.005444907382489669
37,sat_fat,0.015581863719233532,0.05364828857866434,0.006432832250630491
38,sat_fat,0.012578506842655407,0.04778214105520293,0.006147637497814629
39,sat_fat,0.014002601602853989,0.050587825421037874,0.006811231716775206
40,sat_fat,0.013365233504625085,0.0507704701870029,0.008157098182539645
41,sat_fat,0.014830048657684468,0.052926713665423945,0.006728056868763231
42,sat_fat,0.012806051390492203,0.04684293645191576,0.0074191981436111925
43,sat_fat,0.015519023315087581,0.05160679779524089,0.004693680642733872
44,sat_fat,0.013002701744069506,0.04751350489576922,0.008578242250359686
45,sat_fat,0.014065019539474106,0.05233277510073139,0.006513112466847247
46,sat_fat,0.011520444969278681,0.04537562749020105,0.005934387477990578
47,sat_fat,0.014278098581560658,0.05224090074462389,0.00568897789871911
48,sat_fat,0.013912847601427799,0.052165596855731064,0.005916970429149491
1,veg_dg,0.08062137651963881,0.7066257020374799,0.9086444318130723
2,veg_dg,0.07174411328588179,0.604811259886655,0.791574291172091
3,veg_dg,0.08315919245538975,0.7225122820422119,0.8821322011730982
4,veg_dg,0.07802622074009578,0.6721794221576212,0.9287877124120021
5,veg_dg,0.06975538187992467,0.6064220221879402,1.0055641056922486
6,veg_dg,0.0639917765221338,0.520414282263069,0.9071529345659257
7,veg_dg,0.10399475419999113,0.9271735446145165,0.8363445110327524
8,veg_dg,0.07425964553944356,0.6345981447341349,0.8445406539651928
9,veg_dg,0.0810565254350658,0.7034317772924588,0.8959886945871021
10,veg_dg,0.055399072416118876,0.4332530359968408,0.7925306238648828
11,veg_dg,0.08970883433807479,0.7899795107008497,0.9590458544357777
12,veg_dg,0.06858159505656712,0.5770067999842617,0.8655112318868539
13,veg_dg,0.06996064817674037,0.6096048305721763,0.9644867521189618
14,veg_dg,0.06262698902293064,0.5131437139584656,0.8261986627965405
15,veg_dg,0.0939728371353547,0.8281437056718387,0.881788358593324
16,veg_dg,0.06074127584948494,0.48378865876441596,0.7820419314980024
17,veg_dg,0.09958811369716535,0.8863526745336677,0.9158120633820852
18,veg_dg,0.04977102578464494,0.373090013008219,0.7906306304338218
19,veg_dg,0.06844494204513377,0.5854153487863977,0.8851989170821996
20,veg_dg,0.04989176588690576,0.40035469392068296,0.7514454217566929
21,veg_dg,0.08423190567352452,0.7456703911523117,0.8206767283916802
22,veg_dg,0.048518784524294874,0.3774853348243738,0.8449895605164321
23,veg_dg,0.08823549159593509,0.7765745059881687,0.9718426423661295
24,veg_dg,0.06387582641419547,0.5403670685135471,0.8187215417102438
25,veg_dg,0.06583116726123822,0.5596503924956561,0.8053571673249851
26,veg_dg,0.06146264111709536,0.49402993269689405,0.7425085170126211
27,veg_dg,0.11731607493348221,1.057950888199425,0.9109731286380525
28,veg_dg,0.05482849788210723,0.45335050863039,0.7122631302618787
29,veg_dg,0.09354276916211098,0.8253050467386799,0.9733984798407005
30,veg_dg,0.0598782149253717,0.4752628271219941,0.8020433175872034
31,veg_dg,0.06901453047044055,0.59711983230817,0.9177832660918521
32,veg_dg,0.05192604479918054,0.42402206789936164,0.8859928834791686
33,veg_dg,0.08364185776425416,0.7383616305956804,0.8857608682505163
34,veg_dg,0.04071261096542442,0.2798757602817865,0.8461750164513703
35,veg_dg,0.10547264002420857,0.9525471588032273,0.8707051224713187
36,veg_dg,0.06037680926767466,0.506294272609064,0.7630787199609139
37,veg_dg,0.09729616340291462,0.8984364118582913,0.8756642634136991
38,veg_dg,0.06529529199889417,0.5310575794386988,0.7839095710206492
39,veg_dg,0.07215623374007385,0.6194195707652177,0.7845628637750796
40,veg_dg,0.05377512244115821,0.4291337626732011,0.8558766973345762
41,veg_dg,0.060961105387549626,0.5104633582892044,0.8351044946106271
42,veg_dg,0.03917295383411699,0.2753721566280356,0.7348578940856656
43,veg_dg,0.07953241409686002,0.6841416274926748,0.7126530886957406
44,veg_dg,0.03469368289131149,0.22160212664330145,0.7153381538885399
45,veg_dg,0.07609704867362771,0.6512326697619658,0.8906132818255222
46,veg_dg,0.04350200321237432,0.3171176712653009,0.8480662259713587
47,veg_dg,0.06800830476676559,0.5901281411057803,0.813855333486622
48,veg_dg,0.07409665333832818,0.6315586028212427,0.5938238218230866
1,veg_oth,0.07370071477239155,0.43910888700606404,1.059344721532302
2,veg_oth,0.05722804660933166,0.4186995537720005,0.9585687347366579
3,veg_oth,0.06132184809461019,0.45868338290407407,1.063619083868733
4,veg_oth,0.06985495318480356,0.4542112768426116,1.0819072230086735
5,veg_oth,0.06402862155984305,0.3948599587565069,1.093254568583075
6,veg_oth,0.05979047508747237,0.4217344053349577,0.9903342924680968
7,veg_oth,0.06609998515725427,0.415697612804418,1.0484730807905553
8,veg_oth,0.07345418037643454,0.39210769432509085,0.9403355906084556
9,veg_oth,0.05742492867409294,0.3977454089048426,1.0370482585587082
10,veg_oth,0.058874249011741986,0.47537686735547685,0.9644448339170779
11,veg_oth,0.06405499128221977,0.44957413947487535,0.8968350135507022
12,veg_oth,0.07341717672755235,0.48028967133820555,1.0332717141988734
13,veg_oth,0.06848947882275866,0.38962466989029537,1.015282560402644
14,veg_oth,0.05923719063914316,0.4188938663336441,1.1147269336909278
15,veg_oth,0.06675223285577858,0.3831100682529399,0.9291041201099526
16,veg_oth,0.06806574494930415,0.3793712754110751,0.9437048961478065
17,veg_oth,0.06219347088094718,0.4203197937557413,1.1599493385623032
18,veg_oth,0.05765311888687572,0.3793758649132613,0.8179415263382114
19,veg_oth,0.0594272628210659,0.4185816637387361,0.9431957950959187
20,veg_oth,0.07358268416069477,0.3966199264865879,1.0808543233747216
21,veg_oth,0.062118024176757144,0.37104103989439785,1.032960903150684
22,veg_oth,0.053879116877722386,0.3708200230805282,0.9532421035053508
23,veg_oth,0.05995818187257235,0.3694395545859849,0.7845087261060986
24,veg_oth,0.07534340589172789,0.3471799518496637,0.9379725682887301
25,veg_oth,0.06314997025567504,0.40035852771765584,0.9663986339070408
26,veg_oth,0.0526305297333276,0.42952154678864507,0.9253638977815282
27,veg_oth,0.07246189290596583,0.4989219388428127,1.0031555756674635
28,veg_oth,0.06217878879570615,0.4125222558788564,0.7664172741256762
29,veg_oth,0.06573597291574193,0.3720471407412605,0.9607818679346799
30,veg_oth,0.062020777662437986,0.37450601953467905,0.8734242281818301
31,veg_oth,0.06908956981287853,0.4372819716840575,0.8956657217621046
32,veg_oth,0.06044044355584068,0.3976635222930716,0.9420699101483387
33,veg_oth,0.07148020999379788,0.45092737799403465,0.9608185259152046
34,veg_oth,0.05242115940160288,0.3524989918601002,0.7747595815330557
35,veg_oth,0.06087204484189298,0.446201603984554,0.9991710581771391
36,veg_oth,0.05758905372564971,0.36680686400650125,0.9057325837324455
37,veg_oth,0.06097344350083194,0.3672209583462122,0.9964137759637668
38,veg_oth,0.05471129976857065,0.3262215180729701,0.752997790773876
39,veg_oth,0.05882324907430071,0.3637533314356194,0.8106958178372295
40,veg_oth,0.07136541851732311,0.3369917736482753,0.8178671864425018
41,veg_oth,0.06365686592989116,0.42281792449232175,0.8355650224498925
42,veg_oth,0.0663147822670654,0.4525154442214733,0.8648844593462751
43,veg_oth,0.0561238847004593,0.45064658342014546,0.7520441907980838
44,veg_oth,0.07692148805386864,0.371928691384676,0.6687419119712344
45,veg_oth,0.0662704214120291,0.40107605006072966,0.9143570639257375
46,veg_oth,0.049568958031361625,0.2785254052605459,0.7885081824087272
47,veg_oth,0.06550254427588352,0.4162824786566784,0.8519884294669687
48,veg_oth,0.06707802422530885,0.38401102649211566,0.8455357950196901
1,veg_ro,0.09213690555658251,0.8020896753795846,0.6255127199477233
2,veg_ro,0.09681682756093432,0.841556882481932,0.6014922185916276
3,veg_ro,0.08181931565453612,0.6958168171649384,0.6479215783327974
4,veg_ro,0.08306818856266912,0.7146591466366001,0.6930494237366129
5,veg_ro,0.07117192210634908,0.6349134051830067,0.66493356019558425
6,veg_ro,0.0871195182495022,0.717041112276039,0.7293908087908169
7,veg_ro,0.05414740277859686,0.5207340981208889,0.6543799490840562
8,veg_ro,0.0727262246193188,0.6647263140733127,0.628442323018672
9,veg_ro,0.07664948791965101,0.7063196587209535,0.6403888700483139
10,veg_ro,0.0825175445176094,0.7052172050749861,0.6438258961663098
11,veg_ro,0.06000940451926136,0.5486161926445895,0.6849729814236574
12,veg_ro,0.08189197619956623,0.7300636042916744,0.626983557064527
13,veg_ro,0.06820077406710309,0.5853347068829603,0.6575593557474326
14,veg_ro,0.08787586607762349,0.7705660189639197,0.6815003627945577
15,veg_ro,0.07097971427928548,0.6093961749874699,0.6786956839944343
16,veg_ro,0.06297752479406044,0.6113263506761353,0.6449982038771394
17,veg_ro,0.08296787677920797,0.7153549351880812,0.6476658218039496
18,veg_ro,0.09071394296650259,0.7825021224273715,0.6890083531561888
19,veg_ro,0.06469282793568044,0.577743672518622,0.7190188561496978
20,veg_ro,0.08297205220904595,0.7921223389675798,0.6125067818243126
21,veg_ro,0.06948393997005436,0.635271522562843,0.6973497990810379
22,veg_ro,0.08624224317335033,0.6471484680815955,0.6524062742401451
23,veg_ro,0.06146000876376007,0.5208978800578783,0.676078674718028
24,veg_ro,0.06029339788395617,0.5474413215177013,0.5967289688767277
25,veg_ro,0.07109867581156157,0.6510332284526558,0.6810896177650945
26,veg_ro,0.08008031907062302,0.6812902533089268,0.6680695042357312
27,veg_ro,0.07636134645497075,0.675139745039361,0.6743266630416818
28,veg_ro,0.06828216075704313,0.6292162087134696,0.648147747682204
29,veg_ro,0.08027292845550621,0.6979524236765549,0.670426261864904
30,veg_ro,0.07709614482666427,0.6631311485298714,0.6699991527977539
31,veg_ro,0.06441547233424245,0.5677139263516511,0.6745041659548761
32,veg_ro,0.087614293630979,0.7847644537059181,0.698470545925223
33,veg_ro,0.07794667093360379,0.6977819873867243,0.6081121202244835
34,veg_ro,0.08668113669319372,0.7089044377015915,0.6562118891273172
35,veg_ro,0.05647415468153144,0.5168663347378163,0.6760426068949694
36,veg_ro,0.06729299237178617,0.5769162942522322,0.6231664020128804
37,veg_ro,0.06895413394612096,0.5947302706388449,0.6541865147301199
38,veg_ro,0.05987348755463169,0.5322261349510105,0.7085851383375674
39,veg_ro,0.058384168243673505,0.5360614464462995,0.6678771488345099
40,veg_ro,0.04833713968886102,0.4907711818506388,0.6059590469771283
41,veg_ro,0.06741883119336516,0.5820976593072438,0.6081267585397221
42,veg_ro,0.06062753144397627,0.502443480376463,0.6420917082413616
43,veg_ro,0.08336327215625178,0.676199783578034,0.7135243442123256
44,veg_ro,0.0798887146441197,0.7245254968923028,0.6863829210031545
45,veg_ro,0.06660411932319849,0.5729121202847473,0.6111585793329657
46,veg_ro,0.07318260435357848,0.6215352199658994,0.6417641288597795
47,veg_ro,0.06909872097738028,0.6012460744551661,0.638244507744691
48,veg_ro,0.049015761740857144,0.4689119364249983,0.7052086743170374
1,veg_sta,0.06526102779343554,0.6078504405277229,0.5538610773933909
2,veg_sta,0.0766883769496911,0.6715381629285926,0.5595006798094033
3,veg_sta,0.07589844273833228,0.677504579338375,0.5542426557458627
4,veg_sta,0.07725923516135909,0.7001436070570881,0.6028022198516393
5,veg_sta,0.07273507073053825,0.653335811310736,0.5352663682048237
6,veg_sta,0.08172080485308666,0.705814298880585,0.5313878150321418
7,veg_sta,0.08054159893804329,0.6265335633357633,0.5156992452628645
8,veg_sta,0.07247406988703563,0.627175576139616,0.4930109796977467
9,veg_sta,0.06331016149023878,0.5763918162516015,0.5038618094775674
10,veg_sta,0.08101068171456591,0.7041412860586369,0.5666922744563155
11,veg_sta,0.06961633728188037,0.5721629840797874,0.49088302452514854
12,veg_sta,0.06949761323203284,0.6266352413890187,0.549869396675712
13,veg_sta,0.07263624779271476,0.6582992217095502,0.5877595806104673
14,veg_sta,0.08237734984285401,0.7279075578930652,0.5617915042647
15,veg_sta,0.08510614419112743,0.6589104162546325,0.50518531642128806
16,veg_sta,0.07983654431578595,0.7120973716684713,0.57190638713403
17,veg_sta,0.07402073045532956,0.6747813270690018,0.5794321832162306
18,veg_sta,0.08502967259302033,0.7709366096455746,0.6279813963825018
19,veg_sta,0.08544047416870987,0.6793854872859497,0.5415764987149804
20,veg_sta,0.06838573642899012,0.6262426161651228,0.5154880795956138
21,veg_sta,0.08011718429937635,0.7224551804193121,0.5798210620188206
22,veg_sta,0.09090193191517595,0.734336924068293,0.5627578959445462
23,veg_sta,0.08873206429041942,0.6690582801977761,0.5035366329835435
24,veg_sta,0.08462246044108244,0.6738411821316241,0.5297196253083843
25,veg_sta,0.07529574410347036,0.683537708498151,0.5445218012088732
26,veg_sta,0.07921314549704718,0.7168868601388566,0.5959577433254694
27,veg_sta,0.09528691323937837,0.6075464428690609,0.4934395008913289
28,veg_sta,0.07974666736278016,0.7187134212034684,0.5676808905753254
29,veg_sta,0.06799734524757364,0.6178335325316074,0.5310437040541665
30,veg_sta,0.08217706163390832,0.7251347151893004,0.6150454543048905
31,veg_sta,0.0899731440823447,0.6793507288535111,0.48066882761067603
32,veg_sta,0.07565203745448211,0.6330203456859304,0.486957623664265
33,veg_sta,0.07950548813917611,0.714217546186571,0.5547040842742071
34,veg_sta,0.08068568024143663,0.7114829440683129,0.5382353248043459
35,veg_sta,0.09317404537486897,0.611115682089223,0.4654888421277108
36,veg_sta,0.08328505865327472,0.7178016668082026,0.6339002140241925
37,veg_sta,0.08129986245925441,0.7225125257304782,0.5624781996435937
38,veg_sta,0.08370500553684818,0.7451971845830071,0.553350045972411
39,veg_sta,0.09966781734146204,0.6000172450375245,0.4392590986282683
40,veg_sta,0.08623382509705642,0.6443890477268452,0.4571482078830448
41,veg_sta,0.07441836203457024,0.6656974910212693,0.49329692790860513
42,veg_sta,0.06039839976420709,0.5265694627798309,0.5150040094663377
43,veg_sta,0.08814301656368796,0.6795233092825476,0.4961345352963358
44,veg_sta,0.07357132993186166,0.6411468290294666,0.4755167846649074
45,veg_sta,0.07352668381715673,0.6563378556833395,0.5365024077570008
46,veg_sta,0.08508335011942234,0.6841267032914218,0.4766939143329111
47,veg_sta,0.08809541617649723,0.6877670796685206,0.5019019530491029
48,veg_sta,0.09069953754403273,0.6746526519120433,0.4114831534806822
