diet_pattern,age_gp,food,BLUEWATER,CED,GHG,WATER,Food_price
Med,20-34,added_sugar,-6.28896883471454,-0.360855721457038,-0.0353506886056686,-22.604590951777,-0.542249069138801
Med,35-44,added_sugar,-6.84421366419429,-0.37915060221317,-0.037818716943321,-24.8219832573092,-0.525367091173065
Med,45-54,added_sugar,-6.96080359775985,-0.391376289351421,-0.0391213069009347,-25.0553093692681,-0.50508410604581
Med,55-64,added_sugar,-6.93038336894235,-0.374654468687525,-0.0376485916878769,-25.1893129041818,-0.478189700971201
Med,65-74,added_sugar,-5.86408147365802,-0.307300476720523,-0.0313574225044785,-21.505340618551,-0.393932486192519
Med,75+,added_sugar,-7.31357343330597,-0.365333210724636,-0.0383025007948475,-27.0444799052281,-0.467190484235457
US,20-34,added_sugar,-6.18750968371214,-0.355591819161573,-0.0348166091970367,-22.2328885110806,-0.540028191861538
US,35-44,added_sugar,-6.83908910682432,-0.379049780984432,-0.0378001863214797,-24.803885469596,-0.528548717802501
US,45-54,added_sugar,-7.18296139693628,-0.404187439470688,-0.0404097811587667,-25.8458469685627,-0.514922430627366
US,55-64,added_sugar,-6.98212809695451,-0.377012573131511,-0.0378924196454447,-25.3836651026932,-0.488599145960147
US,65-74,added_sugar,-5.92220281876674,-0.310698897692324,-0.031751595954212,-21.726553990881,-0.392105817466886
US,75+,added_sugar,-7.28403189121552,-0.361591840876882,-0.0379360532087637,-26.9532072420283,-0.468905018931958
Veg,20-34,added_sugar,-6.07349020391093,-0.348390791969373,-0.0341379394305567,-21.8293155525408,-0.528188638309081
Veg,35-44,added_sugar,-6.52824608723709,-0.361821643219046,-0.0360878040492369,-23.6762327438489,-0.507715943689817
Veg,45-54,added_sugar,-6.82543800814992,-0.384829778105027,-0.0384507415522679,-24.543288470592,-0.491882544260741
Veg,55-64,added_sugar,-6.43585826347978,-0.347847001188759,-0.0349603534254022,-23.39375433255,-0.459158388814707
Veg,65-74,added_sugar,-5.63852061885924,-0.295438042144346,-0.0301831655660113,-20.6842675425535,-0.375456967488247
Veg,75+,added_sugar,-6.95077256027839,-0.345893225516539,-0.0362623211415286,-25.713189031241,-0.446240243150819
Vegan,20-34,added_sugar,-6.00990167161501,-0.344820936778533,-0.0337846600919215,-21.5971968166964,-0.51865908104149006
Vegan,35-44,added_sugar,-6.64787909646396,-0.368899677569226,-0.0367701014816216,-24.106795401279,-0.51288403431533
Vegan,45-54,added_sugar,-6.6437660122255,-0.374655604886506,-0.0374370233128043,-23.8918397165756,-0.476952931096031
Vegan,55-64,added_sugar,-6.62663805805745,-0.357929398482636,-0.0359821284382136,-24.0928938371573,-0.464824043607244
Vegan,65-74,added_sugar,-5.45430416876708,-0.285944690517434,-0.0292027178793947,-20.0109585242257,-0.364007550104531
Vegan,75+,added_sugar,-7.09957631614681,-0.353676146373157,-0.037069355160646,-26.25860680815,-0.454235830156243
Med,20-34,dairy,12.602855031105,1.02147744157847,0.189179265205708,52.5554437912045,0.636987272818005
Med,35-44,dairy,14.5629423056714,1.17797774775524,0.218361949008086,60.845901745893,0.695051334162255
Med,45-54,dairy,12.8552176935385,1.04145017989354,0.192918645034526,53.6315581999167,0.615622366514539
Med,55-64,dairy,14.2298471574102,1.150525688923,0.213315889789038,59.4792401465253,0.618494120754404
Med,65-74,dairy,12.776118292679,1.03441305061801,0.191667870600588,53.3325533798979,0.52953155781156
Med,75+,dairy,10.6926054794946,0.864774031802083,0.160314845269336,44.6818793215483,0.419864500856756
US,20-34,dairy,35.6598992778043,2.88954615829517,0.535210172766734,148.742306273369,1.76554158072438
US,35-44,dairy,38.7558664733584,3.13459329322421,0.581086949049726,161.942867825404,1.80029323220372
US,45-54,dairy,34.2896732381713,2.77724826116264,0.514516381730118,143.089368696122,1.62533643457643
US,55-64,dairy,34.8984537835758,2.82115668397454,0.523104119062524,145.895837163893,1.53111026737941
US,65-74,dairy,32.2981400540995,2.61449938831833,0.48448681025429,134.850099243655,1.33859414012053
US,75+,dairy,30.0256313214882,2.42752001643977,0.450091936474417,125.510929614797,1.17350630251274
Veg,20-34,dairy,35.5794362824306,2.88303222724139,0.534003136591596,148.406386459118,1.76883742545414
Veg,35-44,dairy,37.9823140908294,3.07209620501303,0.569495584401953,158.707188679834,1.77087938254476
Veg,45-54,dairy,35.1182683679422,2.84428493895197,0.526941917147167,146.550724082536,1.66199919151025
Veg,55-64,dairy,34.7932625926926,2.8126569552296,0.521527761963499,145.455888371966,1.52675472895368
Veg,65-74,dairy,32.4076593863242,2.62332666127361,0.486125779970479,135.309242987376,1.35337937911827
Veg,75+,dairy,30.4991250778853,2.46574720089867,0.457184262432681,127.492852421633,1.18534185822543
Vegan,20-34,dairy,-32.9758244243227,-2.67162767963761,-0.49488242379483,-137.567658699174,-1.6080165160467
Vegan,35-44,dairy,-32.4219202482746,-2.62195209407532,-0.486083470291633,-135.493407839679,-1.47898572198047
Vegan,45-54,dairy,-30.6223116481374,-2.47928760308636,-0.459393677473205,-127.831322944403,-1.4442340832132
Vegan,55-64,dairy,-27.1959469037575,-2.1980077404925,-0.407599546103011,-113.718820358245,-1.18737759218942
Vegan,65-74,dairy,-27.5252868272003,-2.22797388913961,-0.412874795542886,-114.930933382768,-1.13307465538079
Vegan,75+,dairy,-27.9099397273038,-2.2553759648563,-0.41826632674248,-116.720985593735,-1.09163050361817
Med,20-34,fruit_exc_juice,80.4975301789074,1.40161557806947,0.176210419281903,600.016422086267,2.12174120409198
Med,35-44,fruit_exc_juice,100.26205815278,1.52038308171469,0.199493594791253,715.449557455295,2.38270901823044
Med,45-54,fruit_exc_juice,83.930196704407,1.47270980956739,0.186343354356847,631.564164751164,2.34106544187497
Med,55-64,fruit_exc_juice,90.9029771180922,1.40475437861202,0.20055861945854,679.843565497035,2.132415598288
Med,65-74,fruit_exc_juice,83.30006279232,1.26361975735767,0.17018864348591,623.414868376987,2.04930607440009
Med,75+,fruit_exc_juice,78.8221254151562,1.23257372819211,0.151906600284225,595.70759080696,1.78977855088705
US,20-34,fruit_exc_juice,57.8345937807315,1.01100404902613,0.126641788340503,430.597301944443,1.52843317955713
US,35-44,fruit_exc_juice,65.5491965800964,0.994126229736523,0.130335027271074,467.538207229625,1.55525648972849
US,45-54,fruit_exc_juice,58.7186600058949,1.03792447404842,0.130702749659488,443.178611627253,1.65196957260869
US,55-64,fruit_exc_juice,62.7002455567246,0.971199676777626,0.139172283070596,469.843262029832,1.47888452604234
US,65-74,fruit_exc_juice,50.0135568814028,0.761440889875572,0.102111372078444,373.240668905351,1.23554232704119
US,75+,fruit_exc_juice,47.735550267375,0.747771783678923,0.091917464906397,359.961015915709,1.07796740381594
Veg,20-34,fruit_exc_juice,58.9329577194235,1.02688806807587,0.128934039924341,438.533456898136,1.5479247418179
Veg,35-44,fruit_exc_juice,69.281154471474,1.05347915545531,0.138043943514356,495.174126583443,1.64930618544277
Veg,45-54,fruit_exc_juice,59.0509711951498,1.03897466389255,0.130833215573852,444.617782376032,1.65840988121328
Veg,55-64,fruit_exc_juice,60.8717134387526,0.943756240318839,0.134800684741147,455.366594880014,1.43045368749926
Veg,65-74,fruit_exc_juice,52.611556821816,0.801509570059327,0.107254235622606,392.254553337042,1.29180697517515
Veg,75+,fruit_exc_juice,50.3099862245692,0.788741389123224,0.0972571960002999,380.096364229968,1.14093510577762
Vegan,20-34,fruit_exc_juice,57.9103103517814,1.01187936821183,0.12651843674316,430.426194440178,1.53021134496167
Vegan,35-44,fruit_exc_juice,68.0825009410314,1.02925396455426,0.134447016157728,485.248804054842,1.61778307460794
Vegan,45-54,fruit_exc_juice,59.834304668059,1.0540231397341,0.132464275817319,450.836590846236,1.6761722682709
Vegan,55-64,fruit_exc_juice,62.2204853801759,0.959328616928193,0.137195574272214,466.126261699653,1.45949824579449
Vegan,65-74,fruit_exc_juice,53.8220725477286,0.819014146215319,0.110035554249354,401.937460014226,1.32270717280337
Vegan,75+,fruit_exc_juice,47.7483971765648,0.745976891816408,0.0925619405011638,360.274518166701,1.09057238479564
Med,20-34,fruit_juice,32.0153193070738,0.821662784227237,0.105154907668389,270.674904911415,0.232710322300226
Med,35-44,fruit_juice,34.9255842559304,0.886462179623328,0.112071938670016,300.910107712478,0.279572504261421
Med,45-54,fruit_juice,36.053463375322,0.897916342641905,0.112987164398623,311.57330979728,0.22308990296852
Med,55-64,fruit_juice,39.8024946630792,0.941123559439128,0.117362125026335,355.890048618707,0.247574518765511
Med,65-74,fruit_juice,38.6246175112613,0.902229972017074,0.118154141896731,314.879856589548,0.243092182453277
Med,75+,fruit_juice,33.2571880772763,0.811940664748402,0.102485762362762,258.444820502669,0.219852101903358
US,20-34,fruit_juice,21.2949318218892,0.546671574448418,0.0699404335499995,180.118705484699,0.154417071678547
US,35-44,fruit_juice,24.1643950778587,0.614315360778868,0.0775543680605385,209.429953802878,0.195641803902717
US,45-54,fruit_juice,24.549027143514,0.60981655531323,0.0766599077815572,212.891314308472,0.150783635036806
US,55-64,fruit_juice,28.2475743900612,0.665229796118108,0.0828912584874396,253.384775446184,0.175264575993404
US,65-74,fruit_juice,25.9443891218373,0.602040789633111,0.0790084741692042,211.575233826998,0.163104969936615
US,75+,fruit_juice,21.9190350947865,0.532600299044015,0.0672193872112029,170.594175328536,0.144948496561768
Veg,20-34,fruit_juice,21.1307313018459,0.540310973813205,0.0690217151230723,179.151984591442,0.153247080807282
Veg,35-44,fruit_juice,23.7375274665462,0.605513640493061,0.0763906376956863,205.62318292149,0.193016541825022
Veg,45-54,fruit_juice,24.7756853378196,0.617347735945128,0.0778947419191517,215.28767654456,0.152851591383097
Veg,55-64,fruit_juice,28.0780931375591,0.66058243204306,0.0821964828001702,251.289933670286,0.173347155296362
Veg,65-74,fruit_juice,25.9100490349038,0.601119349188381,0.0788026658615716,211.286758083249,0.162475536923943
Veg,75+,fruit_juice,22.6391941309815,0.554715733246793,0.0700100681088291,175.980748090092,0.14962593773951
Vegan,20-34,fruit_juice,22.0661656974529,0.565350611750959,0.0722710772523407,187.553201610909,0.1605777120784
Vegan,35-44,fruit_juice,23.9682800255609,0.611013035772219,0.0769837571352894,207.70936159757,0.195102097832099
Vegan,45-54,fruit_juice,24.9645437569934,0.620139664889789,0.0781051250495481,216.968753862851,0.153193895223289
Vegan,55-64,fruit_juice,27.8421457922162,0.65718607567009,0.0819036505871673,249.830869558099,0.17238205125829
Vegan,65-74,fruit_juice,25.764878011209,0.598142267617215,0.0784323632450825,209.871614648604,0.162173154896668
Vegan,75+,fruit_juice,22.7958730326672,0.557501658895287,0.0705291203518891,177.125358499301,0.149918593656001
Med,20-34,gr_refined,-36.3478932663293,-0.41480904709598,-0.0740884556510934,-114.568725749281,-1.26469329705703
Med,35-44,gr_refined,-30.3534782899397,-0.373992534276534,-0.0636532356702492,-95.4862404131081,-1.08456961792854
Med,45-54,gr_refined,-30.8246293280951,-0.35696168915203,-0.063519409994605,-97.255470074614,-0.983408386761033
Med,55-64,gr_refined,-26.4609844053325,-0.301596041424439,-0.0526190407423667,-83.0523663985171,-0.91816133794431
Med,65-74,gr_refined,-24.8147974792187,-0.298475140963031,-0.0490053328633771,-77.4016578653847,-0.933174196954759
Med,75+,gr_refined,-24.1048821938435,-0.285432360628555,-0.0465825268098125,-75.0132571379033,-0.88456668257963
US,20-34,gr_refined,-36.1240194491052,-0.412130635421881,-0.0736138772207167,-113.860484116645,-1.24985133790765
US,35-44,gr_refined,-30.5635477372975,-0.375193473404506,-0.0641121328328266,-96.1909717240528,-1.07656389374011
US,45-54,gr_refined,-30.5044543420081,-0.353934822261901,-0.062840242318074,-96.2054327771563,-0.970199801035022
US,55-64,gr_refined,-26.3671205174731,-0.300388166483781,-0.0524315780813668,-82.7469122939758,-0.906377446404384
US,65-74,gr_refined,-24.5520165480608,-0.296128994123309,-0.0483388939752512,-76.5170828896097,-0.932474147713542
US,75+,gr_refined,-24.4642379877592,-0.289167594340771,-0.0473013785891899,-76.1519058137698,-0.890391969164707
Veg,20-34,gr_refined,-36.4348808482171,-0.415958221159994,-0.0742541187710934,-114.833673489441,-1.25593119752542
Veg,35-44,gr_refined,-30.5680427797661,-0.375082940644895,-0.0641415686108269,-96.1865678798001,-1.08988831832352
Veg,45-54,gr_refined,-32.1762079241069,-0.373015081540108,-0.0661349758383511,-101.441365065229,-1.02966695198487
Veg,55-64,gr_refined,-26.5794046509255,-0.302952188566295,-0.0529858817950294,-83.4733475031125,-0.911743697253791
Veg,65-74,gr_refined,-24.4023115406917,-0.294553774334098,-0.0481306691281596,-76.0745864204805,-0.936269088848419
Veg,75+,gr_refined,-23.968691621652,-0.284216229011595,-0.0462537850136132,-74.574550681956,-0.868435588759615
Vegan,20-34,gr_refined,-36.6151182734998,-0.417336589386023,-0.0746739328387311,-115.435499051161,-1.27091309083899
Vegan,35-44,gr_refined,-30.3391332846703,-0.372816489531088,-0.0636234998584623,-95.4672031118585,-1.08217357888778
Vegan,45-54,gr_refined,-31.0114835889052,-0.359941573283392,-0.0637700792844832,-97.7658404697717,-1.00582667944342
Vegan,55-64,gr_refined,-25.8697388776899,-0.295027883806252,-0.0516806182248541,-81.2465902067437,-0.882891961256653
Vegan,65-74,gr_refined,-24.5008554355301,-0.295707821949689,-0.0484272934406786,-76.4104783624882,-0.926282656094241
Vegan,75+,gr_refined,-24.2599771659713,-0.28688232526349,-0.0468223854309621,-75.4912114413337,-0.876873139905453
Med,20-34,gr_whole,28.2974526031521,0.474483939451137,0.0741503966833297,137.375081923514,0.827197317865271
Med,35-44,gr_whole,28.8566122937043,0.468955330842659,0.0750025584514303,138.953038873865,0.794345468841491
Med,45-54,gr_whole,27.282278679781,0.464309934365954,0.0720083865573729,131.471613163728,0.838538095371638
Med,55-64,gr_whole,27.3770092229293,0.421036203738823,0.0685901050302275,124.621477904212,0.735364190258887
Med,65-74,gr_whole,23.9667328476891,0.39322547036047,0.0614420235642947,96.3310279490761,0.551674145752514
Med,75+,gr_whole,21.8689932483668,0.365451879257618,0.0569068676614236,84.2447258201141,0.498311384054131
US,20-34,gr_whole,28.0731802807067,0.470418455578392,0.0735674512446784,136.190400668401,0.817900354564989
US,35-44,gr_whole,28.6996314022751,0.466419110605669,0.0745469865407249,138.405047427548,0.794866407586534
US,45-54,gr_whole,27.3956499586913,0.465391118753531,0.0722612930883128,131.761282710793,0.84186019896235
US,55-64,gr_whole,27.40744516193,0.421629283309594,0.068577697251682,124.833185548697,0.739305153320218
US,65-74,gr_whole,23.939389608239,0.392196859135293,0.0614330459654635,96.2531954216097,0.551440028049115
US,75+,gr_whole,21.836257225854,0.364633898106989,0.0567910579180027,84.1367322450052,0.498743866957217
Veg,20-34,gr_whole,34.603601399438,0.578910538407347,0.0906031744904489,167.721360629905,1.00926021041965
Veg,35-44,gr_whole,34.9637430805649,0.568355865836951,0.0908052171434912,168.726439912432,0.974351354666008
Veg,45-54,gr_whole,33.5225102286926,0.570043036400938,0.0884819500979001,161.327679582483,1.02807009754024
Veg,55-64,gr_whole,34.3787750145252,0.528283381655704,0.0862690280128415,155.911763526252,0.916026068039859
Veg,65-74,gr_whole,30.4910829424927,0.499227108392781,0.0782054539039712,123.015579696699,0.701009919045967
Veg,75+,gr_whole,28.1115397240332,0.46873932737102,0.0729738554501062,108.293654188103,0.640860095414167
Vegan,20-34,gr_whole,34.3574936756454,0.574531542100039,0.0899218283364678,166.721165666897,1.00216073356305
Vegan,35-44,gr_whole,35.3147210538763,0.573237374795941,0.0917009316140273,170.218231784265,0.975728882669299
Vegan,45-54,gr_whole,33.3118175585465,0.567066844176195,0.0880091847135278,160.090594294231,1.02467098375048
Vegan,55-64,gr_whole,34.428099146184,0.529328862010346,0.0862108388515253,156.666333914562,0.922642369236063
Vegan,65-74,gr_whole,30.3248209433243,0.496616325580652,0.0777389571564769,122.153495192011,0.697369297818555
Vegan,75+,gr_whole,27.9032075432968,0.46528105061836,0.07237261902818,107.490828706884,0.638338873881009
Med,20-34,leg_tot,4.22323276208695,0.0639339820393089,0.0109832756832865,17.6249222528585,0.0774932221917791
Med,35-44,leg_tot,3.0590805866163,0.0535295598502613,0.00936878694480403,12.0213678513678,0.0724204146301905
Med,45-54,leg_tot,3.71302865050186,0.0723346306146941,0.0114860236206751,14.651916723708,0.0852540187194576
Med,55-64,leg_tot,3.5722868517563,0.0795067957087776,0.0134326374822113,13.372992671901,0.0913957083142834
Med,65-74,leg_tot,3.87312708826365,0.0825802916191877,0.0149439587775012,14.8102006152219,0.0975506021984517
Med,75+,leg_tot,5.18848773906192,0.117583907194957,0.0198575368079219,19.8192862758235,0.0965867031644141
US,20-34,leg_tot,3.97243222981691,0.0604432932472247,0.010481156499867,16.4494654358666,0.0748659075891307
US,35-44,leg_tot,3.35443831158827,0.0584052189973207,0.010100525942834,13.3131062879258,0.0777410565774757
US,45-54,leg_tot,3.38916125776448,0.0671711342682115,0.0106161230736966,13.2619372053097,0.0782892673624846
US,55-64,leg_tot,3.51143382297369,0.0798545785648332,0.0136535815151589,12.8799942203497,0.0915854355117223
US,65-74,leg_tot,3.91427204068187,0.0812577994681949,0.0144426122744935,14.9346047423287,0.0935935447207201
US,75+,leg_tot,5.16701232863864,0.116789322698292,0.0195888483982171,19.7964289154584,0.098909084039019
Veg,20-34,leg_tot,30.8786347024849,0.43385742611121,0.0725095030433043,131.863381743306,0.520686782472263
Veg,35-44,leg_tot,28.3767565558806,0.434904038140727,0.0719610370418284,119.739661117399,0.541939865951523
Veg,45-54,leg_tot,27.1632015118252,0.463217669467674,0.0722031523772692,113.550588850662,0.519729490924128
Veg,55-64,leg_tot,25.0295721636778,0.485178402466019,0.0798238029808747,101.014761325539,0.530085541557542
Veg,65-74,leg_tot,25.7981708978963,0.484001913200847,0.0848494072342168,103.490607058467,0.54033706470281
Veg,75+,leg_tot,24.5760963629227,0.533326059567962,0.0900107224909338,95.4999484732304,0.478037389185667
Vegan,20-34,leg_tot,34.7481276108705,0.486827655885988,0.0811419522597712,148.579356081095,0.582443010564305
Vegan,35-44,leg_tot,31.7928512853953,0.487580467152667,0.0804049580686348,134.377603313134,0.603691220098493
Vegan,45-54,leg_tot,30.5115848819953,0.518748245275035,0.0807029285487274,128.026748606413,0.580225103095745
Vegan,55-64,leg_tot,28.1605371090247,0.541040295757644,0.088912250673426,114.020733077343,0.591750140903464
Vegan,65-74,leg_tot,28.709315685168,0.537621954275361,0.0942557131279239,115.47045148702,0.600425919187777
Vegan,75+,leg_tot,27.4537412246524,0.594955034922204,0.100409481197479,106.711718503479,0.53518300874145
Med,20-34,oil,-0.178784290670266,-0.00577988324702672,-6.8997880852397e-4,-0.516119512249353,-0.0047305586241953
Med,35-44,oil,-0.248923468601943,-0.00829064063433384,-9.9102738327161e-4,-0.656545918933252,-0.0027477350299101
Med,45-54,oil,-0.264866002114166,-0.00861947961352711,-0.00107888259569201,-0.754480913311146,-0.00976278977667996
Med,55-64,oil,-0.463426277110961,-0.0147727152273369,-0.00184060403686693,-1.28112921383271,-0.0125517441501088
Med,65-74,oil,-0.359428539402264,-0.0114293096364631,-0.00136835967792521,-0.981656732847243,-0.00994035913141064
Med,75+,oil,-0.146396260558943,-0.00477013190907969,-5.6935161218103e-4,-0.39680718092115,-0.00227896503843208
US,20-34,oil,-0.116095548265593,-0.00369360086578046,-4.4423964965517e-4,-0.343470513138684,-0.00385979330526516
US,35-44,oil,-0.24556930492214,-0.00815867795431748,-0.00097847440628247989,-0.660156086045782,-0.00220441741852397
US,45-54,oil,-0.247733555399846,-0.00808205135499325,-0.00103019913663733,-0.713496747046183,-0.00699155564538653
US,55-64,oil,-0.350458126351025,-0.011235474025227,-0.00140005924681252,-0.963625263395872,-0.0100456810800418
US,65-74,oil,-0.440556963876261,-0.0141215749805143,-0.00169946963658175,-1.21257524531366,-0.0132658413806263
US,75+,oil,-0.1496889548272,-0.00486644796960624,-5.8296396072481e-4,-0.412463002439972,-0.0054148446666582
Veg,20-34,oil,-0.210332401052475,-0.00677152030059737,-8.1956197419539e-4,-0.607430954143991,-0.00611737640001823
Veg,35-44,oil,-0.296907510518705,-0.00991476271231408,-0.00118739681334424,-0.772768400404218,-0.00228753985366339
Veg,45-54,oil,-0.220373917385522,-0.00718549094104735,-9.0553781631737e-4,-0.634998835617483,-0.00783923617544055
Veg,55-64,oil,-0.428763530191369,-0.0135886513863719,-0.00171197010140726,-1.20129397363737,-0.0107292933729788
Veg,65-74,oil,-0.463884822030344,-0.0148878557139635,-0.001791043982478,-1.26932009453081,-0.0162386544771235
Veg,75+,oil,-0.0313815024494348,-0.00117291326483778,-1.4395488616122e-4,-0.0873719257840208,-1.9975477262025e-4
Vegan,20-34,oil,-0.159027031907861,-0.00511237401456657,-6.1852872523706e-4,-0.465224815724454,-0.00416292350930769
Vegan,35-44,oil,-0.211490361269598,-0.00703841335653654,-8.5229071649246e-4,-0.551910473341282,-0.00102080296961383
Vegan,45-54,oil,-0.19055817204539,-0.00619732503821206,-7.7390387719604e-4,-0.553927769862463,-0.00533852295170519
Vegan,55-64,oil,-0.495212576009645,-0.0157105197997074,-0.00195442995719253,-1.38154543263011,-0.0135772024120556
Vegan,65-74,oil,-0.458843865344531,-0.0147889252067321,-0.00178033574003256,-1.24884318944146,-0.0138673567446275
Vegan,75+,oil,-0.114571684442947,-0.00376385533262649,-4.5250709044835e-4,-0.318623137290329,-0.00332158918993066
Med,20-34,pf_egg,-3.7370199160529,-0.191035622685192,-0.0311784679053994,-8.57540926997981,-0.245693877072424
Med,35-44,pf_egg,-2.59065655863853,-0.132433784127573,-0.0216142017387848,-5.94482790226811,-0.178979903187991
Med,45-54,pf_egg,-2.47387915589291,-0.126464149405199,-0.0206399119074836,-5.6768566191269,-0.164941318351091
Med,55-64,pf_egg,-4.17186422985015,-0.213264766795591,-0.0348064334464268,-9.57325462357739,-0.300155129433358
Med,65-74,pf_egg,-4.8060000652291,-0.245681648936954,-0.0400971153895697,-11.0284179471057,-0.221700594618708
Med,75+,pf_egg,-6.53449733016661,-0.334042042709154,-0.0545182043080217,-14.9948328450321,-0.375734809900144
US,20-34,pf_egg,-4.26037232409039,-0.217789280786869,-0.0355448685732463,-9.77635579747149,-0.251373279545858
US,35-44,pf_egg,-2.70878778276432,-0.138472625896249,-0.0225997866868901,-6.21590582456945,-0.204686685259434
US,45-54,pf_egg,-2.17689152862422,-0.111282208291812,-0.0181621035433052,-4.99535357414468,-0.124250143253294
US,55-64,pf_egg,-5.04712554154324,-0.258007929381718,-0.0421088581935458,-11.5817330728642,-0.355041915311254
US,65-74,pf_egg,-4.42994491691198,-0.226457793823382,-0.0369596358909724,-10.1654771875316,-0.240807923013339
US,75+,pf_egg,-6.55750877089818,-0.335218382415067,-0.0547101919030635,-15.0476376270771,-0.357601740925499
Veg,20-34,pf_egg,-5.41778415081933,-0.276955914625927,-0.0452013136293682,-12.4322902936941,-0.308893802306115
Veg,35-44,pf_egg,-3.88140236634889,-0.198416421267138,-0.0323830704212488,-8.90672637037098,-0.243741911563009
Veg,45-54,pf_egg,-3.96126618827997,-0.202499041990428,-0.0330493852027635,-9.0899913714436,-0.21336870334556
Veg,55-64,pf_egg,-5.95273691788928,-0.304302580488044,-0.0496644976780665,-13.659856381321,-0.404440170011931
Veg,65-74,pf_egg,-6.32530655533971,-0.323348257065308,-0.0527728970831314,-14.5147988741295,-0.32591006823493
Veg,75+,pf_egg,-7.74323731538284,-0.3958325605355,-0.0646028872055222,-17.7685510234374,-0.433855797501248
Vegan,20-34,pf_egg,-18.5057835612574,-0.946011518621018,-0.154396281472952,-42.4655665381261,-1.18676037935317
Vegan,35-44,pf_egg,-17.6718867009683,-0.9033828975435,-0.147438965997257,-40.5520078666263,-1.2674979277324
Vegan,45-54,pf_egg,-16.8828517684624,-0.863047608185226,-0.140855939716424,-38.7413946971639,-0.996578286153184
Vegan,55-64,pf_egg,-18.7969924394311,-0.960898051372529,-0.156825876943639,-43.1338089798279,-1.48943976354557
Vegan,65-74,pf_egg,-19.0261463128994,-0.972612346156106,-0.158737739028889,-43.6596526453515,-1.13517125013261
Vegan,75+,pf_egg,-20.7571343407947,-1.06110006717389,-0.173179608723115,-47.6317831434718,-1.2294409471389
Med,20-34,pf_ns,3.51361592187002,0.0102485089086802,0.00168842789634008,21.2586304650846,0.018369665021826
Med,35-44,pf_ns,-6.6904854627957,-0.0151751017974901,-0.00312374745682326,-35.4582561356057,-0.0243440603731931
Med,45-54,pf_ns,-12.1355952130332,-0.0298330662913945,-0.00532070470891798,-69.2472457443684,-0.0430555992549544
Med,55-64,pf_ns,-19.4146906651728,-0.0467525326970994,-0.00816460586628919,-116.668374926484,-0.0717459267122201
Med,65-74,pf_ns,-19.2573355758009,-0.0497369420766571,-0.00847729611888591,-113.185049273936,-0.0707890344663812
Med,75+,pf_ns,-7.83312711493838,-0.019303406310165,-0.00366694649869331,-43.7929105010231,-0.0290535382144542
US,20-34,pf_ns,2.83652648431964,0.00778115556803598,0.00128021574060259,17.1217883245358,0.0118901511467105
US,35-44,pf_ns,-7.83005433692691,-0.0197563080253876,-0.00367840682255168,-43.959898422844,-0.0235883198897456
US,45-54,pf_ns,-13.5253902657758,-0.0333893822731955,-0.00580354506676857,-77.1037949238574,-0.0478739226120898
US,55-64,pf_ns,-17.4559436488704,-0.0417056248954124,-0.00721952534401332,-104.831672195267,-0.0650279190664382
US,65-74,pf_ns,-21.9944123512248,-0.0566173342223068,-0.00966356299288365,-129.077340719383,-0.079333262338988
US,75+,pf_ns,-9.91899918709318,-0.0232251429208146,-0.00446675211162876,-54.7167323047361,-0.0342473571903516
Veg,20-34,pf_ns,22.5202385956215,0.0661805094007054,0.010991810725565,136.610499758234,0.116388651077714
Veg,35-44,pf_ns,16.3454436685698,0.0429824982413542,0.00773648942027621,92.069628404378,0.0732183166424902
Veg,45-54,pf_ns,16.1023888894951,0.0414093188428658,0.00719124271978714,91.1031930241898,0.0639084437999504
Veg,55-64,pf_ns,3.34687997356676,0.00997841942408886,0.0016757002832905,19.4562630508384,0.0150019178930589
Veg,65-74,pf_ns,0.149226032413945,-0.00333484701667589,7.05567112860093e-6,-3.53497433086803,0.00115997560413132
Veg,75+,pf_ns,17.2495415034971,0.0441602406155917,0.00772288080585559,98.6401182594014,0.0623913618123862
Vegan,20-34,pf_ns,30.4169335668953,0.0898742641248443,0.0149266842473582,184.634404433878,0.158960863054619
Vegan,35-44,pf_ns,22.5324455142465,0.059456224521104,0.0106738793380013,127.61699545577,0.102202581972719
Vegan,45-54,pf_ns,24.1823824487638,0.0613726587988262,0.010815917119603,136.211788287052,0.0950149370089397
Vegan,55-64,pf_ns,14.5338105733073,0.0382117537894595,0.00654493370576373,86.4077973166508,0.0570362477279499
Vegan,65-74,pf_ns,13.477992978275,0.0300479241428982,0.00580804058218204,73.9221246453785,0.0479931452236217
Vegan,75+,pf_ns,21.7359403809222,0.0552953442105504,0.00971810364769461,124.071017166383,0.0820108179338907
Med,20-34,pf_poultry,-19.7147986664492,-0.615899808824955,-0.0899538596912264,-42.3288068336701,-0.73008606585332
Med,35-44,pf_poultry,-14.654192945141,-0.457880272440608,-0.0660545346513741,-31.4599834877956,-0.519010651310504
Med,45-54,pf_poultry,-10.1359913454242,-0.316645995510683,-0.0460007115616125,-21.7615440664171,-0.339441081268172
Med,55-64,pf_poultry,-4.9832858503495,-0.15564777497893,-0.0226521325936858,-10.6990755273452,-0.164207135833525
Med,65-74,pf_poultry,-3.02558162049918,-0.0945049270738653,-0.013726799599625,-6.49578831654093,-0.0904985062262224
Med,75+,pf_poultry,2.498376983102,0.0780836269441294,0.0112662258092101,5.36358444585405,0.0532629446647913
US,20-34,pf_poultry,-18.7304609168763,-0.585150905432947,-0.0854843420447226,-40.2154648958596,-0.725612404938292
US,35-44,pf_poultry,-15.4783961080367,-0.483630628573485,-0.0697721097658749,-33.2294381235046,-0.535109278555695
US,45-54,pf_poultry,-10.453818000575,-0.326572220905558,-0.0474431943115848,-22.4439067885675,-0.336265570283457
US,55-64,pf_poultry,-3.51535387427127,-0.109745681428932,-0.0160553302784849,-7.54779099964957,-0.10871159494389
US,65-74,pf_poultry,-3.21979196368868,-0.100617828014652,-0.0144428973040202,-6.91203317834572,-0.0972436309100441
US,75+,pf_poultry,3.47356169429013,0.108538246598078,0.0156472105196652,7.45708836075714,0.0967296386024972
Veg,20-34,pf_poultry,-57.6470613979238,-1.80108152133865,-0.262019061744408,-123.767271693229,-2.20197831173795
Veg,35-44,pf_poultry,-55.0875725061088,-1.72125615965252,-0.248259389512423,-118.263229049579,-1.88467712847578
Veg,45-54,pf_poultry,-48.6501625634698,-1.5198179905199,-0.220534584565598,-104.448781567378,-1.55540135322741
Veg,55-64,pf_poultry,-42.8434905690848,-1.33827573766327,-0.194115660920455,-91.9819433074663,-1.26609162022128
Veg,65-74,pf_poultry,-43.6699482944275,-1.36487958710212,-0.193546962077567,-93.7379143252886,-1.18759832235813
Veg,75+,pf_poultry,-36.1134160001444,-1.12830513857215,-0.162682045816409,-77.5288771079605,-1.03507816431452
Vegan,20-34,pf_poultry,-58.5063979401623,-1.82792723057311,-0.265922847637745,-125.612246355494,-2.22800065544101
Vegan,35-44,pf_poultry,-55.5837247623367,-1.73676512627412,-0.250506124703501,-119.328419104325,-1.9099920089866
Vegan,45-54,pf_poultry,-49.5533372730462,-1.54802126656518,-0.22446557019668,-106.387177397792,-1.57601176534181
Vegan,55-64,pf_poultry,-42.9291909521197,-1.34089969368305,-0.194547980419212,-92.1661590218631,-1.28552926351269
Vegan,65-74,pf_poultry,-41.635444019412,-1.30129097529389,-0.184683566808106,-89.3714669481115,-1.16051740855085
Vegan,75+,pf_poultry,-36.4294822728586,-1.13821467865265,-0.164118822257201,-78.2074395268589,-1.04147940280421
Med,20-34,pf_redm,-8.5045742461409,-0.378365766431783,-0.169244952448676,-49.9665993546584,-0.432023219222008
Med,35-44,pf_redm,-11.8597359107285,-0.520032724727873,-0.229558606825903,-67.886634528590207,-0.504530172848986
Med,45-54,pf_redm,-16.1949103024787,-0.722678955830644,-0.320727689093549,-94.7469981258449,-0.644843487585869
Med,55-64,pf_redm,-21.4895911520312,-0.946847282805317,-0.407498516570391,-120.724399439037,-0.835220902097038
Med,65-74,pf_redm,-14.8690759180282,-0.652890147227787,-0.27730678316152,-82.2866092037131,-0.611017451312354
Med,75+,pf_redm,-2.18185109338392,-0.0971276759203442,-0.0406084328211174,-12.07364829703,-0.0544596133004934
US,20-34,pf_redm,-8.12461607706137,-0.361607770058336,-0.162536431741925,-47.962941167736,-0.447705301748015
US,35-44,pf_redm,-15.6829661789025,-0.688819694221118,-0.302862323061826,-89.5846031802797,-0.585479705722826
US,45-54,pf_redm,-14.9810923815226,-0.669372339846753,-0.297743316616865,-87.9282577425494,-0.586502806349574
US,55-64,pf_redm,-21.5642197253717,-0.950436400193812,-0.408701176128555,-121.082343604464,-0.800147756042061
US,65-74,pf_redm,-14.3059674360931,-0.627806422456037,-0.266464839600842,-79.0779929070922,-0.548000098967775
US,75+,pf_redm,-0.949495604731235,-0.0429757470969786,-0.0170982813473718,-5.11058195804966,-0.00965020072910371
Veg,20-34,pf_redm,-70.7824535757053,-3.12450221830518,-1.36562434313542,-404.134217817223,-3.17715365409075
Veg,35-44,pf_redm,-78.1052983652057,-3.44101959982045,-1.50126054040078,-444.257771495288,-3.16812252599833
Veg,45-54,pf_redm,-77.2717877072997,-3.41568637042027,-1.49687573171703,-442.811335498108,-3.26055154972141
Veg,55-64,pf_redm,-81.7280436898498,-3.60025221320286,-1.55212303991114,-459.821445537521,-3.15091833025594
Veg,65-74,pf_redm,-73.5218957537401,-3.23129677703213,-1.38288337647469,-410.061959926571,-2.55790435978688
Veg,75+,pf_redm,-59.3013270502165,-2.56241935033232,-1.08313729175338,-321.809811267463,-2.28270381276596
Vegan,20-34,pf_redm,-70.5019430444271,-3.11257401411378,-1.36115766045986,-402.7889866881,-3.15360339983103
Vegan,35-44,pf_redm,-75.8212244679917,-3.33999301287403,-1.45708075395293,-431.182363420266,-3.12379830320347
Vegan,45-54,pf_redm,-76.1260497119612,-3.36733565306119,-1.47643041381332,-436.757189880014,-3.1185460754019
Vegan,55-64,pf_redm,-81.7344444329956,-3.60053023503563,-1.55244789905831,-459.923313806664,-3.09696261150091
Vegan,65-74,pf_redm,-74.3310196083913,-3.26716786808662,-1.39844406928621,-414.668245065851,-2.62481623825532
Vegan,75+,pf_redm,-60.4879809841367,-2.61465915981564,-1.10602110467863,-328.579898643661,-2.31489669904694
Med,20-34,pf_seafood,3.83371418974423,11.092158730467,0.687395637311504,26.3281435344039,4.26178888266777
Med,35-44,pf_seafood,3.65591144868659,10.4197582680501,0.654107143514032,25.0882461247524,3.42493634441815
Med,45-54,pf_seafood,3.99882669616584,11.2695318923989,0.694367608402733,27.5354735393424,4.25980962249985
Med,55-64,pf_seafood,2.73065922672892,8.38048705649989,0.458383938788434,19.3243554683852,3.28589300048609
Med,65-74,pf_seafood,1.73997544400808,7.63546162220641,0.378281254430071,12.0971842130102,2.97954145479895
Med,75+,pf_seafood,2.8446864438059,9.43264383572158,0.50013719305899,20.041906003106,3.69202885509325
US,20-34,pf_seafood,1.3919734537943,4.10095944195389,0.252297574822759,9.55034832202299,1.5545775516234
US,35-44,pf_seafood,1.33039121697241,3.70815070106128,0.235983338908939,9.12532567049762,1.20687754927498
US,45-54,pf_seafood,1.39317431289719,3.94472524888779,0.244311820328631,9.57496054604184,1.5743834698038
US,55-64,pf_seafood,0.862022265678239,2.64014946204925,0.14664101590098,6.08245849594123,1.09766881298732
US,65-74,pf_seafood,0.515429391914942,2.33374488688092,0.115869709073225,3.57091104640706,0.904783109693536
US,75+,pf_seafood,1.04167404149958,3.38803618604294,0.184028106902662,7.32306351176322,1.30564414658607
Veg,20-34,pf_seafood,-1.31572962742354,-3.72855404524835,-0.231459704932836,-9.04368492269558,-1.37618072263809
Veg,35-44,pf_seafood,-1.36928925714755,-4.06436249279132,-0.243831508035735,-9.44616809768988,-1.34370244614472
Veg,45-54,pf_seafood,-1.64945599969163,-4.66540654827689,-0.285533381752236,-11.3709703841311,-1.67396743793765
Veg,55-64,pf_seafood,-1.35329099199155,-4.1747349650189,-0.224778740818509,-9.5987798682784,-1.62361062825947
Veg,65-74,pf_seafood,-0.809749172967457,-3.52916616188641,-0.171069799637933,-5.6668094386692,-1.29353079176157
Veg,75+,pf_seafood,-1.00770679962918,-3.49182106106693,-0.175844572481422,-7.14331800724651,-1.33271674188626
Vegan,20-34,pf_seafood,-1.33121226616666,-3.72525552024009,-0.234180656248651,-9.15077961113906,-1.42048446181893
Vegan,35-44,pf_seafood,-1.40451864136686,-4.18588800715762,-0.253157422049873,-9.65773897567023,-1.30677657816525
Vegan,45-54,pf_seafood,-1.62887829445964,-4.62059146871928,-0.281737158766153,-11.2348620468126,-1.67845749580429
Vegan,55-64,pf_seafood,-1.38336212651315,-4.3013405804382,-0.230318825260174,-9.81375859593291,-1.65883392132835
Vegan,65-74,pf_seafood,-0.82819358569015,-3.62721360850111,-0.174229774575231,-5.81228892723608,-1.3481893605606
Vegan,75+,pf_seafood,-1.05003418829202,-3.60424985233032,-0.181830610111162,-7.44537145015056,-1.40140516154795
Med,20-34,sat_fat,-14.5748902502639,-0.811186980024172,-0.216268873927089,-64.6829117186731,-0.0897139070852422
Med,35-44,sat_fat,-14.7597689832601,-0.822733657960794,-0.224840594501791,-66.9760960112053,-0.0820154493607881
Med,45-54,sat_fat,-14.486278054512,-0.811073035870572,-0.223069145306033,-66.3247566623191,-0.0811149563424113
Med,55-64,sat_fat,-15.2849126995541,-0.852000735866182,-0.234825238104927,-69.8107740853916,-0.0821116602981664
Med,65-74,sat_fat,-15.9071470499637,-0.9018551059128,-0.244929997572025,-72.6551426091437,-0.0927587671577932
Med,75+,sat_fat,-16.4818316835046,-0.969179941336568,-0.250159937165594,-73.7880974896378,-0.0994142219126411
US,20-34,sat_fat,-14.5236418375946,-0.808346326083911,-0.215478745813732,-64.4496402150946,-0.0891083409658856
US,35-44,sat_fat,-14.685121222024,-0.818896241019651,-0.223547600220783,-66.5918186434927,-0.0819735745486884
US,45-54,sat_fat,-14.9021162563686,-0.835947525332302,-0.229535491255844,-68.2263897104568,-0.0841061818384088
US,55-64,sat_fat,-15.5102261989626,-0.865750442204512,-0.238401032755513,-70.8586994288638,-0.0831472829479677
US,65-74,sat_fat,-15.9076911358899,-0.90166771829507,-0.244825320427472,-72.6301465834189,-0.0922678779984996
US,75+,sat_fat,-16.3975834173168,-0.964010828216682,-0.248850784197484,-73.4047285160569,-0.0984487664360942
Veg,20-34,sat_fat,-13.9650486226937,-0.777534437115467,-0.207246281914515,-61.9813890336155,-0.0856016208536897
Veg,35-44,sat_fat,-14.0179691153488,-0.781798004351457,-0.213288655594623,-63.5377950561623,-0.0778845486210725
Veg,45-54,sat_fat,-13.9992353831807,-0.784474887182559,-0.215464928780901,-64.0607759035884,-0.0778986193740452
Veg,55-64,sat_fat,-14.7478735148096,-0.823091315366307,-0.226663828057834,-67.3712275606003,-0.0790663090005131
Veg,65-74,sat_fat,-15.2884975901549,-0.866401891190375,-0.235338575717215,-69.8147271582811,-0.0888343190502122
Veg,75+,sat_fat,-15.5917769695113,-0.915985753391661,-0.236497495937311,-69.7723207732085,-0.0936459016746495
Vegan,20-34,sat_fat,-14.0544416993905,-0.782400531093341,-0.208435230649102,-62.3432203027547,-0.0858256116673271
Vegan,35-44,sat_fat,-14.1378861715118,-0.788933279023372,-0.215246548971936,-64.1118838967234,-0.0786518644691885
Vegan,45-54,sat_fat,-13.80750758663,-0.773873071607822,-0.212545979609884,-63.1901673572386,-0.0776205012174245
Vegan,55-64,sat_fat,-14.8202506802417,-0.827035445028941,-0.227874332041962,-67.7283164883429,-0.0799679605457334
Vegan,65-74,sat_fat,-15.051036919634,-0.852617926028123,-0.231502029789087,-68.686265066016,-0.0871232696020895
Vegan,75+,sat_fat,-15.8900320925013,-0.93418153541197,-0.241131638939836,-71.1277610027966,-0.095768224462271
Med,20-34,veg_dg,2.65494317473871,0.0476315276040347,0.00547104450099308,34.9822997210157,0.0843532471365379
Med,35-44,veg_dg,1.04991719130049,0.0177414911822401,0.00202116151984545,13.7332351023461,0.0284989234369344
Med,45-54,veg_dg,1.61767777260861,0.0233799414427909,0.00265123609283295,20.3667366883341,0.0448622024868482
Med,55-64,veg_dg,3.17186255700995,0.0461497548987434,0.00525246372094585,37.920229528947,0.0807506715282647
Med,65-74,veg_dg,3.66479447946304,0.0536810902790542,0.00593795973249863,43.9692721337072,0.0788750413464999
Med,75+,veg_dg,4.89032183040128,0.0862302700365887,0.00998092321888422,62.1948434420549,0.165381694449891
US,20-34,veg_dg,2.66386857986203,0.049643745675583,0.00570037317327528,35.6191038732695,0.0915316359197656
US,35-44,veg_dg,1.16659885980742,0.0206517036144167,0.00234171477437118,15.4298217982616,0.0338892719884654
US,45-54,veg_dg,1.80131617325603,0.026518134829572,0.00300683543205226,22.6636704266143,0.0496567365331484
US,55-64,veg_dg,2.64547055387623,0.0391066941711308,0.00444456308350664,31.4455271565846,0.0648143006626756
US,65-74,veg_dg,3.50057740692061,0.0526371295686423,0.00589580313926406,42.3242290672563,0.0828251342568732
US,75+,veg_dg,4.98358673346613,0.0848959803444614,0.0097799237637487,62.8320575899717,0.158440913386452
Veg,20-34,veg_dg,2.57308296649193,0.0475958014459453,0.00545539931262315,34.4214479196185,0.086507129103565
Veg,35-44,veg_dg,0.95681497788819,0.0169637374681861,0.00193403651815203,12.8916590085878,0.0249054714560595
Veg,45-54,veg_dg,2.35090994820978,0.0364282120265543,0.00414932604915975,29.8866965429497,0.0666897708521775
Veg,55-64,veg_dg,3.3247754746778,0.0492341691983404,0.00560745183624274,39.4533312249516,0.0848495725622533
Veg,65-74,veg_dg,3.51034484910167,0.0520893020636103,0.00577445388770327,42.2644078829223,0.0783600838288378
Veg,75+,veg_dg,4.88979694965971,0.0851029715491508,0.00986871966101165,61.8482797754163,0.165940122603427
Vegan,20-34,veg_dg,2.58355285297465,0.0475598778712125,0.00545177771926007,34.2443013129616,0.0862806820306971
Vegan,35-44,veg_dg,0.617848072650127,0.0109876546941053,0.00123602227209942,8.40221452429627,0.0140466393232474
Vegan,45-54,veg_dg,1.80191085617839,0.0275129777066529,0.00315571720335943,22.5854370545251,0.0530312446214327
Vegan,55-64,veg_dg,3.04427031176508,0.0442645564034103,0.00502856135631104,36.0809343727944,0.0745726431105297
Vegan,65-74,veg_dg,3.62206248099035,0.0542712131468421,0.00602873289368278,43.7517474883948,0.0821452000590776
Vegan,75+,veg_dg,5.08813749447397,0.0882095366805424,0.0102273464559063,64.3404412179851,0.170623826105912
Med,20-34,veg_oth,2.98902215963363,0.0554518367155651,0.00885423424458835,26.299559728159,0.323212831856269
Med,35-44,veg_oth,0.911826346193793,0.0166723970296473,0.00180491927361667,7.96743979832842,0.106052295100021
Med,45-54,veg_oth,-0.39544693488074,-0.0114707600491712,-0.00260443626560934,-4.50512831362445,-0.0337313152590315
Med,55-64,veg_oth,-0.795001855507464,-0.0162985032177623,-0.00309434387577359,-7.23537860931134,-0.0557891710177281
Med,65-74,veg_oth,-1.2844976929195,-0.0276665028488981,-0.00497894117001386,-11.9946254146782,-0.159868963340429
Med,75+,veg_oth,1.46834474373668,0.0279432934554489,0.0041523501966575,13.7014481703798,0.140072465816349
US,20-34,veg_oth,2.88257509204848,0.0544325675782449,0.00845137038462238,25.5259523443795,0.326008926460397
US,35-44,veg_oth,0.900242811644408,0.0163261608007644,0.00187173270543906,7.99581591063486,0.1021021291756
US,45-54,veg_oth,-1.18269960401197,-0.0228045778184397,-0.00430854201632304,-11.1656170385921,-0.0777438392014426
US,55-64,veg_oth,-1.54252400290293,-0.0306489911582029,-0.00543011211417962,-13.8870108377201,-0.0971092700123159
US,65-74,veg_oth,-1.87870217674356,-0.0418578670941134,-0.00735941807287972,-17.5649493625668,-0.232679603799751
US,75+,veg_oth,0.728564461957803,0.0135616603428954,0.00186906007831661,6.70116860055084,0.0803833487853725
Veg,20-34,veg_oth,2.84702214326186,0.0529601110576967,0.00817588848874014,25.2125639183074,0.323013948046489
Veg,35-44,veg_oth,0.430097101840914,0.00762823233353371,3.4849131053953e-4,3.30593266965712,0.0663391881846715
Veg,45-54,veg_oth,-0.886284214976159,-0.0181459018674836,-0.00377327728121049,-8.55477296029198,-0.0931486185656699
Veg,55-64,veg_oth,-1.19359902379381,-0.0241821431584507,-0.00445751006260893,-10.8411367273128,-0.101312783830152
Veg,65-74,veg_oth,-1.33768916287658,-0.0285016493267066,-0.00496569197821268,-12.1334615041288,-0.163085295908221
Veg,75+,veg_oth,0.886336360682422,0.0165968748673563,0.00232579961641216,8.28617868629179,0.089771095695615
Vegan,20-34,veg_oth,2.99619147913587,0.0555637853799042,0.00866176738123134,26.5904825593316,0.335761063360145
Vegan,35-44,veg_oth,0.592469277611545,0.0106326318887632,8.5164031899205e-4,5.03398552153652,0.0637564188191219
Vegan,45-54,veg_oth,-0.766936975607478,-0.0181185256733327,-0.0039007258025334,-7.82068983172258,-0.0655648795854293
Vegan,55-64,veg_oth,-0.30273263170949,-0.0076467056929125,-0.00150223653437952,-2.80736526764841,-0.010091655816854
Vegan,65-74,veg_oth,-2.02768579412504,-0.0434185575986454,-0.00774641572466248,-18.7075064030893,-0.248431774563233
Vegan,75+,veg_oth,1.27523575516625,0.0238603254317892,0.0034571896567442,11.5902822742251,0.100114641953849
Med,20-34,veg_ro,8.31731905083131,0.517302149626251,0.0627160625648039,64.4237672711924,0.573208085889508
Med,35-44,veg_ro,9.07139095046034,0.493503538723955,0.0590014214876483,70.7886889467942,0.539929867527904
Med,45-54,veg_ro,9.39117408110242,0.501728076117891,0.0605554583141271,72.4400158430827,0.478430837993609
Med,55-64,veg_ro,7.34397267611482,0.437388671002242,0.0524100951229031,57.0838035837166,0.423445045970272
Med,65-74,veg_ro,8.07897337674515,0.410863032358766,0.0497786849437172,61.0955734264449,0.430920271730335
Med,75+,veg_ro,7.14280297970958,0.330748205407337,0.0401105442771246,53.7876746051689,0.382394065882988
US,20-34,veg_ro,8.38598433392117,0.519912116477935,0.0630376390543792,64.9640174514088,0.580210216363893
US,35-44,veg_ro,8.90988486026078,0.488148058797642,0.0582530377584801,69.5317262356272,0.535443733106404
US,45-54,veg_ro,9.22787582521183,0.494227139922198,0.059648537555592,71.1762731854191,0.474729103347666
US,55-64,veg_ro,7.38250746982767,0.43983471616265,0.0526782272393651,57.3863579657715,0.422376958161581
US,65-74,veg_ro,8.11472224925819,0.413490513039482,0.0501037642799909,61.4250242813699,0.432517556552529
US,75+,veg_ro,7.24543995843307,0.335938128049979,0.0407352974866319,54.5636651645556,0.384971142577619
Veg,20-34,veg_ro,8.3822744643002,0.520446368930038,0.0630939237610749,64.9388773419086,0.579345724461261
Veg,35-44,veg_ro,9.00652463463502,0.49203315405514,0.0588307157139633,70.2745472551321,0.538573091002473
Veg,45-54,veg_ro,9.25348153135286,0.495514479062909,0.0597715574433986,71.4568780100407,0.476400395924826
Veg,55-64,veg_ro,7.3162250774505,0.434903372902343,0.0521674871690893,56.8697796585766,0.419922542136937
Veg,65-74,veg_ro,8.00153829376409,0.409923962716678,0.0496144662050515,60.5037373061916,0.427024847245206
Veg,75+,veg_ro,7.05609526281646,0.326448080304192,0.0395869455768552,53.1264071429622,0.376849143178241
Vegan,20-34,veg_ro,8.29179650441759,0.514883661976631,0.0624233025243776,64.2292118586867,0.574758031602586
Vegan,35-44,veg_ro,9.03490061359288,0.494227049244465,0.0590374071589868,70.5170378245733,0.540333233680001
Vegan,45-54,veg_ro,9.42585554185727,0.502982788370214,0.0606449067464613,72.7261098949924,0.47649025666059
Vegan,55-64,veg_ro,7.32523023625131,0.43546974293661,0.0521999190203383,56.932685374988,0.419426941192104
Vegan,65-74,veg_ro,8.14384656042678,0.414912611183747,0.050194101034036,61.5890495294503,0.43796833388503
Vegan,75+,veg_ro,7.05494132153313,0.326656187355579,0.0396114865767684,53.1047289923872,0.375132137915614
Med,20-34,veg_sta,12.1399730981644,0.321452886171663,0.0353852843120179,55.1028544045751,0.227774646956861
Med,35-44,veg_sta,12.7270665054051,0.323425319268059,0.0369588048753054,56.3343283175182,0.233930418811676
Med,45-54,veg_sta,15.813678158022,0.4108612439361,0.0467672664177039,68.9103221919775,0.246488207845917
Med,55-64,veg_sta,11.1766418861357,0.285405560012577,0.0330105524909112,49.3684854638872,0.190074097229439
Med,65-74,veg_sta,12.8309608150757,0.320496705245888,0.0371514018559203,54.8157068518027,0.176436417913119
Med,75+,veg_sta,9.76567758182645,0.23125430482075,0.0269422723669383,42.4655460165349,0.147660982375516
US,20-34,veg_sta,12.1772955080558,0.325094286081069,0.0356031074800148,55.4801728402086,0.231853936509567
US,35-44,veg_sta,12.3973759009004,0.314975875898898,0.0359202824382552,54.8425508631765,0.227964209128147
US,45-54,veg_sta,15.8770345158615,0.413337213269093,0.0470154090535235,69.3445641728564,0.250124041121096
US,55-64,veg_sta,10.7625249545394,0.275268970664885,0.0317070113087927,47.6321910480316,0.183998418826252
US,65-74,veg_sta,12.5580854503535,0.311677778612839,0.0364436787758626,53.3851769557425,0.17075080123725
US,75+,veg_sta,9.84888702982967,0.233101419336997,0.0271830120424706,42.877034052629,0.152143082672509
Veg,20-34,veg_sta,11.6852312173058,0.309376437821611,0.0340671401426419,52.9943403874187,0.218901066247913
Veg,35-44,veg_sta,12.7079110494004,0.321952488929315,0.036898140558762,56.1510047697148,0.234542570384006
Veg,45-54,veg_sta,15.9740432741096,0.414608211438488,0.0472964288269311,69.529418989366,0.25178830745275
Veg,55-64,veg_sta,10.3119036999892,0.263802027829448,0.0306899840595893,45.3885312516931,0.176618784902246
Veg,65-74,veg_sta,13.2390485464589,0.32840491276542,0.03845407702568,56.3469657227905,0.18100131393364
Veg,75+,veg_sta,9.44257991625143,0.223376454887979,0.0262354398028686,40.9508043178954,0.146369140687342
Vegan,20-34,veg_sta,12.4858696658125,0.332250337071748,0.0364179237970387,56.8062563208478,0.236907401089462
Vegan,35-44,veg_sta,12.7412991765658,0.323669839450522,0.0369603888573263,56.3976751334277,0.237801107491159
Vegan,45-54,veg_sta,16.088240683682,0.417899481765798,0.0477293480198334,70.0861623614314,0.252849428751256
Vegan,55-64,veg_sta,10.5412613650452,0.268785746068549,0.0313023282701719,46.3892700218033,0.179153229354807
Vegan,65-74,veg_sta,12.2262235290251,0.302458230291561,0.0356902251069116,51.8083845654743,0.167215191511211
Vegan,75+,veg_sta,10.1137699681744,0.238387578694171,0.0281657772666916,43.7336977223957,0.151224971298214
