diet_pattern,race_gp,food,BLUEWATER,CED,GHG,WATER,Food_price
Med,HIS,added_sugar,-6.04995248985934,-0.340051978829965,-0.0338020639362872,-21.8289139352635,-0.417810960791022
Med,NHB,added_sugar,-8.36514458126106,-0.487071762332251,-0.0476224743795138,-29.9263881390986,-0.636353591377627
Med,NHW,added_sugar,-6.77726573405707,-0.36719205897362,-0.0369309195316533,-24.6431596385781,-0.519870620757902
Med,OTH,added_sugar,-4.66530795660136,-0.246635754021331,-0.0253872777183314,-17.090171435378,-0.328741713165873
US,HIS,added_sugar,-6.04112063212573,-0.339615002118367,-0.0337518363795242,-21.8041565576867,-0.417344727759
US,NHB,added_sugar,-8.37230830375898,-0.487620095365737,-0.047663159618735,-29.9556163207831,-0.63668124760435
US,NHW,added_sugar,-6.79610480787138,-0.36835065277561,-0.037040200206053,-24.7174880553613,-0.520557919916338
US,OTH,added_sugar,-4.67422862223191,-0.246837073472015,-0.0254322101084631,-17.1159257229286,-0.328668842387871
Veg,HIS,added_sugar,-5.79229493091875,-0.325635969001462,-0.0323513740896811,-20.9013574769109,-0.399985984324429
Veg,NHB,added_sugar,-8.11872155119215,-0.472756347963397,-0.0462167649767577,-29.0454242464553,-0.617255209461688
Veg,NHW,added_sugar,-6.54874824889802,-0.354906529078619,-0.0356880663659289,-23.812107787494,-0.500672817502569
Veg,OTH,added_sugar,-4.3918542929376,-0.232128879214926,-0.023890716126211,-16.083750808692,-0.31029848951214
Vegan,HIS,added_sugar,-5.80509960751996,-0.326249692910002,-0.0324150944762364,-20.9481714660642,-0.400627203648823
Vegan,NHB,added_sugar,-8.14212663337488,-0.474119629187891,-0.0463603629429305,-29.131258040586,-0.617739795931035
Vegan,NHW,added_sugar,-6.54600469765846,-0.354857467684275,-0.0356789311634919,-23.8070102706318,-0.50201331192372
Vegan,OTH,added_sugar,-4.40994734642038,-0.233158158475923,-0.0240028127431766,-16.1386046713889,-0.311100177337958
Med,HIS,dairy,15.3012205533752,1.23850443453344,0.229513851826403,63.8906941093713,0.687536579945483
Med,NHB,dairy,22.4724148864998,1.82081747727216,0.33726868552337,93.740019707659,1.11029073519203
Med,NHW,dairy,10.6619128205043,0.862296148297405,0.159855115567038,44.5550747541365,0.475065561643953
Med,OTH,dairy,15.298513613767,1.24111681921157,0.229759596833425,63.740689647984,0.730675339839209
US,HIS,dairy,37.1707768127509,3.00873655304944,0.55755970090062,155.204476647355,1.66770436659814
US,NHB,dairy,45.4005411022555,3.67856933151299,0.681377811813282,189.384430214168,2.25067085383264
US,NHW,dairy,32.7196062962938,2.64632967174656,0.490577287319432,136.72248799602,1.46388359043434
US,OTH,dairy,33.8456931666599,2.74596244347448,0.508326805045468,141.004908206874,1.62451348012518
Veg,HIS,dairy,37.1801108115289,3.00948100519485,0.557697458298878,155.244296674612,1.66757972023965
Veg,NHB,dairy,45.4221779804043,3.68032917264477,0.681703221786595,189.480328128311,2.25003484474726
Veg,NHW,dairy,32.7290257592891,2.64711284279828,0.490720172760677,136.761730762092,1.46307820944785
Veg,OTH,dairy,33.8782710234388,2.74860921551304,0.508823191154198,141.141529342177,1.62518349731784
Vegan,HIS,dairy,-28.3299554663643,-2.29309055322578,-0.424942368297755,-118.289549052098,-1.27003941769676
Vegan,NHB,dairy,-23.4112755424571,-1.89690300580385,-0.351361414535993,-97.657609999204,-1.16612495065191
Vegan,NHW,dairy,-33.4959820377981,-2.70924769748566,-0.502229636247943,-139.960937515982,-1.5015464875414
Vegan,OTH,dairy,-21.8060977426079,-1.76935514680839,-0.327528495248398,-90.8335514738467,-1.05465700107165
Med,HIS,fruit_exc_juice,71.5654302835405,1.18912627654725,0.156319715963386,529.200306916129,1.73909888618508
Med,NHB,fruit_exc_juice,92.7720666783025,1.59002353826301,0.224549588700313,679.999377403537,2.41431137072736
Med,NHW,fruit_exc_juice,89.8355970058376,1.45821136687725,0.186345685835028,669.046273528374,2.26395831693052
Med,OTH,fruit_exc_juice,81.6241103928298,1.17569682776252,0.161444114156997,598.709591036462,1.90688421789025
US,HIS,fruit_exc_juice,46.9915639436495,0.781770281687415,0.103143684475649,347.788281830524,1.14419708571628
US,NHB,fruit_exc_juice,66.989099296159,1.1519005733829,0.162115463998897,491.04477529492,1.75182563775708
US,NHW,fruit_exc_juice,61.8437930207288,1.00672131247021,0.128537758669207,460.506536452762,1.5628868555805
US,OTH,fruit_exc_juice,51.4646479367941,0.738862592625249,0.101737618032243,378.276727012124,1.20300679251262
Veg,HIS,fruit_exc_juice,47.1510153078142,0.784121780802445,0.103413415946192,348.789580114129,1.14784531603921
Veg,NHB,fruit_exc_juice,66.9570415869624,1.15095199321507,0.161840951677706,490.724604576287,1.75017430991596
Veg,NHW,fruit_exc_juice,61.7864000237962,1.00674751631564,0.128521722216616,460.048243943782,1.56178080678562
Veg,OTH,fruit_exc_juice,51.4845290926174,0.74024027909834,0.101748298224864,378.305921491306,1.20355751237662
Vegan,HIS,fruit_exc_juice,47.0477976126993,0.783104611622035,0.103196013902873,348.142270215093,1.14620486277132
Vegan,NHB,fruit_exc_juice,66.9901053938986,1.15219955357029,0.16203503701099,491.070603464598,1.75233416734078
Vegan,NHW,fruit_exc_juice,61.8069529182207,1.00647915242352,0.128554554333726,460.48271237246,1.56236933119426
Vegan,OTH,fruit_exc_juice,51.2501639621761,0.736176314206683,0.101435525307192,376.834207293375,1.1985034807243
Med,HIS,fruit_juice,25.1763461748656,0.654835375461976,0.0842301311975845,206.280775953589,0.19096771600513
Med,NHB,fruit_juice,23.8168458417279,0.607098548002813,0.0794930404862267,195.917085955362,0.148651104693167
Med,NHW,fruit_juice,40.2307346987171,0.971611158113256,0.122555040482433,345.737384235247,0.264721049517189
Med,OTH,fruit_juice,36.5154217318849,0.954214941148753,0.121545364804262,314.50236522823,0.2894724590465
US,HIS,fruit_juice,14.8319889320236,0.385610341587639,0.049573331739934,121.644065338035,0.112660856891464
US,NHB,fruit_juice,13.0124057825825,0.331352081827496,0.0432673805409492,107.394932009571,0.0813992188168083
US,NHW,fruit_juice,28.5742230969122,0.69043370303359,0.0870949093266725,246.166955400338,0.1879483733108
US,OTH,fruit_juice,25.5196398080496,0.665176577287767,0.0846572766507643,220.608571137118,0.203005540281224
Veg,HIS,fruit_juice,14.7295486381156,0.383206087195662,0.0493065488788721,120.868101437445,0.112215341412865
Veg,NHB,fruit_juice,12.9190767893707,0.328770356468261,0.0429611169839606,106.505602115906,0.0808575673989411
Veg,NHW,fruit_juice,28.6349373717195,0.692053726942068,0.0873149278734057,246.706994514159,0.18838458349784
Veg,OTH,fruit_juice,25.6019893236207,0.66771743392066,0.0849007913832672,221.219395883595,0.20373234470411
Vegan,HIS,fruit_juice,14.8094116684892,0.384998168050982,0.0495375132977617,121.441498918154,0.112703528034698
Vegan,NHB,fruit_juice,12.9647788554715,0.329627368569905,0.0430697086222682,107.13499307187,0.0810829568838311
Vegan,NHW,fruit_juice,28.6232054446565,0.691596144498976,0.0872356044286219,246.579741858264,0.188270046138834
Vegan,OTH,fruit_juice,25.6119922053593,0.667557899528091,0.084894722756272,221.161298574974,0.203599513887919
Med,HIS,gr_refined,-43.7015372556271,-0.563884432595506,-0.0952515915267159,-137.769430978665,-1.44300369548775
Med,NHB,gr_refined,-27.969922598912,-0.31476031182398,-0.0552896241327794,-87.7678036854266,-0.924801674196369
Med,NHW,gr_refined,-24.3497321736058,-0.281461928414868,-0.0469443496259538,-75.9093539364277,-0.980068941060001
Med,OTH,gr_refined,-45.3024615707176,-0.477923122585135,-0.098914829116361,-145.769000930487,-0.949989618298655
US,HIS,gr_refined,-43.7707655166022,-0.564630797363389,-0.0953889351269059,-137.989279967102,-1.44270798675661
US,NHB,gr_refined,-28.0087135686681,-0.315320720472455,-0.0553722454302415,-87.8949289447494,-0.927248167350014
US,NHW,gr_refined,-24.3643003726732,-0.281602878825665,-0.046948286294419,-75.937770682675,-0.980182533365481
US,OTH,gr_refined,-45.2783369349478,-0.477650253132499,-0.0989146077919891,-145.716591383911,-0.949895170405356
Veg,HIS,gr_refined,-43.7746078264706,-0.5647310773884,-0.0954041110080243,-137.991646026299,-1.44526982342171
Veg,NHB,gr_refined,-27.9758687824334,-0.314907673671608,-0.0552925743867238,-87.7869023843027,-0.926355954000704
Veg,NHW,gr_refined,-24.3687189887826,-0.281652844832924,-0.0469651568486134,-75.9660273637334,-0.980347659915183
Veg,OTH,gr_refined,-45.2402355938442,-0.477308201422305,-0.0988088132259564,-145.585072301067,-0.950703616970764
Vegan,HIS,gr_refined,-43.7628470876317,-0.564626383254871,-0.0953735762862387,-137.961044195404,-1.44557624176832
Vegan,NHB,gr_refined,-27.9565101063172,-0.314702670085282,-0.0552573402950551,-87.7376520538955,-0.924815556744114
Vegan,NHW,gr_refined,-24.3468610100965,-0.281390229660214,-0.0469171174880734,-75.8932143153671,-0.980074924204294
Vegan,OTH,gr_refined,-45.1539214094052,-0.47637404113426,-0.0986307650786447,-145.304513808386,-0.948498107889173
Med,HIS,gr_whole,28.6699362285328,0.49977852896939,0.0791822881188727,138.987506542476,0.687275272034691
Med,NHB,gr_whole,27.675888713431,0.515192310049192,0.0779882776850878,127.168638045889,0.806987764805792
Med,NHW,gr_whole,26.1751720126776,0.415230251312008,0.0645831684277673,121.112273820248,0.778355601109996
Med,OTH,gr_whole,27.8263238682198,0.425587625852128,0.0767325140871029,119.470018041329,0.546577610111981
US,HIS,gr_whole,28.6597110386826,0.499715501097014,0.0791649323915647,138.872767095395,0.68711974080255
US,NHB,gr_whole,27.6517174667224,0.514711839524213,0.0779231161208931,127.062980855232,0.806749065318619
US,NHW,gr_whole,26.1817113385256,0.415334643689187,0.0646021165768857,121.140843855399,0.778972445111696
US,OTH,gr_whole,27.8241848952347,0.425362391102509,0.0767392603536911,119.446098658765,0.546386573135886
Veg,HIS,gr_whole,34.8207342752812,0.606798709191585,0.0961934484416515,168.597089920675,0.833123916738978
Veg,NHB,gr_whole,33.7774236422097,0.628623066743572,0.0951672955544868,155.056639628106,0.982569911213963
Veg,NHW,gr_whole,32.4718086608505,0.515145226299863,0.0801343192651112,150.198419495185,0.96479671401198
Veg,OTH,gr_whole,35.2648420144206,0.538969597471109,0.0972305034707421,151.257522206582,0.692596448474542
Vegan,HIS,gr_whole,34.8138452665741,0.606542225391243,0.0961646328849198,168.531594144541,0.83273480604859
Vegan,NHB,gr_whole,33.7588550392769,0.628200165721573,0.0951036568909427,155.019549919368,0.98180590069746
Vegan,NHW,gr_whole,32.4788996827411,0.515260009458963,0.0801407541114017,150.197996626148,0.964892028341013
Vegan,OTH,gr_whole,35.2729456900434,0.539155406654082,0.0972684545303514,151.307987442603,0.692694062965313
Med,HIS,leg_tot,-1.6221267151722,-0.0161451383035382,-0.0019562661979586,-8.21052123602348,-0.0118904061950001
Med,NHB,leg_tot,6.21045032567497,0.119265138751699,0.0189954476107828,25.7493179831836,0.121339753660282
Med,NHW,leg_tot,4.85759097480417,0.0901868565593377,0.0148422562407904,19.7543011294174,0.102804198773828
Med,OTH,leg_tot,2.65758711230784,0.0416914306367784,0.0105371568805172,8.02089009089285,0.0631529213916083
US,HIS,leg_tot,-1.64333742963159,-0.0164268187381781,-0.00200276147063861,-8.27831423380702,-0.0120427289334305
US,NHB,leg_tot,6.22053220807839,0.119469116737594,0.0190312433550422,25.7852296552477,0.121645518774014
US,NHW,leg_tot,4.84972252397503,0.0900051339221134,0.0148091299591089,19.7256837241388,0.102641469124691
US,OTH,leg_tot,2.64190622645058,0.0416407592792473,0.010544621208579,7.99558619544596,0.0631601017951062
Veg,HIS,leg_tot,31.6810097044009,0.364640644421109,0.048033421712642,152.917417119908,0.29700609086136
Veg,NHB,leg_tot,27.9407857379493,0.538955851985046,0.0856724028517709,115.717185455343,0.551295959837563
Veg,NHW,leg_tot,27.061100835504,0.48796256206032,0.0799872880032856,110.861276214709,0.568836429657891
Veg,OTH,leg_tot,24.6899698842933,0.384836824042952,0.0910626225999502,79.4342897580776,0.573261272905637
Vegan,HIS,leg_tot,36.2766621954509,0.417234653747799,0.0549748694264943,175.183593639096,0.340045354830383
Vegan,NHB,leg_tot,30.9632767242839,0.597360521933314,0.0949547625816543,128.236727849827,0.611296125663349
Vegan,NHW,leg_tot,30.1582747457064,0.543446389574298,0.0890918019753125,123.593617888945,0.634047800877301
Vegan,OTH,leg_tot,27.7864397306378,0.43300749908141,0.102390033220437,89.4638242982677,0.644990586077869
Med,HIS,oil,0.511425688601001,0.0167449589338351,0.00197806450255253,1.3301928196028,0.0105191458031909
Med,NHB,oil,-1.06620100693536,-0.0354069554388754,-0.00412936113532988,-2.76486555026583,-0.0223078454797098
Med,NHW,oil,-0.319471308182053,-0.0102299409355957,-0.00125905311035353,-0.887908598201777,-0.00772209119278939
Med,OTH,oil,-0.386717404319631,-0.0124228793313766,-0.0015528742436591,-1.14677000280751,-0.0112380006328717
US,HIS,oil,0.518740361410425,0.0169653607627087,0.00200041619218528,1.34950751034741,0.0105734953722219
US,NHB,oil,-1.06454472861369,-0.0353734640143355,-0.00412422949141183,-2.75935829680883,-0.0223894293502583
US,NHW,oil,-0.328470846742979,-0.0104716434911753,-0.00129197221819307,-0.911643288097046,-0.00811863466086821
US,OTH,oil,-0.382238978808934,-0.0123071616706726,-0.00154262895792954,-1.13654574427105,-0.0111740457949397
Veg,HIS,oil,0.518508121662449,0.0169693199503324,0.00200251685684798,1.34866001232426,0.0107211216177849
Veg,NHB,oil,-1.06218543808328,-0.0352860886546785,-0.00411121791529491,-2.7530925040266,-0.0223405458877909
Veg,NHW,oil,-0.318965308822612,-0.010213115196076,-0.0012542885025743,-0.886344924347632,-0.00777887240079378
Veg,OTH,oil,-0.379365564898657,-0.0121831904506815,-0.00152455791638711,-1.13380017419205,-0.0111703440667814
Vegan,HIS,oil,0.50994878286154,0.0166901959803757,0.00196686589988629,1.32741469355293,0.0104351511824887
Vegan,NHB,oil,-1.0610487001742,-0.0352160060372301,-0.00410734577307375,-2.74856309555837,-0.0223540944894211
Vegan,NHW,oil,-0.317941185990047,-0.0101552663445807,-0.00124733964417911,-0.885714564680433,-0.00768617006257821
Vegan,OTH,oil,-0.38940847497659,-0.0124744973797561,-0.00156607718153374,-1.15739631896293,-0.0111744390146393
Med,HIS,pf_egg,-8.68583104055199,-0.444017741046133,-0.0724670754807235,-19.9315384171942,-0.47735951420745
Med,NHB,pf_egg,-3.13205065441951,-0.160109729273416,-0.0261311266732681,-7.18717502697281,-0.12888273014722
Med,NHW,pf_egg,-3.27873145778665,-0.167608019150555,-0.0273549046629104,-7.52376620100413,-0.23056543327360501
Med,OTH,pf_egg,-2.7215420336165,-0.139124620348556,-0.0227061971448981,-6.24517324177523,-0.163976051108092
US,HIS,pf_egg,-8.67378817679228,-0.44340211254296,-0.0723666002224547,-19.9039034332117,-0.477886010352202
US,NHB,pf_egg,-3.10160834353597,-0.158553525146531,-0.0258771423129569,-7.11731848865763,-0.129485453202718
US,NHW,pf_egg,-3.2758732553411,-0.1674619084805,-0.0273310582892712,-7.51720743056736,-0.231059577370198
US,OTH,pf_egg,-2.72478571067114,-0.139290436394454,-0.0227332595858846,-6.25261656798382,-0.164615602060464
Veg,HIS,pf_egg,-9.86879628840279,-0.504490660060387,-0.0823367162217008,-22.6461108252531,-0.548837431916555
Veg,NHB,pf_egg,-4.35998582697763,-0.22288150078553,-0.0363759576422055,-10.0049407596241,-0.21131550238587
Veg,NHW,pf_egg,-4.52824487429127,-0.231482865669324,-0.037779765870234,-10.3910479323189,-0.322369325263839
Veg,OTH,pf_egg,-3.9403292671542,-0.201428751262998,-0.0328747056083215,-9.0419470282129,-0.239345126066719
Vegan,HIS,pf_egg,-23.015691666089,-1.17655701273481,-0.192023061169462,-52.8145367437166,-1.30842525794629
Vegan,NHB,pf_egg,-17.455272743949,-0.892309640485456,-0.145631726148795,-40.0549397811578,-1.02750402210956
Vegan,NHW,pf_egg,-17.6402939356333,-0.901767882442248,-0.147175383238223,-40.4795113590339,-1.27030741962162
Vegan,OTH,pf_egg,-17.0419667515176,-0.871181530548319,-0.142183457766607,-39.1065188151338,-1.05205440588876
Med,HIS,pf_ns,12.1348726308342,0.0345685045708547,0.0054694541004546,73.1843247321399,0.0474162000154103
Med,NHB,pf_ns,5.57413737480487,0.0140095171179227,0.00290451319687546,30.4478441839534,0.0347107871600641
Med,NHW,pf_ns,-15.371028896871,-0.0387931896141747,-0.00687764977751007,-89.4350991574514,-0.0577168973754058
Med,OTH,pf_ns,-16.6583691835364,-0.041014176156447,-0.00684889143695913,-96.3301923332963,-0.055692060181316
US,HIS,pf_ns,12.1999752339628,0.0347903773079702,0.00551346911160128,73.6555056804696,0.0476117845702292
US,NHB,pf_ns,5.77113924147244,0.0144176915289221,0.00298198011167393,31.478058087759,0.0356371456239729
US,NHW,pf_ns,-15.3858188981013,-0.0388156028142116,-0.0068823962020345,-89.4946834141937,-0.0583067919930355
US,OTH,pf_ns,-16.8448302038114,-0.0417143515418672,-0.00695290956434412,-97.2435537012488,-0.0565938353911437
Veg,HIS,pf_ns,35.0161516733537,0.0989822309536229,0.0157698597479261,211.127514956259,0.137141443367199
Veg,NHB,pf_ns,27.2686497170921,0.0633229102260087,0.0130038101844339,146.704432268017,0.138984060690656
Veg,NHW,pf_ns,6.27928764920336,0.0191190367156416,0.00321996180545068,37.3284834465415,0.0354542452968483
Veg,OTH,pf_ns,10.8111310401992,0.0257700249281252,0.00443589873484029,63.2396011737504,0.032277496874993
Vegan,HIS,pf_ns,43.79618888184,0.123511066755185,0.0196930837862448,264.004496384959,0.171353795557024
Vegan,NHB,pf_ns,35.3491466667016,0.0817349816308771,0.0167733168059423,189.862489595566,0.178089238747052
Vegan,NHW,pf_ns,14.455847209053,0.0407012121790791,0.00704322847848545,84.8932741434415,0.0706329240781197
Vegan,OTH,pf_ns,21.2455896762493,0.0511108458573176,0.0087448137808136,123.716229235368,0.0657742784058571
Med,HIS,pf_poultry,-14.9098667001133,-0.465824397497668,-0.0679193379316909,-32.0119352540163,-0.495715128982791
Med,NHB,pf_poultry,-29.302821743676,-0.915500898557972,-0.133616570279927,-62.9144803375663,-1.12349836058059
Med,NHW,pf_poultry,-5.12604337636939,-0.160165689901653,-0.0231090921669309,-11.0048555115778,-0.193908475651396
Med,OTH,pf_poultry,-13.0812891122718,-0.408339232948541,-0.0597370738046464,-28.0869005934428,-0.445726113185469
US,HIS,pf_poultry,-14.7967172487446,-0.46229771062685,-0.0674132163768807,-31.7688681272671,-0.492004224177435
US,NHB,pf_poultry,-29.4913017419021,-0.921395984218436,-0.134446897927821,-63.3189903925247,-1.12812484133394
US,NHW,pf_poultry,-5.1405726238177,-0.160619615414458,-0.0231476209514306,-11.0361304614087,-0.193151047596043
US,OTH,pf_poultry,-13.020457000509,-0.406489205526296,-0.0594737408683932,-27.9564151133851,-0.4429097095369
Veg,HIS,pf_poultry,-53.7814169425196,-1.68027629135191,-0.244956302605707,-115.470056280935,-1.7602216762889
Veg,NHB,pf_poultry,-68.4818817491828,-2.13960311355521,-0.311859543507675,-147.032271326825,-2.61253657495516
Veg,NHW,pf_poultry,-44.5439122667322,-1.39190358036127,-0.200032805572117,-95.6248854579984,-1.4534869715506
Veg,OTH,pf_poultry,-51.9607074982367,-1.62207442143333,-0.237104521740597,-111.56311299207,-1.67540302883551
Vegan,HIS,pf_poultry,-53.8723214003375,-1.68313342291152,-0.245381111866012,-115.664934314227,-1.76261240852123
Vegan,NHB,pf_poultry,-68.4743232284998,-2.13938064670462,-0.311818740708364,-147.015294182613,-2.61257469713621
Vegan,NHW,pf_poultry,-44.5518126533963,-1.39216972744791,-0.200025970849389,-95.6416068485101,-1.45085128984696
Vegan,OTH,pf_poultry,-52.0423665954974,-1.62464747937928,-0.237395850845036,-111.738731513606,-1.66807340458183
Med,HIS,pf_redm,-22.5031787784412,-0.996893413863923,-0.441591289516953,-130.524379589916,-0.952114256185345
Med,NHB,pf_redm,-1.39687688826333,-0.064105502816837,-0.0310479439473732,-9.08828926766527,-0.103647350767186
Med,NHW,pf_redm,-12.1431117940692,-0.537258282777768,-0.232820263199477,-68.9273792982815,-0.492008044258049
Med,OTH,pf_redm,-18.0564110756731,-0.787261162081062,-0.34242387904813,-101.447886271744,-0.621465943789326
US,HIS,pf_redm,-22.4173314497908,-0.992737135032599,-0.439776732659321,-129.962786805773,-0.945625732998805
US,NHB,pf_redm,-1.32042390080438,-0.0610387988679397,-0.0294707824165374,-8.6200818913621209,-0.0981414305926987
US,NHW,pf_redm,-12.099738134871,-0.534856388710782,-0.2318197994228,-68.6499835409361,-0.487976892573815
US,OTH,pf_redm,-17.8953220680644,-0.781877702910668,-0.339230267817045,-100.524908871088,-0.623533782371853
Veg,HIS,pf_redm,-84.918007014282,-3.76773917073438,-1.66464527342952,-492.094924276913,-3.49648093388337
Veg,NHB,pf_redm,-62.0920894658958,-2.71437474204073,-1.17043790511931,-346.951431608977,-2.5863192432455002
Veg,NHW,pf_redm,-72.7096294373893,-3.20622563830848,-1.38588309068023,-410.46648749145,-2.99909004502118
Veg,OTH,pf_redm,-78.8325067485443,-3.42456342457955,-1.47966461952983,-438.622392469424,-2.77043668822848
Vegan,HIS,pf_redm,-84.952493331411,-3.76946738892677,-1.6657262032534,-492.409835298353,-3.50361988694352
Vegan,NHB,pf_redm,-62.1397460781111,-2.71563741159443,-1.17100941380436,-347.101675861715,-2.58769372949253
Vegan,NHW,pf_redm,-72.6109158520026,-3.20222739010249,-1.3843454750131,-410.000007910034,-2.99870124987949
Vegan,OTH,pf_redm,-78.6808177321635,-3.41792202449657,-1.4775309580028,-437.963306107011,-2.76558623092182
Med,HIS,pf_seafood,2.94202874925151,10.1175193507633,0.554781969448697,20.2845010251035,3.12908570653045
Med,NHB,pf_seafood,3.58282883779044,9.39083636526003,0.541463494002871,25.4206502071644,2.84634605005894
Med,NHW,pf_seafood,3.43026003870554,10.1945939228849,0.620921743447072,23.639349000323,4.14320764175747
Med,OTH,pf_seafood,2.49439996371177,8.47914361540875,0.454369287859178,17.3591549777936,3.05816729427861
US,HIS,pf_seafood,0.964153252376122,3.2708655961295,0.180746819769833,6.64185734514791,1.00799084256813
US,NHB,pf_seafood,0.861967634607472,2.23733039353468,0.128740350171681,6.1256074248123,0.667227837396282
US,NHW,pf_seafood,1.31936844170788,3.93582713162823,0.239551075805747,9.08799022504156,1.59563629926112
US,OTH,pf_seafood,0.562217141745998,1.74024053024759,0.100747955543119,3.88787772916223,0.671271551126276
Veg,HIS,pf_seafood,-1.29653022208235,-4.57123151757931,-0.246746123246858,-8.95261981837891,-1.41221032244121
Veg,NHB,pf_seafood,-2.24588330536785,-5.93160866834423,-0.341881218501871,-15.9219665035995,-1.82023916724283
Veg,NHW,pf_seafood,-1.09312056687282,-3.2135109107172,-0.196375031180814,-7.54340593231182,-1.31629362562604
Veg,OTH,pf_seafood,-1.65575075979966,-5.9724112867454,-0.304395006962011,-11.5749126613645,-2.05467882697287
Vegan,HIS,pf_seafood,-1.29369406296986,-4.55919215371297,-0.246263010059235,-8.93133908603888,-1.40870620648477
Vegan,NHB,pf_seafood,-2.25285857449191,-5.94833423588017,-0.34324692611049,-15.972206352702,-1.82206938449013
Vegan,NHW,pf_seafood,-1.09082466277765,-3.20673926119816,-0.196013772710509,-7.52739335285663,-1.3151264804146101
Vegan,OTH,pf_seafood,-1.64466668498496,-5.93077675025141,-0.302677703411684,-11.5031278777675,-2.04544765255352
Med,HIS,sat_fat,-13.2016474453943,-0.726680833913278,-0.201589853035505,-60.1259160183819,-0.075940378557723
Med,NHB,sat_fat,-13.9082708576516,-0.722421193213092,-0.194870161894437,-59.3169485628232,-0.0719702399737454
Med,NHW,sat_fat,-16.3832825734975,-0.937998570831683,-0.252768317335368,-74.8572645886172,-0.0934069675090277
Med,OTH,sat_fat,-11.9983864212825,-0.656229887728047,-0.175756141479794,-52.730787693964,-0.0826992005193421
US,HIS,sat_fat,-13.2141607241158,-0.727480143758985,-0.201776156530179,-60.182778536366,-0.076050092978914
US,NHB,sat_fat,-13.9049338818103,-0.722143441660164,-0.194770304810825,-59.2869441323719,-0.0719852387645149
US,NHW,sat_fat,-16.3830013057873,-0.937865286512243,-0.252765898042994,-74.8553237612546,-0.0933811095757171
US,OTH,sat_fat,-11.9957758234883,-0.656095410161178,-0.175747775188126,-52.725340437375,-0.0826875227776694
Veg,HIS,sat_fat,-12.5296019131085,-0.689772903030732,-0.19136357157784,-57.0759364649459,-0.0720847039496653
Veg,NHB,sat_fat,-13.2270420387862,-0.687021502940045,-0.18529886480647,-56.4070049118801,-0.0684596961133189
Veg,NHW,sat_fat,-15.718982119513,-0.900087470146928,-0.242522801950407,-71.8219521468674,-0.0896438413197809
Veg,OTH,sat_fat,-11.3276216270726,-0.619363661057733,-0.16593627003131,-49.7880289164966,-0.0781229162857732
Vegan,HIS,sat_fat,-12.5149422455169,-0.689041463329557,-0.191140649083424,-57.0076568502285,-0.0720517367664429
Vegan,NHB,sat_fat,-13.2239994077345,-0.686771383483263,-0.185287019960507,-56.400578752945,-0.0684231338407649
Vegan,NHW,sat_fat,-15.7242497977343,-0.900266226429107,-0.242584136880979,-71.8425869999503,-0.0896672648093217
Vegan,OTH,sat_fat,-11.312785034954,-0.618809009791051,-0.165732455971591,-49.725608115035,-0.07816859705598
Med,HIS,veg_dg,5.17242430621774,0.0883557291273799,0.0100751179869587,67.0559189499525,0.154123377220401
Med,NHB,veg_dg,2.43120912164059,0.0436032271698084,0.00521180061288251,31.295295417339702,0.0964490334991988
Med,NHW,veg_dg,2.74921625599789,0.0436375660109631,0.00495424154463097,33.9753636983649,0.0748231527210981
Med,OTH,veg_dg,-1.8913402946928,-0.0347383804325297,-0.00411850241290549,-23.9129012299195,-0.0722459404971952
US,HIS,veg_dg,5.15384254354444,0.0883632169996268,0.010071339666436,67.0109821778372,0.154024300243358
US,NHB,veg_dg,2.42323351677367,0.043327871573232,0.00518087947858873,31.1601099160171,0.0953576324130638
US,NHW,veg_dg,2.75950280058788,0.043961006761305,0.00499174200412813,34.2501777204633,0.0755902966376263
US,OTH,veg_dg,-1.85040226888445,-0.0343467747516091,-0.00408269268415608,-23.4995125749763,-0.0721007858661343
Veg,HIS,veg_dg,5.16924896283103,0.0886911171154107,0.0101034394854792,67.1307606220011,0.15452128858091
Veg,NHB,veg_dg,2.40385843355503,0.0433348581102105,0.0051853649772349,30.9665481701671,0.0960388307768323
Veg,NHW,veg_dg,2.74511157680814,0.0435641172721141,0.00494945539795125,33.9001622299594,0.0750892807317163
Veg,OTH,veg_dg,-1.91919138836274,-0.0357048174370757,-0.00424404194031596,-24.4244200029556,-0.0746854107245273
Vegan,HIS,veg_dg,5.15729532716277,0.08826878060766,0.0100582059275788,67.0368030019994,0.154024083783358
Vegan,NHB,veg_dg,2.40605319218846,0.0432782308758955,0.00517598833500648,30.9030932461288,0.0952644267754596
Vegan,NHW,veg_dg,2.73425550753612,0.0432861588595178,0.0049047332101604,33.7891462377551,0.0744199479165401
Vegan,OTH,veg_dg,-1.85398703783974,-0.0343068860181255,-0.00407612496015858,-23.6071411447429,-0.0720493425033329
Med,HIS,veg_oth,-0.127232920677517,-0.00251084984153639,-0.00103234431769224,-1.00905401132275,0.00854233985801783
Med,NHB,veg_oth,5.80367382988831,0.104681475560827,0.0152748967883725,51.0500497469915,0.67529068648029
Med,NHW,veg_oth,0.362866563654423,0.00654083907927876,9.8264347210858e-4,3.12186227522215,0.021290859739696
Med,OTH,veg_oth,-3.37061088152051,-0.0706099550244838,-0.0135085475336498,-31.8099673339306,-0.25375837449042
US,HIS,veg_oth,-0.0925140409213525,-0.00150034478708302,-9.1176191809218e-4,-0.72672755923916,0.0120839124884768
US,NHB,veg_oth,5.83012217055481,0.105268961830926,0.0153623302172316,51.3108151606496,0.67986625984247
US,NHW,veg_oth,0.34195615606618,0.00625641229444092,9.1830416372813e-4,2.96075234776903,0.0174280577696828
US,OTH,veg_oth,-3.31206928677145,-0.0693305636944742,-0.0132213068683108,-31.2997842051585,-0.250548900082559
Veg,HIS,veg_oth,-0.10413483726226,-0.00177685629220492,-9.7514750840963e-4,-0.82095130262728,0.0105872735993791
Veg,NHB,veg_oth,5.82714361507857,0.105202174596495,0.0153641534642508,51.2461440502941,0.678482560557488
Veg,NHW,veg_oth,0.355880393566599,0.00646869881627453,9.601451858631e-4,3.03097181603568,0.019460729952866
Veg,OTH,veg_oth,-3.33937343625636,-0.0701438458212409,-0.0134718502416507,-31.5119384552443,-0.254830376302451
Vegan,HIS,veg_oth,-0.119501762767135,-0.00217642080664338,-9.9558653452083e-4,-0.902454993774366,0.00938226709476286
Vegan,NHB,veg_oth,5.80568237236667,0.104939731947714,0.0153034236566841,51.0174890808338,0.676592019811187
Vegan,NHW,veg_oth,0.372498254995234,0.00669849224758709,9.9163927238402e-4,3.17887428698445,0.0212345849002781
Vegan,OTH,veg_oth,-3.39716891038227,-0.0712596235929104,-0.0136000734900895,-32.028870777071504,-0.258269154742759
Med,HIS,veg_ro,8.76879563143026,0.488683911138107,0.0610467783513048,67.4894009716672,0.693960005589284
Med,NHB,veg_ro,8.89424872699486,0.513229426499652,0.0628107649743721,66.3901447960883,0.526729005477069
Med,NHW,veg_ro,7.87400040127898,0.437990281036096,0.0524463360180837,61.2543039400512,0.397401889859717
Med,OTH,veg_ro,9.33266203621245,0.54987428314981,0.0642039090006488,72.0862219286088,0.688408384132883
US,HIS,veg_ro,8.76565824746471,0.488401893754914,0.0610155347131566,67.4529437842073,0.693323016265709
US,NHB,veg_ro,8.90583839733439,0.514137110874721,0.0629225032450957,66.4717921022898,0.527628123434128
US,NHW,veg_ro,7.86131655538591,0.437385509917345,0.0523705298371665,61.1627009768366,0.396724719753568
US,OTH,veg_ro,9.31484789856418,0.549469210753714,0.0641606233160351,71.9262158262871,0.687287135968818
Veg,HIS,veg_ro,8.75618387241046,0.487736295227663,0.0609490375098134,67.3744551995534,0.692640608083267
Veg,NHB,veg_ro,8.90184301274565,0.513891684030899,0.0628804221462335,66.4395335718638,0.527042295098082
Veg,NHW,veg_ro,7.86711013971258,0.437768172580158,0.05242097803803,61.2038561498031,0.397052195445788
Veg,OTH,veg_ro,9.28986033583885,0.547449390315746,0.0639206711054112,71.7530935801792,0.685405971029869
Vegan,HIS,veg_ro,8.76723398994976,0.488394324824726,0.0610111501012332,67.4688136907349,0.693257446411811
Vegan,NHB,veg_ro,8.89296202322503,0.513554925751959,0.062831283635769,66.3844874620032,0.526795406696494
Vegan,NHW,veg_ro,7.87166061387123,0.437947895418151,0.0524313975785298,61.2355224822274,0.3973136787255
Vegan,OTH,veg_ro,9.31211442514119,0.549067288787767,0.0641171719852743,71.9103452858771,0.687564115924075
Med,HIS,veg_sta,16.0986389572998,0.368644659333072,0.0518737074727921,64.4703871617322,0.253855417179715
Med,NHB,veg_sta,12.4173062161881,0.330177369916543,0.0371757564447939,53.4409798166485,0.185224162295936
Med,NHW,veg_sta,10.863472465216,0.289634918135404,0.0303441486652902,49.9640448359443,0.194189339490392
Med,OTH,veg_sta,15.1905345856715,0.381868735261239,0.0439412973553651,66.6797404279818,0.25848160681335
US,HIS,veg_sta,16.0490490121385,0.367742399156346,0.0517499512942735,64.2960110452301,0.253242308807036
US,NHB,veg_sta,12.3949017988807,0.329745985236715,0.0371035812160964,53.3315462468214,0.185093347669006
US,NHW,veg_sta,10.9185757884376,0.291146569376454,0.0305124377543522,50.248667933188,0.195054884008376
US,OTH,veg_sta,15.2130817700548,0.382454125540447,0.0439851211837596,66.7946841733378,0.259011690914293
Veg,HIS,veg_sta,16.0671320827945,0.367992904122553,0.0518455996801369,64.3373997278503,0.253268872481605
Veg,NHB,veg_sta,12.4097201387862,0.329681172875896,0.0371388504119246,53.3552599498806,0.184786387898229
Veg,NHW,veg_sta,10.8930177408597,0.290285407878623,0.0304108169629579,50.0926956706114,0.194542742632723
Veg,OTH,veg_sta,15.2116119247385,0.382044515554333,0.0439570911316493,66.7570821805505,0.259022586279897
Vegan,HIS,veg_sta,16.0401497215791,0.367392240334462,0.0516947560079671,64.2449635426048,0.252738857379472
Vegan,NHB,veg_sta,12.4121341693111,0.329858843790719,0.0371275806721313,53.3723397677836,0.184821362141884
Vegan,NHW,veg_sta,10.9154341857454,0.291026268237438,0.0304884596432709,50.2313014392108,0.194846542472647
Vegan,OTH,veg_sta,15.2411784240073,0.382859331466373,0.0440517065426549,66.897821613486,0.259214898374026
