diet_pattern,sex_gp,food,BLUEWATER,CED,GHG,WATER,Food_price
Med,Female,added_sugar,-7.50222404460172,-0.405600535382921,-0.0408019846501395,-27.2204788394974,-0.558292133668584
Med,Male,added_sugar,-5.67212081431639,-0.318976572635311,-0.0317259584407766,-20.5488575124619,-0.431321771962527
US,Female,added_sugar,-7.52223157408375,-0.406578125457675,-0.0409067018513297,-27.2922919132977,-0.55894600077387
US,Male,added_sugar,-5.68155926605028,-0.319489820427807,-0.0317811749047797,-20.5813458891553,-0.431895325363707
Veg,Female,added_sugar,-7.2538480312877,-0.392292371713276,-0.0394668365523265,-26.3216600176781,-0.540313547547436
Veg,Male,added_sugar,-5.44232708121645,-0.306170779598789,-0.030445687704748,-19.7151066081479,-0.413157748841574
Vegan,Female,added_sugar,-7.26654667422038,-0.39314248153671,-0.0395492934929143,-26.3665025212706,-0.540103181740892
Vegan,Male,added_sugar,-5.44737798592415,-0.306503412460781,-0.0304694179190313,-19.7317984558914,-0.413509344591821
Med,Female,dairy,12.5591176942445,1.01745835659268,0.18847469170131,52.3975569170138,0.604919190287646
Med,Male,dairy,13.9875300489276,1.13131226076645,0.209721740214898,58.4468071491086,0.611703902908541
US,Female,dairy,33.615069806982,2.7227916051166,0.504411461209327,140.26467498237,1.60829347091849
US,Male,dairy,36.4988236218762,2.95184062985552,0.547225466397695,152.521679456882,1.5970098082662
Veg,Female,dairy,33.6276029619125,2.72388638429134,0.504608531097129,140.3136830695,1.60926684309681
Veg,Male,dairy,36.488952586561,2.95102619015967,0.54707563660387,152.48132215205,1.5962281819989
Vegan,Female,dairy,-29.6197090342692,-2.3985278736094,-0.444395108907642,-123.622817239209,-1.40167427472482
Vegan,Male,dairy,-31.0515263145834,-2.51106469036444,-0.46553108187605,-129.769851380338,-1.35700037153957
Med,Female,fruit_exc_juice,84.5931053297763,1.39844964711856,0.181723198793892,644.405770014374,2.22064171631464
Med,Male,fruit_exc_juice,88.3458008733691,1.40573744017218,0.185460875650998,637.058395357252,2.09829987999201
US,Female,fruit_exc_juice,57.6237082915603,0.95607126552824,0.124062513282331,439.148224064472,1.51964149105089
US,Male,fruit_exc_juice,60.5834214319543,0.966280698355221,0.127416524652043,436.749811771292,1.44049324539121
Veg,Female,fruit_exc_juice,57.4769409625746,0.953816630712332,0.123823174102708,438.107746509775,1.51620960698376
Veg,Male,fruit_exc_juice,60.6879279787565,0.966522646644881,0.127473922873804,437.354458928343,1.44235276357022
Vegan,Female,fruit_exc_juice,57.4959352817399,0.954090272476487,0.123861295018456,438.098846545706,1.51714884036225
Vegan,Male,fruit_exc_juice,60.6563953518161,0.965937281544755,0.127407681920638,437.164399753439,1.4414796344596
Med,Female,fruit_juice,37.831231240741,0.938741231902602,0.12062459156389,332.701966136213,0.255026625309661
Med,Male,fruit_juice,33.134341719191,0.812184272470679,0.101546900100849,271.450901395127,0.228474553938853
US,Female,fruit_juice,26.4308942660188,0.655005775585468,0.084075361685112,233.213252145807,0.178193773203445
US,Male,fruit_juice,22.0376457269607,0.538895322302858,0.0672473249183268,180.838850918603,0.15191742041634
Veg,Female,fruit_juice,26.4419699678913,0.654892868294478,0.0840046127707459,233.307544732468,0.178226691496604
Veg,Male,fruit_juice,22.0911430135235,0.540070460377517,0.0674169309970025,181.302831826075,0.152365168178902
Vegan,Female,fruit_juice,26.4572085307345,0.655361857227168,0.0841029037787864,233.341072747548,0.178266079015751
Vegan,Male,fruit_juice,22.0470669509254,0.538711321965941,0.0672882758484919,180.934917940099,0.152070237531512
Med,Female,gr_refined,-29.3904502626051,-0.351987057251661,-0.059192291659949,-92.0285438098857,-1.07208274109381
Med,Male,gr_refined,-30.7023360717546,-0.348876809901608,-0.0628947035738619,-96.8985303117129,-1.01354765361848
US,Female,gr_refined,-29.4222423682051,-0.352239927699478,-0.0592332668976191,-92.1279308729574,-1.07275117532985
US,Male,gr_refined,-30.6867292168561,-0.348696593275485,-0.0628723824535067,-96.8408681248585,-1.01420276945253
Veg,Female,gr_refined,-29.3853666982506,-0.35204325295814,-0.0591723565125741,-92.008561716875107,-1.07188298375904
Veg,Male,gr_refined,-30.6838477997028,-0.348695130447782,-0.0628640748837907,-96.8463230951973,-1.01513248098454
Vegan,Female,gr_refined,-29.386053388108,-0.352025185839733,-0.0591733085473138,-92.016607379468,-1.07145690009183
Vegan,Male,gr_refined,-30.6550672372334,-0.348454299822921,-0.0628038545894241,-96.7602525797882,-1.01413765226688
Med,Female,gr_whole,28.5251767552857,0.473264175646332,0.0760707703763563,116.262768436186,0.736962094448659
Med,Male,gr_whole,25.175307490864,0.406399852648443,0.0628302006625496,133.251041831912,0.749728939589553
US,Female,gr_whole,28.524891137233,0.473243517091163,0.0760566267915601,116.259082854673,0.737473031499855
US,Male,gr_whole,25.1509470402769,0.406127679138973,0.0627812509539408,133.183520677187,0.749323476467856
Veg,Female,gr_whole,35.2305816934157,0.58379466347226,0.0938797464492977,143.517852043825,0.908860920984601
Veg,Male,gr_whole,31.2173577565677,0.503827564720807,0.0779161954012934,164.947508619584,0.927441956552156
Vegan,Female,gr_whole,35.227783087295,0.583795281382575,0.0938840669549097,143.493142205263,0.909054016388959
Vegan,Male,gr_whole,31.1760620480298,0.503314779837956,0.0778492736015068,164.734060705383,0.926677584652474
Med,Female,leg_tot,4.20216774064602,0.0812488322254875,0.0139282566451929,16.3351630967379,0.091926034675419
Med,Male,leg_tot,3.28595045917291,0.0614882277032332,0.0104085420599437,13.1971024154112,0.0731788738231516
US,Female,leg_tot,4.18538782807503,0.0810280572973132,0.0138975362726097,16.2523946053999,0.0917298071041155
US,Male,leg_tot,3.26716906263243,0.0610731314664237,0.0103551622725025,13.1173649595102,0.0726140231378265
Veg,Female,leg_tot,26.7153344346691,0.475637432102725,0.0808587660252894,107.127526892106,0.533836746042682
Veg,Male,leg_tot,28.6436232550089,0.450742714988003,0.072343245237925,123.040977589961,0.5144606492479
Vegan,Female,leg_tot,29.8693215852903,0.530832560162725,0.0902626359445594,119.836097192115,0.595737008250002
Vegan,Male,leg_tot,32.1569814168816,0.50486568707626,0.0809762403151562,138.259600116766,0.575971006767398
Med,Female,oil,-0.932576832633826,-0.0303615338749033,-0.00367227771766436,-2.54093849751315,-0.0223779083334167
Med,Male,oil,0.421240090797203,0.0138788426157448,0.00165947086121082,1.11690807871604,0.00970135266832486
US,Female,oil,-0.935198404451187,-0.0304186100149166,-0.00368326383656623,-2.54663263972506,-0.0225536375091388
US,Male,oil,0.418445552600771,0.0137943068732405,0.00164743944686316,1.11136827449547,0.00978714275800842
Veg,Female,oil,-0.929496628479572,-0.0302310448691494,-0.00366381037587692,-2.53266753411232,-0.0224320080000548
Veg,Male,oil,0.423202353899703,0.0139291820504649,0.00166653073236331,1.12226059242036,0.00982055598030226
Vegan,Female,oil,-0.930481296149926,-0.0302708954427747,-0.00366782702677019,-2.53336784809371,-0.022348890267493
Vegan,Male,oil,0.420477921511338,0.0138591634407756,0.00165692240334361,1.11354289725524,0.00971611715863521
Med,Female,pf_egg,-4.79055533446363,-0.244892117752945,-0.0399682578899321,-10.9929766354848,-0.278327397207781
Med,Male,pf_egg,-3.28537223788903,-0.16794749434482,-0.0274103095989129,-7.53900492290798,-0.220274341453351
US,Female,pf_egg,-4.77464605168236,-0.244078838773741,-0.0398355245693354,-10.9564693076926,-0.278524831268018
US,Male,pf_egg,-3.26605252936125,-0.166959875163866,-0.027249122630203602,-7.49467162757531,-0.220796942684825
Veg,Female,pf_egg,-6.01013268106153,-0.307236639070392,-0.050143358374603,-13.7915635090916,-0.358649927914136
Veg,Male,pf_egg,-4.51231007333822,-0.230668282206883,-0.0376468196480425,-10.3544820475022,-0.312000912479116
Vegan,Female,pf_egg,-19.1316750699256,-0.978006952623974,-0.159618179871579,-43.9018114514537,-1.18221820285013
Vegan,Male,pf_egg,-17.5961505540825,-0.899511282645772,-0.146807088972783,-40.3782147184318,-1.27085436886583
Med,Female,pf_ns,-11.5619227700696,-0.0296991726126236,-0.00498744518275991,-68.0091595302518,-0.0418955880475278
Med,Male,pf_ns,-5.69000239940173,-0.0123099758528472,-0.00252028292976241,-31.7273640186427,-0.0182836666603106
US,Female,pf_ns,-11.5938644850459,-0.029702613760159,-0.00499073019207537,-67.9873664414928,-0.0418843584337346
US,Male,pf_ns,-5.68271912567711,-0.0122879368136743,-0.00251693866190907,-31.7014270694614,-0.0180655402200198
Veg,Female,pf_ns,11.6072035072826,0.0321887100950849,0.00554483062107132,67.8352550464698,0.050953980457082
Veg,Male,pf_ns,16.0425833945905,0.0432426882175808,0.00746100248209525,93.2171144306168,0.0763951838534663
Vegan,Female,pf_ns,20.3149756527424,0.0554166631242011,0.00949436263615045,118.962604298782,0.085865667180176
Vegan,Male,pf_ns,24.1315304988357,0.0639462535212739,0.0111959479563693,139.658715884515,0.111825158309167
Med,Female,pf_poultry,-8.46160226966264,-0.264360851760568,-0.038271070880082,-18.1658394554405,-0.289281250509271
Med,Male,pf_poultry,-12.2007191338737,-0.381135224739969,-0.0555816890889614,-26.1954320897836,-0.467774118652027
US,Female,pf_poultry,-8.4883217168291,-0.265201355640838,-0.0383830455986237,-18.2235205065285,-0.289185674529602
US,Male,pf_poultry,-12.1742565351102,-0.380320055920411,-0.0554467665965284,-26.1381391985238,-0.465406059188171
Veg,Female,pf_poultry,-47.9016305133276,-1.4966762488468,-0.215582496186012,-102.835323844979,-1.53191262412281
Veg,Male,pf_poultry,-51.3664035328886,-1.60475034364986,-0.23308520554786,-110.281172760118,-1.79267414863634
Vegan,Female,pf_poultry,-47.8727065486385,-1.49575031267861,-0.215482029974825,-102.773444207082,-1.53229265365403
Vegan,Male,pf_poultry,-51.3507343838822,-1.60426014913849,-0.233020964846309,-110.247977448867,-1.78894710688737
Med,Female,pf_redm,-1.89075821592997,-0.0850203695631475,-0.0383527605549547,-11.3181304532099,-0.0526988362232534
Med,Male,pf_redm,-25.2868268995354,-1.11661791479488,-0.486275157908279,-143.923326802837,-1.05272750277398
US,Female,pf_redm,-1.76860117606726,-0.0795115585650213,-0.0361330090940794,-10.6574237833252,-0.0511178378687972
US,Male,pf_redm,-25.2563555239507,-1.11515149300669,-0.485354615260116,-143.632261272402,-1.04404277705822
Veg,Female,pf_redm,-62.5186155362788,-2.7476460541403,-1.18792610435631,-351.913373140341,-2.4361499158509
Veg,Male,pf_redm,-86.4201499388623,-3.81127855252446,-1.65854443923311,-490.982904149525,-3.61878010434043
Vegan,Female,pf_redm,-62.6048842344427,-2.75150614296383,-1.18947885502517,-352.373799499069,-2.43952539956238
Vegan,Male,pf_redm,-86.5305874942233,-3.81635162718262,-1.66051965101178,-491.536083109236,-3.61895010634616
Med,Female,pf_seafood,3.23032110827548,9.66574917671015,0.583697995170833,22.2692595769983,3.79072070429685
Med,Male,pf_seafood,3.32493042035321,10.1959316262255,0.585153300220266,23.1229125811953,3.64812431562738
US,Female,pf_seafood,1.10246385839464,3.23812677199995,0.19971537454478,7.57678846743081,1.29969873078109
US,Male,pf_seafood,1.15878292307684,3.58154689138618,0.20585078132615,8.04251271583913,1.29982652967194
Veg,Female,pf_seafood,-1.32726662562855,-4.10108418001161,-0.238862981952004,-9.19358182754137,-1.54629127401426
Veg,Male,pf_seafood,-1.30446233249859,-3.94653421782899,-0.225363411802368,-9.09849239569274,-1.37870794921295
Vegan,Female,pf_seafood,-1.32856480697615,-4.10353550143202,-0.239135975182392,-9.20551445423502,-1.5488425709949
Vegan,Male,pf_seafood,-1.30025700126018,-3.94024218168434,-0.224643298773563,-9.07306299023728,-1.37554818887103
Med,Female,sat_fat,-15.0737874775366,-0.865200807988259,-0.226300974501866,-67.279798417429,-0.0904559098051759
Med,Male,sat_fat,-15.2080842651416,-0.834531403739032,-0.233960095955648,-69.6830736190896,-0.0834581829089498
US,Female,sat_fat,-15.0623097514913,-0.864552610150793,-0.226163042900955,-67.2312211965225,-0.0904263542022141
US,Male,sat_fat,-15.2195920793976,-0.835123642227464,-0.234137424858804,-69.7351786608735,-0.0835198397658941
Veg,Female,sat_fat,-14.4219513908118,-0.828016956162421,-0.216552465474125,-64.3752406713114,-0.0865491746914452
Veg,Male,sat_fat,-14.5222689885514,-0.797079906795484,-0.223476488141289,-66.553826917669,-0.0797019690448869
Vegan,Female,sat_fat,-14.421952413332,-0.827928815065179,-0.216585870121141,-64.3791736741343,-0.0865415425096095
Vegan,Male,sat_fat,-14.5167085985874,-0.796755560064393,-0.223364804162503,-66.5236891515158,-0.0796181833795883
Med,Female,veg_dg,2.0011076104636,0.0261519559082006,0.00292445441275937,23.2245173175718,0.0377744719680576
Med,Male,veg_dg,3.23692450847902,0.0593054027093895,0.00681758945952666,42.75458035525,0.112687220732637
US,Female,veg_dg,2.03040687049823,0.0267905928818307,0.00299499094864252,23.66126214757,0.0389976619547494
US,Male,veg_dg,3.23025371255144,0.0593198343927003,0.00682000355487161,42.728521931044,0.11274977848405
Veg,Female,veg_dg,2.01996056485067,0.0266422909286851,0.00297893105676555,23.5811310376641,0.0383591788099338
Veg,Male,veg_dg,3.22298848789012,0.0592558317190424,0.00680944450708896,42.7317441090703,0.11276380187796
Vegan,Female,veg_dg,2.01524985752228,0.0266894805057185,0.00298850937123752,23.4830380842605,0.0387505466961515
Vegan,Male,veg_dg,3.20326830808046,0.0588458193222259,0.00675942238110452,42.3536029156218,0.111806969705833
Med,Female,veg_oth,-1.04187445861938,-0.0224831541850619,-0.00444122443212233,-9.94672992304866,-0.0905431258129309
Med,Male,veg_oth,2.2134345997461,0.0416975139315277,0.0064396852931277,19.8060896730546,0.231804326650412
US,Female,veg_oth,-1.08823689465761,-0.0231880338609035,-0.00458873307728193,-10.32853838426,-0.0928704996412937
US,Male,veg_oth,2.23582363905982,0.0418795802024783,0.00648458233483717,19.9764064832902,0.233520250080361
Veg,Female,veg_oth,-1.06706357615955,-0.0228298783336131,-0.00452417371530471,-10.1177914859186,-0.0922797895071238
Veg,Male,veg_oth,2.23193862492531,0.0421271383776144,0.00651309585804734,19.9385503774442,0.233174534417102
Vegan,Female,veg_oth,-1.04583882792359,-0.0223931203381881,-0.00444793885456441,-9.96449556197142,-0.0907269498515667
Vegan,Male,veg_oth,2.23154775250427,0.0418896554440969,0.00649689780606204,19.9558270975059,0.233377718011383
Med,Female,veg_ro,8.82197623509515,0.458443678545836,0.0557973393361398,67.644295798419,0.525066280551503
Med,Male,veg_ro,7.69246088155755,0.474199333877369,0.0565957572352008,59.8854311037517,0.450727359531637
US,Female,veg_ro,8.81528706557432,0.457973662112701,0.055734039950579,67.5955219949441,0.52474812870873
US,Male,veg_ro,7.69272792027239,0.474394158907989,0.0566270314757872,59.8914440428474,0.450605088530713
Veg,Female,veg_ro,8.81796469139855,0.458206272475113,0.0557686347029528,67.6087386710256,0.524230410131849
Veg,Male,veg_ro,7.68378220450193,0.473809094677151,0.0565604987976627,59.8179466912519,0.450306536162966
Vegan,Female,veg_ro,8.8210068435529,0.458402500206736,0.0557851714212869,67.6325610640777,0.524684741702762
Vegan,Male,veg_ro,7.69161208820362,0.474481591378931,0.0566375423868547,59.8828941903547,0.450865465921021
Med,Female,veg_sta,13.2653110110832,0.327342070300438,0.0383530338558185,57.3826169027461,0.209422175337369
Med,Male,veg_sta,11.285283590799,0.30438606102947,0.0333357549733739,51.149392155881,0.208698045363453
US,Female,veg_sta,13.3015819267804,0.328144251762299,0.0384211503686621,57.5466728074351,0.209985767267216
US,Male,veg_sta,11.3371745277239,0.305672178934737,0.0334740125225886,51.3541393809947,0.20961993376116
Veg,Female,veg_sta,13.2668825162518,0.32735247398764,0.0383501377511405,57.3886107103554,0.209330631944436
Veg,Male,veg_sta,11.2973066609326,0.304419587365515,0.0333832239865407,51.1785421578328,0.209078559710458
Vegan,Female,veg_sta,13.2848422314545,0.327832510656506,0.0383595565515927,57.4710407833515,0.209657748671238
Vegan,Male,veg_sta,11.3277340629417,0.30540365183762,0.0334454620794954,51.3132611445898,0.209427020962152
