year,race_gp,age_gp,sex,subgroup_id,crude_rate
2017,NHW,age_2044,Female,1,0
2017,NHB,age_2044,Female,2,0
2017,HIS,age_2044,Female,3,0
2017,Other,age_2044,Female,4,0
2017,NHW,age_2044,Male,5,0
2017,NHB,age_2044,Male,6,0
2017,HIS,age_2044,Male,7,0
2017,Other,age_2044,Male,8,0
2017,NHW,age_4554,Female,9,125.42897609
2017,NHB,age_4554,Female,10,116.14176702
2017,HIS,age_4554,Female,11,82.611743662
2017,Other,age_4554,Female,12,114.74380226
2017,NHW,age_4554,Male,13,0
2017,NHB,age_4554,Male,14,0
2017,HIS,age_4554,Male,15,0
2017,Other,age_4554,Male,16,0
2017,NHW,age_5564,Female,17,302.20000008
2017,NHB,age_5564,Female,18,298.60000008
2017,HIS,age_5564,Female,19,231.50000106
2017,Other,age_5564,Female,20,290.70000031
2017,NHW,age_5564,Male,21,0
2017,NHB,age_5564,Male,22,0
2017,HIS,age_5564,Male,23,0
2017,Other,age_5564,Male,24,0
2017,NHW,age_65+,Female,25,436.40000001
2017,NHB,age_65+,Female,26,402.69999963
2017,HIS,age_65+,Female,27,301.50000493
2017,Other,age_65+,Female,28,337.60000098
2017,NHW,age_65+,Male,29,0
2017,NHB,age_65+,Male,30,0
2017,HIS,age_65+,Male,31,0
2017,Other,age_65+,Male,32,0
2018,NHW,age_2044,Female,1,4.8076195445
2018,NHB,age_2044,Female,2,4.1492249763
2018,HIS,age_2044,Female,3,2.9664463612
2018,Other,age_2044,Female,4,4.5212098072
2018,NHW,age_2044,Male,5,0
2018,NHB,age_2044,Male,6,0
2018,HIS,age_2044,Male,7,0
2018,Other,age_2044,Male,8,0
2018,NHW,age_4554,Female,9,146.57145641
2018,NHB,age_4554,Female,10,135.67642559
2018,HIS,age_4554,Female,11,96.74317555
2018,Other,age_4554,Female,12,133.57647337
2018,NHW,age_4554,Male,13,0
2018,NHB,age_4554,Male,14,0
2018,HIS,age_4554,Male,15,0
2018,Other,age_4554,Male,16,0
2018,NHW,age_5564,Female,17,314.04635916
2018,NHB,age_5564,Female,18,307.9156004
2018,HIS,age_5564,Female,19,237.86000362
2018,Other,age_5564,Female,20,299.43569484
2018,NHW,age_5564,Male,21,0
2018,NHB,age_5564,Male,22,0
2018,HIS,age_5564,Male,23,0
2018,Other,age_5564,Male,24,0
2018,NHW,age_65+,Female,25,437.34540224
2018,NHB,age_65+,Female,26,404.76248195
2018,HIS,age_65+,Female,27,301.98644803
2018,Other,age_65+,Female,28,342.36779722
2018,NHW,age_65+,Male,29,0
2018,NHB,age_65+,Male,30,0
2018,HIS,age_65+,Male,31,0
2018,Other,age_65+,Male,32,0
2019,NHW,age_2044,Female,1,9.6019381874
2019,NHB,age_2044,Female,2,8.2068325542
2019,HIS,age_2044,Female,3,5.9921134063
2019,Other,age_2044,Female,4,9.0160892723
2019,NHW,age_2044,Male,5,0
2019,NHB,age_2044,Male,6,0
2019,HIS,age_2044,Male,7,0
2019,Other,age_2044,Male,8,0
2019,NHW,age_4554,Female,9,166.88953399
2019,NHB,age_4554,Female,10,155.31311992
2019,HIS,age_4554,Female,11,111.46616087
2019,Other,age_4554,Female,12,153.14704882
2019,NHW,age_4554,Male,13,0
2019,NHB,age_4554,Male,14,0
2019,HIS,age_4554,Male,15,0
2019,Other,age_4554,Male,16,0
2019,NHW,age_5564,Female,17,326.54127745
2019,NHB,age_5564,Female,18,318.06157767
2019,HIS,age_5564,Female,19,244.49463759
2019,Other,age_5564,Female,20,308.41967811
2019,NHW,age_5564,Male,21,0
2019,NHB,age_5564,Male,22,0
2019,HIS,age_5564,Male,23,0
2019,Other,age_5564,Male,24,0
2019,NHW,age_65+,Female,25,438.29285266
2019,NHB,age_65+,Female,26,406.83552767
2019,HIS,age_65+,Female,27,302.47368316
2019,Other,age_65+,Female,28,347.20293026
2019,NHW,age_65+,Male,29,0
2019,NHB,age_65+,Male,30,0
2019,HIS,age_65+,Male,31,0
2019,Other,age_65+,Male,32,0
2020,NHW,age_2044,Female,1,14.635261336
2020,NHB,age_2044,Female,2,12.43463548
2020,HIS,age_2044,Female,3,9.1570111078
2020,Other,age_2044,Female,4,13.621252469
2020,NHW,age_2044,Male,5,0
2020,NHB,age_2044,Male,6,0
2020,HIS,age_2044,Male,7,0
2020,Other,age_2044,Male,8,0
2020,NHW,age_4554,Female,9,185.94025508
2020,NHB,age_4554,Female,10,174.92220127
2020,HIS,age_4554,Female,11,126.64450273
2020,Other,age_4554,Female,12,173.0642844
2020,NHW,age_4554,Male,13,0
2020,NHB,age_4554,Male,14,0
2020,HIS,age_4554,Male,15,0
2020,Other,age_4554,Male,16,0
2020,NHW,age_5564,Female,17,339.69282709
2020,NHB,age_5564,Female,18,329.02402155
2020,HIS,age_5564,Female,19,251.51286352
2020,Other,age_5564,Female,20,317.76145379
2020,NHW,age_5564,Male,21,0
2020,NHB,age_5564,Male,22,0
2020,HIS,age_5564,Male,23,0
2020,Other,age_5564,Male,24,0
2020,NHW,age_65+,Female,25,439.24235554
2020,NHB,age_65+,Female,26,408.91918855
2020,HIS,age_65+,Female,27,302.96170147
2020,Other,age_65+,Female,28,352.10634387
2020,NHW,age_65+,Male,29,0
2020,NHB,age_65+,Male,30,0
2020,HIS,age_65+,Male,31,0
2020,Other,age_65+,Male,32,0
2021,NHW,age_2044,Female,1,19.605867979
2021,NHB,age_2044,Female,2,16.593615145
2021,HIS,age_2044,Female,3,12.342487758
2021,Other,age_2044,Female,4,18.171835901
2021,NHW,age_2044,Male,5,0
2021,NHB,age_2044,Male,6,0
2021,HIS,age_2044,Male,7,0
2021,Other,age_2044,Male,8,0
2021,NHW,age_4554,Female,9,203.16705807
2021,NHB,age_4554,Female,10,193.58827052
2021,HIS,age_4554,Female,11,141.72336403
2021,Other,age_4554,Female,12,193.20889391
2021,NHW,age_4554,Male,13,0
2021,NHB,age_4554,Male,14,0
2021,HIS,age_4554,Male,15,0
2021,Other,age_4554,Male,16,0
2021,NHW,age_5564,Female,17,353.19409694
2021,NHB,age_5564,Female,18,340.5605514
2021,HIS,age_5564,Female,19,258.63857466
2021,Other,age_5564,Female,20,327.21530263
2021,NHW,age_5564,Male,21,0
2021,NHB,age_5564,Male,22,0
2021,HIS,age_5564,Male,23,0
2021,Other,age_5564,Male,24,0
2021,NHW,age_65+,Female,25,440.19391524
2021,NHB,age_65+,Female,26,411.01352207
2021,HIS,age_65+,Female,27,303.45050833
2021,Other,age_65+,Female,28,357.07900923
2021,NHW,age_65+,Male,29,0
2021,NHB,age_65+,Male,30,0
2021,HIS,age_65+,Male,31,0
2021,Other,age_65+,Male,32,0
2022,NHW,age_2044,Female,1,24.869038594
2022,NHB,age_2044,Female,2,20.980421384
2022,HIS,age_2044,Female,3,15.623065674
2022,Other,age_2044,Female,4,22.850255068
2022,NHW,age_2044,Male,5,0
2022,NHB,age_2044,Male,6,0
2022,HIS,age_2044,Male,7,0
2022,Other,age_2044,Male,8,0
2022,NHW,age_4554,Female,9,219.55632062
2022,NHB,age_4554,Female,10,211.57938265
2022,HIS,age_4554,Female,11,157.01511956
2022,Other,age_4554,Female,12,213.81813578
2022,NHW,age_4554,Male,13,0
2022,NHB,age_4554,Male,14,0
2022,HIS,age_4554,Male,15,0
2022,Other,age_4554,Male,16,0
2022,NHW,age_5564,Female,17,367.52680391
2022,NHB,age_5564,Female,18,352.89502116
2022,HIS,age_5564,Female,19,265.98370858
2022,Other,age_5564,Female,20,336.82440034
2022,NHW,age_5564,Male,21,0
2022,NHB,age_5564,Male,22,0
2022,HIS,age_5564,Male,23,0
2022,Other,age_5564,Male,24,0
2022,NHW,age_65+,Female,25,441.14753646
2022,NHB,age_65+,Female,26,413.1185848
2022,HIS,age_65+,Female,27,303.94010625
2022,Other,age_65+,Female,28,362.12190351
2022,NHW,age_65+,Male,29,0
2022,NHB,age_65+,Male,30,0
2022,HIS,age_65+,Male,31,0
2022,Other,age_65+,Male,32,0
2023,NHW,age_2044,Female,1,30.315723217
2023,NHB,age_2044,Female,2,25.46574801
2023,HIS,age_2044,Female,3,18.962703694
2023,Other,age_2044,Female,4,27.627238611
2023,NHW,age_2044,Male,5,0
2023,NHB,age_2044,Male,6,0
2023,HIS,age_2044,Male,7,0
2023,Other,age_2044,Male,8,0
2023,NHW,age_4554,Female,9,235.12818757
2023,NHB,age_4554,Female,10,229.51976334
2023,HIS,age_4554,Female,11,172.8163114
2023,Other,age_4554,Female,12,236.26726516
2023,NHW,age_4554,Male,13,0
2023,NHB,age_4554,Male,14,0
2023,HIS,age_4554,Male,15,0
2023,Other,age_4554,Male,16,0
2023,NHW,age_5564,Female,17,382.31751964
2023,NHB,age_5564,Female,18,365.63307237
2023,HIS,age_5564,Female,19,273.48016893
2023,Other,age_5564,Female,20,346.69207054
2023,NHW,age_5564,Male,21,0
2023,NHB,age_5564,Male,22,0
2023,HIS,age_5564,Male,23,0
2023,Other,age_5564,Male,24,0
2023,NHW,age_65+,Female,25,442.10322366
2023,NHB,age_65+,Female,26,415.23442702
2023,HIS,age_65+,Female,27,304.4304927
2023,Other,age_65+,Female,28,367.23601401
2023,NHW,age_65+,Male,29,0
2023,NHB,age_65+,Male,30,0
2023,HIS,age_65+,Male,31,0
2023,Other,age_65+,Male,32,0
2024,NHW,age_2044,Female,1,35.996343226
2024,NHB,age_2044,Female,2,30.176736439
2024,HIS,age_2044,Female,3,22.372602568
2024,Other,age_2044,Female,4,32.654229156
2024,NHW,age_2044,Male,5,0
2024,NHB,age_2044,Male,6,0
2024,HIS,age_2044,Male,7,0
2024,Other,age_2044,Male,8,0
2024,NHW,age_4554,Female,9,250.58378852
2024,NHB,age_4554,Female,10,247.30904795
2024,HIS,age_4554,Female,11,188.97488243
2024,Other,age_4554,Female,12,260.17438222
2024,NHW,age_4554,Male,13,0
2024,NHB,age_4554,Male,14,0
2024,HIS,age_4554,Male,15,0
2024,Other,age_4554,Male,16,0
2024,NHW,age_5564,Female,17,397.42607822
2024,NHB,age_5564,Female,18,379.16466194
2024,HIS,age_5564,Female,19,281.25867364
2024,Other,age_5564,Female,20,356.72091931
2024,NHW,age_5564,Male,21,0
2024,NHB,age_5564,Male,22,0
2024,HIS,age_5564,Male,23,0
2024,Other,age_5564,Male,24,0
2024,NHW,age_65+,Female,25,443.0609813
2024,NHB,age_65+,Female,26,417.36110392
2024,HIS,age_65+,Female,27,304.92166989
2024,Other,age_65+,Female,28,372.42234816
2024,NHW,age_65+,Male,29,0
2024,NHB,age_65+,Male,30,0
2024,HIS,age_65+,Male,31,0
2024,Other,age_65+,Male,32,0
2025,NHW,age_2044,Female,1,42.131090512
2025,NHB,age_2044,Female,2,35.257244745
2025,HIS,age_2044,Female,3,26.067095873
2025,Other,age_2044,Female,4,38.056330604
2025,NHW,age_2044,Male,5,0
2025,NHB,age_2044,Male,6,0
2025,HIS,age_2044,Male,7,0
2025,Other,age_2044,Male,8,0
2025,NHW,age_4554,Female,9,266.22368561
2025,NHB,age_4554,Female,10,266.3854914
2025,HIS,age_4554,Female,11,206.1291841
2025,Other,age_4554,Female,12,286.01765062
2025,NHW,age_4554,Male,13,0
2025,NHB,age_4554,Male,14,0
2025,HIS,age_4554,Male,15,0
2025,Other,age_4554,Male,16,0
2025,NHW,age_5564,Female,17,413.24112428
2025,NHB,age_5564,Female,18,393.69311283
2025,HIS,age_5564,Female,19,289.57648047
2025,Other,age_5564,Female,20,367.22583444
2025,NHW,age_5564,Male,21,0
2025,NHB,age_5564,Male,22,0
2025,HIS,age_5564,Male,23,0
2025,Other,age_5564,Male,24,0
2025,NHW,age_65+,Female,25,444.02081351
2025,NHB,age_65+,Female,26,419.49867584
2025,HIS,age_65+,Female,27,305.41363686
2025,Other,age_65+,Female,28,377.68193158
2025,NHW,age_65+,Male,29,0
2025,NHB,age_65+,Male,30,0
2025,HIS,age_65+,Male,31,0
2025,Other,age_65+,Male,32,0
2026,NHW,age_2044,Female,1,48.372058987
2026,NHB,age_2044,Female,2,40.24182999
2026,HIS,age_2044,Female,3,29.780725939
2026,Other,age_2044,Female,4,43.558678634
2026,NHW,age_2044,Male,5,0
2026,NHB,age_2044,Male,6,0
2026,HIS,age_2044,Male,7,0
2026,Other,age_2044,Male,8,0
2026,NHW,age_4554,Female,9,281.09645944
2026,NHB,age_4554,Female,10,285.62468386
2026,HIS,age_4554,Female,11,223.55056257
2026,Other,age_4554,Female,12,312.63026876
2026,NHW,age_4554,Male,13,0
2026,NHB,age_4554,Male,14,0
2026,HIS,age_4554,Male,15,0
2026,Other,age_4554,Male,16,0
2026,NHW,age_5564,Female,17,429.52864383
2026,NHB,age_5564,Female,18,408.49326639
2026,HIS,age_5564,Female,19,297.87909428
2026,Other,age_5564,Female,20,377.72013327
2026,NHW,age_5564,Male,21,0
2026,NHB,age_5564,Male,22,0
2026,HIS,age_5564,Male,23,0
2026,Other,age_5564,Male,24,0
2026,NHW,age_65+,Female,25,444.98272542
2026,NHB,age_65+,Female,26,421.64719372
2026,HIS,age_65+,Female,27,305.90640228
2026,Other,age_65+,Female,28,383.01579273
2026,NHW,age_65+,Male,29,0
2026,NHB,age_65+,Male,30,0
2026,HIS,age_65+,Male,31,0
2026,Other,age_65+,Male,32,0
2027,NHW,age_2044,Female,1,54.814223946
2027,NHB,age_2044,Female,2,45.340797167
2027,HIS,age_2044,Female,3,33.629633026
2027,Other,age_2044,Female,4,49.383054963
2027,NHW,age_2044,Male,5,0
2027,NHB,age_2044,Male,6,0
2027,HIS,age_2044,Male,7,0
2027,Other,age_2044,Male,8,0
2027,NHW,age_4554,Female,9,294.2911343
2027,NHB,age_4554,Female,10,304.06647567
2027,HIS,age_4554,Female,11,241.09377381
2027,Other,age_4554,Female,12,340.51980514
2027,NHW,age_4554,Male,13,0
2027,NHB,age_4554,Male,14,0
2027,HIS,age_4554,Male,15,0
2027,Other,age_4554,Male,16,0
2027,NHW,age_5564,Female,17,445.94672079
2027,NHB,age_5564,Female,18,423.80671542
2027,HIS,age_5564,Female,19,306.39995928
2027,Other,age_5564,Female,20,388.42497837
2027,NHW,age_5564,Male,21,0
2027,NHB,age_5564,Male,22,0
2027,HIS,age_5564,Male,23,0
2027,Other,age_5564,Male,24,0
2027,NHW,age_65+,Female,25,445.94672108
2027,NHB,age_65+,Female,26,423.80671585
2027,HIS,age_65+,Female,27,306.39995951
2027,Other,age_65+,Female,28,388.42497822
2027,NHW,age_65+,Male,29,0
2027,NHB,age_65+,Male,30,0
2027,HIS,age_65+,Male,31,0
2027,Other,age_65+,Male,32,0
2028,NHW,age_2044,Female,1,66.916381698
2028,NHB,age_2044,Female,2,56.54174912
2028,HIS,age_2044,Female,3,42.472383801
2028,Other,age_2044,Female,4,62.708351792
2028,NHW,age_2044,Male,5,0
2028,NHB,age_2044,Male,6,0
2028,HIS,age_2044,Male,7,0
2028,Other,age_2044,Male,8,0
2028,NHW,age_4554,Female,9,310.38869823
2028,NHB,age_4554,Female,10,316.68468898
2028,HIS,age_4554,Female,11,247.76214759
2028,Other,age_4554,Female,12,350.41969596
2028,NHW,age_4554,Male,13,0
2028,NHB,age_4554,Male,14,0
2028,HIS,age_4554,Male,15,0
2028,Other,age_4554,Male,16,0
2028,NHW,age_5564,Female,17,446.91280472
2028,NHB,age_5564,Female,18,425.97729818
2028,HIS,age_5564,Female,19,306.89431384
2028,Other,age_5564,Female,20,393.91055889
2028,NHW,age_5564,Male,21,0
2028,NHB,age_5564,Male,22,0
2028,HIS,age_5564,Male,23,0
2028,Other,age_5564,Male,24,0
2028,NHW,age_65+,Female,25,446.91280497
2028,NHB,age_65+,Female,26,425.97729759
2028,HIS,age_65+,Female,27,306.8943144
2028,Other,age_65+,Female,28,393.91055657
2028,NHW,age_65+,Male,29,0
2028,NHB,age_65+,Male,30,0
2028,HIS,age_65+,Male,31,0
2028,Other,age_65+,Male,32,0
2029,NHW,age_2044,Female,1,78.743837508
2029,NHB,age_2044,Female,2,67.529565864
2029,HIS,age_2044,Female,3,51.381005397
2029,Other,age_2044,Female,4,76.357390918
2029,NHW,age_2044,Male,5,0
2029,NHB,age_2044,Male,6,0
2029,HIS,age_2044,Male,7,0
2029,Other,age_2044,Male,8,0
2029,NHW,age_4554,Female,9,326.65037821
2029,NHB,age_4554,Female,10,329.7955641
2029,HIS,age_4554,Female,11,254.57080905
2029,Other,age_4554,Female,12,360.45147933
2029,NHW,age_4554,Male,13,0
2029,NHB,age_4554,Male,14,0
2029,HIS,age_4554,Male,15,0
2029,Other,age_4554,Male,16,0
2029,NHW,age_5564,Female,17,447.88098176
2029,NHB,age_5564,Female,18,428.15899828
2029,HIS,age_5564,Female,19,307.38946753
2029,Other,age_5564,Female,20,399.47360884
2029,NHW,age_5564,Male,21,0
2029,NHB,age_5564,Male,22,0
2029,HIS,age_5564,Male,23,0
2029,Other,age_5564,Male,24,0
2029,NHW,age_65+,Female,25,447.8809817
2029,NHB,age_65+,Female,26,428.15899889
2029,HIS,age_65+,Female,27,307.38946644
2029,Other,age_65+,Female,28,399.47360821
2029,NHW,age_65+,Male,29,0
2029,NHB,age_65+,Male,30,0
2029,HIS,age_65+,Male,31,0
2029,Other,age_65+,Male,32,0
2030,NHW,age_2044,Female,1,90.868140237
2030,NHB,age_2044,Female,2,78.926721118
2030,HIS,age_2044,Female,3,60.626508396
2030,Other,age_2044,Female,4,90.644693831
2030,NHW,age_2044,Male,5,0
2030,NHB,age_2044,Male,6,0
2030,HIS,age_2044,Male,7,0
2030,Other,age_2044,Male,8,0
2030,NHW,age_4554,Female,9,342.66037405
2030,NHB,age_4554,Female,10,343.32897599
2030,HIS,age_4554,Female,11,261.47079739
2030,Other,age_4554,Female,12,370.52671928
2030,NHW,age_4554,Male,13,0
2030,NHB,age_4554,Male,14,0
2030,HIS,age_4554,Male,15,0
2030,Other,age_4554,Male,16,0
2030,NHW,age_5564,Female,17,448.85125576
2030,NHB,age_5564,Female,18,430.35187216
2030,HIS,age_5564,Female,19,307.8854178
2030,Other,age_5564,Female,20,405.11522491
2030,NHW,age_5564,Male,21,0
2030,NHB,age_5564,Male,22,0
2030,HIS,age_5564,Male,23,0
2030,Other,age_5564,Male,24,0
2030,NHW,age_65+,Female,25,448.8512559
2030,NHB,age_65+,Female,26,430.35187165
2030,HIS,age_65+,Female,27,307.88541898
2030,Other,age_65+,Female,28,405.11522637
2030,NHW,age_65+,Male,29,0
2030,NHB,age_65+,Male,30,0
2030,HIS,age_65+,Male,31,0
2030,Other,age_65+,Male,32,0
2031,NHW,age_2044,Female,1,102.70839952
2031,NHB,age_2044,Female,2,90.221579603
2031,HIS,age_2044,Female,3,69.93325498
2031,Other,age_2044,Female,4,105.1903758
2031,NHW,age_2044,Male,5,0
2031,NHB,age_2044,Male,6,0
2031,HIS,age_2044,Male,7,0
2031,Other,age_2044,Male,8,0
2031,NHW,age_4554,Female,9,357.85101064
2031,NHB,age_4554,Female,10,356.67405842
2031,HIS,age_4554,Female,11,268.24742397
2031,Other,age_4554,Female,12,380.62349772
2031,NHW,age_4554,Male,13,0
2031,NHB,age_4554,Male,14,0
2031,HIS,age_4554,Male,15,0
2031,Other,age_4554,Male,16,0
2031,NHW,age_5564,Female,17,449.82363206
2031,NHB,age_5564,Female,18,432.55597596
2031,HIS,age_5564,Female,19,308.38216914
2031,Other,age_5564,Female,20,410.83651687
2031,NHW,age_5564,Male,21,0
2031,NHB,age_5564,Male,22,0
2031,HIS,age_5564,Male,23,0
2031,Other,age_5564,Male,24,0
2031,NHW,age_65+,Female,25,449.82363216
2031,NHB,age_65+,Female,26,432.55597549
2031,HIS,age_65+,Female,27,308.38216977
2031,Other,age_65+,Female,28,410.83651337
2031,NHW,age_65+,Male,29,0
2031,NHB,age_65+,Male,30,0
2031,HIS,age_65+,Male,31,0
2031,Other,age_65+,Male,32,0
2032,NHW,age_2044,Female,1,114.65124328
2032,NHB,age_2044,Female,2,101.89518424
2032,HIS,age_2044,Female,3,79.433357646
2032,Other,age_2044,Female,4,120.33754267
2032,NHW,age_2044,Male,5,0
2032,NHB,age_2044,Male,6,0
2032,HIS,age_2044,Male,7,0
2032,Other,age_2044,Male,8,0
2032,NHW,age_4554,Female,9,373.08767861
2032,NHB,age_4554,Female,10,370.00076666
2032,HIS,age_4554,Female,11,275.04192251
2032,Other,age_4554,Female,12,390.80802973
2032,NHW,age_4554,Male,13,0
2032,NHB,age_4554,Male,14,0
2032,HIS,age_4554,Male,15,0
2032,Other,age_4554,Male,16,0
2032,NHW,age_5564,Female,17,450.79811501
2032,NHB,age_5564,Female,18,434.77136798
2032,HIS,age_5564,Female,19,308.87972198
2032,Other,age_5564,Female,20,416.63860344
2032,NHW,age_5564,Male,21,0
2032,NHB,age_5564,Male,22,0
2032,HIS,age_5564,Male,23,0
2032,Other,age_5564,Male,24,0
2032,NHW,age_65+,Female,25,450.79811491
2032,NHB,age_65+,Female,26,434.77136904
2032,HIS,age_65+,Female,27,308.87971919
2032,Other,age_65+,Female,28,416.63860376
2032,NHW,age_65+,Male,29,0
2032,NHB,age_65+,Male,30,0
2032,HIS,age_65+,Male,31,0
2032,Other,age_65+,Male,32,0
2033,NHW,age_2044,Female,1,126.06185965
2033,NHB,age_2044,Female,2,113.34565746
2033,HIS,age_2044,Female,3,88.477557974
2033,Other,age_2044,Female,4,134.03584319
2033,NHW,age_2044,Male,5,0
2033,NHB,age_2044,Male,6,0
2033,HIS,age_2044,Male,7,0
2033,Other,age_2044,Male,8,0
2033,NHW,age_4554,Female,9,388.08580803
2033,NHB,age_4554,Female,10,382.20726867
2033,HIS,age_4554,Female,11,281.26827236
2033,Other,age_4554,Female,12,395.51672033
2033,NHW,age_4554,Male,13,0
2033,NHB,age_4554,Male,14,0
2033,HIS,age_4554,Male,15,0
2033,Other,age_4554,Male,16,0
2033,NHW,age_5564,Female,17,450.79811482
2033,NHB,age_5564,Female,18,434.77136903
2033,HIS,age_5564,Female,19,308.8797218
2033,Other,age_5564,Female,20,416.63860438
2033,NHW,age_5564,Male,21,0
2033,NHB,age_5564,Male,22,0
2033,HIS,age_5564,Male,23,0
2033,Other,age_5564,Male,24,0
2033,NHW,age_65+,Female,25,450.79811482
2033,NHB,age_65+,Female,26,434.7713714
2033,HIS,age_65+,Female,27,308.87972066
2033,Other,age_65+,Female,28,416.63860281
2033,NHW,age_65+,Male,29,0
2033,NHB,age_65+,Male,30,0
2033,HIS,age_65+,Male,31,0
2033,Other,age_65+,Male,32,0
2034,NHW,age_2044,Female,1,137.69001145
2034,NHB,age_2044,Female,2,125.39801347
2034,HIS,age_2044,Female,3,97.654833417
2034,Other,age_2044,Female,4,148.18388094
2034,NHW,age_2044,Male,5,0
2034,NHB,age_2044,Male,6,0
2034,HIS,age_2044,Male,7,0
2034,Other,age_2044,Male,8,0
2034,NHW,age_4554,Female,9,403.51864848
2034,NHB,age_4554,Female,10,394.45712016
2034,HIS,age_4554,Female,11,287.69484156
2034,Other,age_4554,Female,12,400.45682421
2034,NHW,age_4554,Male,13,0
2034,NHB,age_4554,Male,14,0
2034,HIS,age_4554,Male,15,0
2034,Other,age_4554,Male,16,0
2034,NHW,age_5564,Female,17,450.79811489
2034,NHB,age_5564,Female,18,434.77136934
2034,HIS,age_5564,Female,19,308.87972201
2034,Other,age_5564,Female,20,416.63860449
2034,NHW,age_5564,Male,21,0
2034,NHB,age_5564,Male,22,0
2034,HIS,age_5564,Male,23,0
2034,Other,age_5564,Male,24,0
2034,NHW,age_65+,Female,25,450.79811455
2034,NHB,age_65+,Female,26,434.77136898
2034,HIS,age_65+,Female,27,308.8797214
2034,Other,age_65+,Female,28,416.638601
2034,NHW,age_65+,Male,29,0
2034,NHB,age_65+,Male,30,0
2034,HIS,age_65+,Male,31,0
2034,Other,age_65+,Male,32,0
2035,NHW,age_2044,Female,1,149.87272951
2035,NHB,age_2044,Female,2,138.24973881
2035,HIS,age_2044,Female,3,107.42588246
2035,Other,age_2044,Female,4,162.85690044
2035,NHW,age_2044,Male,5,0
2035,NHB,age_2044,Male,6,0
2035,HIS,age_2044,Male,7,0
2035,Other,age_2044,Male,8,0
2035,NHW,age_4554,Female,9,419.74410581
2035,NHB,age_4554,Female,10,407.79759256
2035,HIS,age_4554,Female,11,294.59486006
2035,Other,age_4554,Female,12,405.73761158
2035,NHW,age_4554,Male,13,0
2035,NHB,age_4554,Male,14,0
2035,HIS,age_4554,Male,15,0
2035,Other,age_4554,Male,16,0
2035,NHW,age_5564,Female,17,450.79811487
2035,NHB,age_5564,Female,18,434.77136901
2035,HIS,age_5564,Female,19,308.87972241
2035,Other,age_5564,Female,20,416.63860325
2035,NHW,age_5564,Male,21,0
2035,NHB,age_5564,Male,22,0
2035,HIS,age_5564,Male,23,0
2035,Other,age_5564,Male,24,0
2035,NHW,age_65+,Female,25,450.79811502
2035,NHB,age_65+,Female,26,434.77137061
2035,HIS,age_65+,Female,27,308.87972427
2035,Other,age_65+,Female,28,416.6386072
2035,NHW,age_65+,Male,29,0
2035,NHB,age_65+,Male,30,0
2035,HIS,age_65+,Male,31,0
2035,Other,age_65+,Male,32,0
2036,NHW,age_2044,Female,1,161.99615656
2036,NHB,age_2044,Female,2,150.98419236
2036,HIS,age_2044,Female,3,117.2550314
2036,Other,age_2044,Female,4,177.52369039
2036,NHW,age_2044,Male,5,0
2036,NHB,age_2044,Male,6,0
2036,HIS,age_2044,Male,7,0
2036,Other,age_2044,Male,8,0
2036,NHW,age_4554,Female,9,435.82860439
2036,NHB,age_4554,Female,10,421.46011222
2036,HIS,age_4554,Female,11,301.67618139
2036,Other,age_4554,Female,12,411.09517663
2036,NHW,age_4554,Male,13,0
2036,NHB,age_4554,Male,14,0
2036,HIS,age_4554,Male,15,0
2036,Other,age_4554,Male,16,0
2036,NHW,age_5564,Female,17,450.79811502
2036,NHB,age_5564,Female,18,434.77136914
2036,HIS,age_5564,Female,19,308.87972161
2036,Other,age_5564,Female,20,416.63860426
2036,NHW,age_5564,Male,21,0
2036,NHB,age_5564,Male,22,0
2036,HIS,age_5564,Male,23,0
2036,Other,age_5564,Male,24,0
2036,NHW,age_65+,Female,25,450.79811515
2036,NHB,age_65+,Female,26,434.77136707
2036,HIS,age_65+,Female,27,308.87972137
2036,Other,age_65+,Female,28,416.63860264
2036,NHW,age_65+,Male,29,0
2036,NHB,age_65+,Male,30,0
2036,HIS,age_65+,Male,31,0
2036,Other,age_65+,Male,32,0
2037,NHW,age_2044,Female,1,173.97718301
2037,NHB,age_2044,Female,2,163.72042363
2037,HIS,age_2044,Female,3,127.29187606
2037,Other,age_2044,Female,4,192.3734334
2037,NHW,age_2044,Male,5,0
2037,NHB,age_2044,Male,6,0
2037,HIS,age_2044,Male,7,0
2037,Other,age_2044,Male,8,0
2037,NHW,age_4554,Female,9,450.79811501
2037,NHB,age_4554,Female,10,434.77136953
2037,HIS,age_4554,Female,11,308.87972143
2037,Other,age_4554,Female,12,416.63860409
2037,NHW,age_4554,Male,13,0
2037,NHB,age_4554,Male,14,0
2037,HIS,age_4554,Male,15,0
2037,Other,age_4554,Male,16,0
2037,NHW,age_5564,Female,17,450.79811488
2037,NHB,age_5564,Female,18,434.77136941
2037,HIS,age_5564,Female,19,308.87972146
2037,Other,age_5564,Female,20,416.63860541
2037,NHW,age_5564,Male,21,0
2037,NHB,age_5564,Male,22,0
2037,HIS,age_5564,Male,23,0
2037,Other,age_5564,Male,24,0
2037,NHW,age_65+,Female,25,450.7981145
2037,NHB,age_65+,Female,26,434.77136836
2037,HIS,age_65+,Female,27,308.87971979
2037,Other,age_65+,Female,28,416.638601
2037,NHW,age_65+,Male,29,0
2037,NHB,age_65+,Male,30,0
2037,HIS,age_65+,Male,31,0
2037,Other,age_65+,Male,32,0
2038,NHW,age_2044,Female,1,191.56378928
2038,NHB,age_2044,Female,2,180.53997487
2038,HIS,age_2044,Female,3,139.35479432
2038,Other,age_2044,Female,4,208.89103639
2038,NHW,age_2044,Male,5,0
2038,NHB,age_2044,Male,6,0
2038,HIS,age_2044,Male,7,0
2038,Other,age_2044,Male,8,0
2038,NHW,age_4554,Female,9,450.79811488
2038,NHB,age_4554,Female,10,434.77137012
2038,HIS,age_4554,Female,11,308.87972144
2038,Other,age_4554,Female,12,416.63860294
2038,NHW,age_4554,Male,13,0
2038,NHB,age_4554,Male,14,0
2038,HIS,age_4554,Male,15,0
2038,Other,age_4554,Male,16,0
2038,NHW,age_5564,Female,17,450.79811495
2038,NHB,age_5564,Female,18,434.77136991
2038,HIS,age_5564,Female,19,308.87972216
2038,Other,age_5564,Female,20,416.63860379
2038,NHW,age_5564,Male,21,0
2038,NHB,age_5564,Male,22,0
2038,HIS,age_5564,Male,23,0
2038,Other,age_5564,Male,24,0
2038,NHW,age_65+,Female,25,450.79811495
2038,NHB,age_65+,Female,26,434.77136794
2038,HIS,age_65+,Female,27,308.87972011
2038,Other,age_65+,Female,28,416.63860699
2038,NHW,age_65+,Male,29,0
2038,NHB,age_65+,Male,30,0
2038,HIS,age_65+,Male,31,0
2038,Other,age_65+,Male,32,0
2039,NHW,age_2044,Female,1,208.86144087
2039,NHB,age_2044,Female,2,197.08048074
2039,HIS,age_2044,Female,3,151.46422661
2039,Other,age_2044,Female,4,225.45288797
2039,NHW,age_2044,Male,5,0
2039,NHB,age_2044,Male,6,0
2039,HIS,age_2044,Male,7,0
2039,Other,age_2044,Male,8,0
2039,NHW,age_4554,Female,9,450.79811486
2039,NHB,age_4554,Female,10,434.77136921
2039,HIS,age_4554,Female,11,308.87972211
2039,Other,age_4554,Female,12,416.63860379
2039,NHW,age_4554,Male,13,0
2039,NHB,age_4554,Male,14,0
2039,HIS,age_4554,Male,15,0
2039,Other,age_4554,Male,16,0
2039,NHW,age_5564,Female,17,450.79811486
2039,NHB,age_5564,Female,18,434.77136978
2039,HIS,age_5564,Female,19,308.87972173
2039,Other,age_5564,Female,20,416.63860372
2039,NHW,age_5564,Male,21,0
2039,NHB,age_5564,Male,22,0
2039,HIS,age_5564,Male,23,0
2039,Other,age_5564,Male,24,0
2039,NHW,age_65+,Female,25,450.79811506
2039,NHB,age_65+,Female,26,434.77136799
2039,HIS,age_65+,Female,27,308.87972237
2039,Other,age_65+,Female,28,416.63860823
2039,NHW,age_65+,Male,29,0
2039,NHB,age_65+,Male,30,0
2039,HIS,age_65+,Male,31,0
2039,Other,age_65+,Male,32,0
2040,NHW,age_2044,Female,1,226.43131812
2040,NHB,age_2044,Female,2,213.81030887
2040,HIS,age_2044,Female,3,163.84856237
2040,Other,age_2044,Female,4,242.27632184
2040,NHW,age_2044,Male,5,0
2040,NHB,age_2044,Male,6,0
2040,HIS,age_2044,Male,7,0
2040,Other,age_2044,Male,8,0
2040,NHW,age_4554,Female,9,450.79811489
2040,NHB,age_4554,Female,10,434.77136961
2040,HIS,age_4554,Female,11,308.87972139
2040,Other,age_4554,Female,12,416.63860366
2040,NHW,age_4554,Male,13,0
2040,NHB,age_4554,Male,14,0
2040,HIS,age_4554,Male,15,0
2040,Other,age_4554,Male,16,0
2040,NHW,age_5564,Female,17,450.79811507
2040,NHB,age_5564,Female,18,434.7713683
2040,HIS,age_5564,Female,19,308.87972155
2040,Other,age_5564,Female,20,416.63860365
2040,NHW,age_5564,Male,21,0
2040,NHB,age_5564,Male,22,0
2040,HIS,age_5564,Male,23,0
2040,Other,age_5564,Male,24,0
2040,NHW,age_65+,Female,25,450.79811511
2040,NHB,age_65+,Female,26,434.77137042
2040,HIS,age_65+,Female,27,308.87971993
2040,Other,age_65+,Female,28,416.63860372
2040,NHW,age_65+,Male,29,0
2040,NHB,age_65+,Male,30,0
2040,HIS,age_65+,Male,31,0
2040,Other,age_65+,Male,32,0
2041,NHW,age_2044,Female,1,243.67487533
2041,NHB,age_2044,Female,2,230.28997789
2041,HIS,age_2044,Female,3,176.29295326
2041,Other,age_2044,Female,4,259.17618552
2041,NHW,age_2044,Male,5,0
2041,NHB,age_2044,Male,6,0
2041,HIS,age_2044,Male,7,0
2041,Other,age_2044,Male,8,0
2041,NHW,age_4554,Female,9,450.79811479
2041,NHB,age_4554,Female,10,434.77136951
2041,HIS,age_4554,Female,11,308.87972177
2041,Other,age_4554,Female,12,416.63860421
2041,NHW,age_4554,Male,13,0
2041,NHB,age_4554,Male,14,0
2041,HIS,age_4554,Male,15,0
2041,Other,age_4554,Male,16,0
2041,NHW,age_5564,Female,17,450.79811476
2041,NHB,age_5564,Female,18,434.77137028
2041,HIS,age_5564,Female,19,308.87972101
2041,Other,age_5564,Female,20,416.63860287
2041,NHW,age_5564,Male,21,0
2041,NHB,age_5564,Male,22,0
2041,HIS,age_5564,Male,23,0
2041,Other,age_5564,Male,24,0
2041,NHW,age_65+,Female,25,450.79811501
2041,NHB,age_65+,Female,26,434.7713678
2041,HIS,age_65+,Female,27,308.87972023
2041,Other,age_65+,Female,28,416.63860806
2041,NHW,age_65+,Male,29,0
2041,NHB,age_65+,Male,30,0
2041,HIS,age_65+,Male,31,0
2041,Other,age_65+,Male,32,0
2042,NHW,age_2044,Female,1,261.07354569
2042,NHB,age_2044,Female,2,247.11697973
2042,HIS,age_2044,Female,3,188.91653812
2042,Other,age_2044,Female,4,276.29902846
2042,NHW,age_2044,Male,5,0
2042,NHB,age_2044,Male,6,0
2042,HIS,age_2044,Male,7,0
2042,Other,age_2044,Male,8,0
2042,NHW,age_4554,Female,9,450.79811487
2042,NHB,age_4554,Female,10,434.77136914
2042,HIS,age_4554,Female,11,308.87972162
2042,Other,age_4554,Female,12,416.63860506
2042,NHW,age_4554,Male,13,0
2042,NHB,age_4554,Male,14,0
2042,HIS,age_4554,Male,15,0
2042,Other,age_4554,Male,16,0
2042,NHW,age_5564,Female,17,450.79811491
2042,NHB,age_5564,Female,18,434.77136857
2042,HIS,age_5564,Female,19,308.87972159
2042,Other,age_5564,Female,20,416.63860509
2042,NHW,age_5564,Male,21,0
2042,NHB,age_5564,Male,22,0
2042,HIS,age_5564,Male,23,0
2042,Other,age_5564,Male,24,0
2042,NHW,age_65+,Female,25,450.79811493
2042,NHB,age_65+,Female,26,434.77137043
2042,HIS,age_65+,Female,27,308.87972432
2042,Other,age_65+,Female,28,416.6386036
2042,NHW,age_65+,Male,29,0
2042,NHB,age_65+,Male,30,0
2042,HIS,age_65+,Male,31,0
2042,Other,age_65+,Male,32,0
2043,NHW,age_2044,Female,1,272.55084894
2043,NHB,age_2044,Female,2,258.56806054
2043,HIS,age_2044,Female,3,196.92983215
2043,Other,age_2044,Female,4,287.23002799
2043,NHW,age_2044,Male,5,0
2043,NHB,age_2044,Male,6,0
2043,HIS,age_2044,Male,7,0
2043,Other,age_2044,Male,8,0
2043,NHW,age_4554,Female,9,450.79811498
2043,NHB,age_4554,Female,10,434.77136906
2043,HIS,age_4554,Female,11,308.87972207
2043,Other,age_4554,Female,12,416.6386032
2043,NHW,age_4554,Male,13,0
2043,NHB,age_4554,Male,14,0
2043,HIS,age_4554,Male,15,0
2043,Other,age_4554,Male,16,0
2043,NHW,age_5564,Female,17,450.79811487
2043,NHB,age_5564,Female,18,434.77136953
2043,HIS,age_5564,Female,19,308.87972111
2043,Other,age_5564,Female,20,416.63860135
2043,NHW,age_5564,Male,21,0
2043,NHB,age_5564,Male,22,0
2043,HIS,age_5564,Male,23,0
2043,Other,age_5564,Male,24,0
2043,NHW,age_65+,Female,25,450.79811447
2043,NHB,age_65+,Female,26,434.77136598
2043,HIS,age_65+,Female,27,308.87972688
2043,Other,age_65+,Female,28,416.63859233
2043,NHW,age_65+,Male,29,0
2043,NHB,age_65+,Male,30,0
2043,HIS,age_65+,Male,31,0
2043,Other,age_65+,Male,32,0
2044,NHW,age_2044,Female,1,284.25884398
2044,NHB,age_2044,Female,2,270.69775133
2044,HIS,age_2044,Female,3,205.12637087
2044,Other,age_2044,Female,4,298.56491022
2044,NHW,age_2044,Male,5,0
2044,NHB,age_2044,Male,6,0
2044,HIS,age_2044,Male,7,0
2044,Other,age_2044,Male,8,0
2044,NHW,age_4554,Female,9,450.79811481
2044,NHB,age_4554,Female,10,434.77136957
2044,HIS,age_4554,Female,11,308.87972169
2044,Other,age_4554,Female,12,416.63860368
2044,NHW,age_4554,Male,13,0
2044,NHB,age_4554,Male,14,0
2044,HIS,age_4554,Male,15,0
2044,Other,age_4554,Male,16,0
2044,NHW,age_5564,Female,17,450.79811479
2044,NHB,age_5564,Female,18,434.77136972
2044,HIS,age_5564,Female,19,308.87972185
2044,Other,age_5564,Female,20,416.63860367
2044,NHW,age_5564,Male,21,0
2044,NHB,age_5564,Male,22,0
2044,HIS,age_5564,Male,23,0
2044,Other,age_5564,Male,24,0
2044,NHW,age_65+,Female,25,450.79811454
2044,NHB,age_65+,Female,26,434.77136571
2044,HIS,age_65+,Female,27,308.87972392
2044,Other,age_65+,Female,28,416.638613
2044,NHW,age_65+,Male,29,0
2044,NHB,age_65+,Male,30,0
2044,HIS,age_65+,Male,31,0
2044,Other,age_65+,Male,32,0
2045,NHW,age_2044,Female,1,296.55557753
2045,NHB,age_2044,Female,2,283.65807848
2045,HIS,age_2044,Female,3,213.85194372
2045,Other,age_2044,Female,4,310.21134833
2045,NHW,age_2044,Male,5,0
2045,NHB,age_2044,Male,6,0
2045,HIS,age_2044,Male,7,0
2045,Other,age_2044,Male,8,0
2045,NHW,age_4554,Female,9,450.79811489
2045,NHB,age_4554,Female,10,434.77136947
2045,HIS,age_4554,Female,11,308.87972224
2045,Other,age_4554,Female,12,416.63860316
2045,NHW,age_4554,Male,13,0
2045,NHB,age_4554,Male,14,0
2045,HIS,age_4554,Male,15,0
2045,Other,age_4554,Male,16,0
2045,NHW,age_5564,Female,17,450.79811493
2045,NHB,age_5564,Female,18,434.77136755
2045,HIS,age_5564,Female,19,308.87972115
2045,Other,age_5564,Female,20,416.63860533
2045,NHW,age_5564,Male,21,0
2045,NHB,age_5564,Male,22,0
2045,HIS,age_5564,Male,23,0
2045,Other,age_5564,Male,24,0
2045,NHW,age_65+,Female,25,450.798116
2045,NHB,age_65+,Female,26,434.77136394
2045,HIS,age_65+,Female,27,308.87972371
2045,Other,age_65+,Female,28,416.63860726
2045,NHW,age_65+,Male,29,0
2045,NHB,age_65+,Male,30,0
2045,HIS,age_65+,Male,31,0
2045,Other,age_65+,Male,32,0
2046,NHW,age_2044,Female,1,308.80589674
2046,NHB,age_2044,Female,2,296.63851678
2046,HIS,age_2044,Female,3,222.76376085
2046,Other,age_2044,Female,4,321.95242892
2046,NHW,age_2044,Male,5,0
2046,NHB,age_2044,Male,6,0
2046,HIS,age_2044,Male,7,0
2046,Other,age_2044,Male,8,0
2046,NHW,age_4554,Female,9,450.79811497
2046,NHB,age_4554,Female,10,434.7713696
2046,HIS,age_4554,Female,11,308.87972196
2046,Other,age_4554,Female,12,416.63860421
2046,NHW,age_4554,Male,13,0
2046,NHB,age_4554,Male,14,0
2046,HIS,age_4554,Male,15,0
2046,Other,age_4554,Male,16,0
2046,NHW,age_5564,Female,17,450.7981148
2046,NHB,age_5564,Female,18,434.77136868
2046,HIS,age_5564,Female,19,308.87972281
2046,Other,age_5564,Female,20,416.63860581
2046,NHW,age_5564,Male,21,0
2046,NHB,age_5564,Male,22,0
2046,HIS,age_5564,Male,23,0
2046,Other,age_5564,Male,24,0
2046,NHW,age_65+,Female,25,450.798116
2046,NHB,age_65+,Female,26,434.77137302
2046,HIS,age_65+,Female,27,308.87972564
2046,Other,age_65+,Female,28,416.63859316
2046,NHW,age_65+,Male,29,0
2046,NHB,age_65+,Male,30,0
2046,HIS,age_65+,Male,31,0
2046,Other,age_65+,Male,32,0
2047,NHW,age_2044,Female,1,320.95938066
2047,NHB,age_2044,Female,2,309.62686372
2047,HIS,age_2044,Female,3,231.90657293
2047,Other,age_2044,Female,4,333.67040597
2047,NHW,age_2044,Male,5,0
2047,NHB,age_2044,Male,6,0
2047,HIS,age_2044,Male,7,0
2047,Other,age_2044,Male,8,0
2047,NHW,age_4554,Female,9,450.79811496
2047,NHB,age_4554,Female,10,434.77136968
2047,HIS,age_4554,Female,11,308.87972209
2047,Other,age_4554,Female,12,416.63860337
2047,NHW,age_4554,Male,13,0
2047,NHB,age_4554,Male,14,0
2047,HIS,age_4554,Male,15,0
2047,Other,age_4554,Male,16,0
2047,NHW,age_5564,Female,17,450.79811487
2047,NHB,age_5564,Female,18,434.77136965
2047,HIS,age_5564,Female,19,308.87972169
2047,Other,age_5564,Female,20,416.63860542
2047,NHW,age_5564,Male,21,0
2047,NHB,age_5564,Male,22,0
2047,HIS,age_5564,Male,23,0
2047,Other,age_5564,Male,24,0
2047,NHW,age_65+,Female,25,450.79811519
2047,NHB,age_65+,Female,26,434.77136974
2047,HIS,age_65+,Female,27,308.87972536
2047,Other,age_65+,Female,28,416.63859228
2047,NHW,age_65+,Male,29,0
2047,NHB,age_65+,Male,30,0
2047,HIS,age_65+,Male,31,0
2047,Other,age_65+,Male,32,0
2048,NHW,age_2044,Female,1,332.99332587
2048,NHB,age_2044,Female,2,322.54525475
2048,HIS,age_2044,Female,3,241.09158199
2048,Other,age_2044,Female,4,345.43995286
2048,NHW,age_2044,Male,5,0
2048,NHB,age_2044,Male,6,0
2048,HIS,age_2044,Male,7,0
2048,Other,age_2044,Male,8,0
2048,NHW,age_4554,Female,9,450.79811499
2048,NHB,age_4554,Female,10,434.77136946
2048,HIS,age_4554,Female,11,308.87972185
2048,Other,age_4554,Female,12,416.63860369
2048,NHW,age_4554,Male,13,0
2048,NHB,age_4554,Male,14,0
2048,HIS,age_4554,Male,15,0
2048,Other,age_4554,Male,16,0
2048,NHW,age_5564,Female,17,450.798115
2048,NHB,age_5564,Female,18,434.77136965
2048,HIS,age_5564,Female,19,308.87972035
2048,Other,age_5564,Female,20,416.63860196
2048,NHW,age_5564,Male,21,0
2048,NHB,age_5564,Male,22,0
2048,HIS,age_5564,Male,23,0
2048,Other,age_5564,Male,24,0
2048,NHW,age_65+,Female,25,450.79811464
2048,NHB,age_65+,Female,26,434.77137163
2048,HIS,age_65+,Female,27,308.87971465
2048,Other,age_65+,Female,28,416.63859305
2048,NHW,age_65+,Male,29,0
2048,NHB,age_65+,Male,30,0
2048,HIS,age_65+,Male,31,0
2048,Other,age_65+,Male,32,0
2049,NHW,age_2044,Female,1,344.91280141
2049,NHB,age_2044,Female,2,335.35907398
2049,HIS,age_2044,Female,3,250.40114447
2049,Other,age_2044,Female,4,357.31690403
2049,NHW,age_2044,Male,5,0
2049,NHB,age_2044,Male,6,0
2049,HIS,age_2044,Male,7,0
2049,Other,age_2044,Male,8,0
2049,NHW,age_4554,Female,9,450.79811478
2049,NHB,age_4554,Female,10,434.77136978
2049,HIS,age_4554,Female,11,308.87972193
2049,Other,age_4554,Female,12,416.6386033
2049,NHW,age_4554,Male,13,0
2049,NHB,age_4554,Male,14,0
2049,HIS,age_4554,Male,15,0
2049,Other,age_4554,Male,16,0
2049,NHW,age_5564,Female,17,450.79811495
2049,NHB,age_5564,Female,18,434.77137066
2049,HIS,age_5564,Female,19,308.87972373
2049,Other,age_5564,Female,20,416.63860365
2049,NHW,age_5564,Male,21,0
2049,NHB,age_5564,Male,22,0
2049,HIS,age_5564,Male,23,0
2049,Other,age_5564,Male,24,0
2049,NHW,age_65+,Female,25,450.79811495
2049,NHB,age_65+,Female,26,434.77135946
2049,HIS,age_65+,Female,27,308.87972697
2049,Other,age_65+,Female,28,416.63861255
2049,NHW,age_65+,Male,29,0
2049,NHB,age_65+,Male,30,0
2049,HIS,age_65+,Male,31,0
2049,Other,age_65+,Male,32,0
2050,NHW,age_2044,Female,1,357.03674345
2050,NHB,age_2044,Female,2,348.16117875
2050,HIS,age_2044,Female,3,259.88093517
2050,Other,age_2044,Female,4,369.36523029
2050,NHW,age_2044,Male,5,0
2050,NHB,age_2044,Male,6,0
2050,HIS,age_2044,Male,7,0
2050,Other,age_2044,Male,8,0
2050,NHW,age_4554,Female,9,450.798115
2050,NHB,age_4554,Female,10,434.77136944
2050,HIS,age_4554,Female,11,308.87972075
2050,Other,age_4554,Female,12,416.63860186
2050,NHW,age_4554,Male,13,0
2050,NHB,age_4554,Male,14,0
2050,HIS,age_4554,Male,15,0
2050,Other,age_4554,Male,16,0
2050,NHW,age_5564,Female,17,450.79811482
2050,NHB,age_5564,Female,18,434.77136916
2050,HIS,age_5564,Female,19,308.87972112
2050,Other,age_5564,Female,20,416.63860494
2050,NHW,age_5564,Male,21,0
2050,NHB,age_5564,Male,22,0
2050,HIS,age_5564,Male,23,0
2050,Other,age_5564,Male,24,0
2050,NHW,age_65+,Female,25,450.79811536
2050,NHB,age_65+,Female,26,434.77137811
2050,HIS,age_65+,Female,27,308.87972007
2050,Other,age_65+,Female,28,416.63858507
2050,NHW,age_65+,Male,29,0
2050,NHB,age_65+,Male,30,0
2050,HIS,age_65+,Male,31,0
2050,Other,age_65+,Male,32,0
2051,NHW,age_2044,Female,1,369.09189612
2051,NHB,age_2044,Female,2,360.82502006
2051,HIS,age_2044,Female,3,269.46905201
2051,Other,age_2044,Female,4,381.63763626
2051,NHW,age_2044,Male,5,0
2051,NHB,age_2044,Male,6,0
2051,HIS,age_2044,Male,7,0
2051,Other,age_2044,Male,8,0
2051,NHW,age_4554,Female,9,450.79811493
2051,NHB,age_4554,Female,10,434.77136874
2051,HIS,age_4554,Female,11,308.87972271
2051,Other,age_4554,Female,12,416.63860268
2051,NHW,age_4554,Male,13,0
2051,NHB,age_4554,Male,14,0
2051,HIS,age_4554,Male,15,0
2051,Other,age_4554,Male,16,0
2051,NHW,age_5564,Female,17,450.79811484
2051,NHB,age_5564,Female,18,434.7713705
2051,HIS,age_5564,Female,19,308.87972352
2051,Other,age_5564,Female,20,416.63860415
2051,NHW,age_5564,Male,21,0
2051,NHB,age_5564,Male,22,0
2051,HIS,age_5564,Male,23,0
2051,Other,age_5564,Male,24,0
2051,NHW,age_65+,Female,25,450.79811638
2051,NHB,age_65+,Female,26,434.77137695
2051,HIS,age_65+,Female,27,308.87971983
2051,Other,age_65+,Female,28,416.63861719
2051,NHW,age_65+,Male,29,0
2051,NHB,age_65+,Male,30,0
2051,HIS,age_65+,Male,31,0
2051,Other,age_65+,Male,32,0
2052,NHW,age_2044,Female,1,381.16072723
2052,NHB,age_2044,Female,2,373.7302824
2052,HIS,age_2044,Female,3,279.25556796
2052,Other,age_2044,Female,4,394.15001702
2052,NHW,age_2044,Male,5,0
2052,NHB,age_2044,Male,6,0
2052,HIS,age_2044,Male,7,0
2052,Other,age_2044,Male,8,0
2052,NHW,age_4554,Female,9,450.79811502
2052,NHB,age_4554,Female,10,434.77136891
2052,HIS,age_4554,Female,11,308.87972149
2052,Other,age_4554,Female,12,416.6386032
2052,NHW,age_4554,Male,13,0
2052,NHB,age_4554,Male,14,0
2052,HIS,age_4554,Male,15,0
2052,Other,age_4554,Male,16,0
2052,NHW,age_5564,Female,17,450.79811522
2052,NHB,age_5564,Female,18,434.77136843
2052,HIS,age_5564,Female,19,308.87972436
2052,Other,age_5564,Female,20,416.63860581
2052,NHW,age_5564,Male,21,0
2052,NHB,age_5564,Male,22,0
2052,HIS,age_5564,Male,23,0
2052,Other,age_5564,Male,24,0
2052,NHW,age_65+,Female,25,450.79811342
2052,NHB,age_65+,Female,26,434.77135819
2052,HIS,age_65+,Female,27,308.87973173
2052,Other,age_65+,Female,28,416.63860296
2052,NHW,age_65+,Male,29,0
2052,NHB,age_65+,Male,30,0
2052,HIS,age_65+,Male,31,0
2052,Other,age_65+,Male,32,0
2053,NHW,age_2044,Female,1,387.69937351
2053,NHB,age_2044,Female,2,378.94086053
2053,HIS,age_2044,Female,3,281.72943433
2053,Other,age_2044,Female,4,396.13946683
2053,NHW,age_2044,Male,5,0
2053,NHB,age_2044,Male,6,0
2053,HIS,age_2044,Male,7,0
2053,Other,age_2044,Male,8,0
2053,NHW,age_4554,Female,9,450.7981149
2053,NHB,age_4554,Female,10,434.77136901
2053,HIS,age_4554,Female,11,308.87972117
2053,Other,age_4554,Female,12,416.63860214
2053,NHW,age_4554,Male,13,0
2053,NHB,age_4554,Male,14,0
2053,HIS,age_4554,Male,15,0
2053,Other,age_4554,Male,16,0
2053,NHW,age_5564,Female,17,450.79811526
2053,NHB,age_5564,Female,18,434.77137096
2053,HIS,age_5564,Female,19,308.87972292
2053,Other,age_5564,Female,20,416.63859994
2053,NHW,age_5564,Male,21,0
2053,NHB,age_5564,Male,22,0
2053,HIS,age_5564,Male,23,0
2053,Other,age_5564,Male,24,0
2053,NHW,age_65+,Female,25,0
2053,NHB,age_65+,Female,26,0
2053,HIS,age_65+,Female,27,0
2053,Other,age_65+,Female,28,0
2053,NHW,age_65+,Male,29,0
2053,NHB,age_65+,Male,30,0
2053,HIS,age_65+,Male,31,0
2053,Other,age_65+,Male,32,0
2054,NHW,age_2044,Female,1,394.40786018
2054,NHB,age_2044,Female,2,384.5640494
2054,HIS,age_2044,Female,3,284.28108233
2054,Other,age_2044,Female,4,398.21740559
2054,NHW,age_2044,Male,5,0
2054,NHB,age_2044,Male,6,0
2054,HIS,age_2044,Male,7,0
2054,Other,age_2044,Male,8,0
2054,NHW,age_4554,Female,9,450.79811479
2054,NHB,age_4554,Female,10,434.77136888
2054,HIS,age_4554,Female,11,308.87972121
2054,Other,age_4554,Female,12,416.63860602
2054,NHW,age_4554,Male,13,0
2054,NHB,age_4554,Male,14,0
2054,HIS,age_4554,Male,15,0
2054,Other,age_4554,Male,16,0
2054,NHW,age_5564,Female,17,450.79811475
2054,NHB,age_5564,Female,18,434.77136884
2054,HIS,age_5564,Female,19,308.87972045
2054,Other,age_5564,Female,20,416.63861016
2054,NHW,age_5564,Male,21,0
2054,NHB,age_5564,Male,22,0
2054,HIS,age_5564,Male,23,0
2054,Other,age_5564,Male,24,0
2054,NHW,age_65+,Female,25,0
2054,NHB,age_65+,Female,26,0
2054,HIS,age_65+,Female,27,0
2054,Other,age_65+,Female,28,0
2054,NHW,age_65+,Male,29,0
2054,NHB,age_65+,Male,30,0
2054,HIS,age_65+,Male,31,0
2054,Other,age_65+,Male,32,0
2055,NHW,age_2044,Female,1,401.44198111
2055,NHB,age_2044,Female,2,390.62703785
2055,HIS,age_2044,Female,3,287.01026622
2055,Other,age_2044,Female,4,400.36135084
2055,NHW,age_2044,Male,5,0
2055,NHB,age_2044,Male,6,0
2055,HIS,age_2044,Male,7,0
2055,Other,age_2044,Male,8,0
2055,NHW,age_4554,Female,9,450.79811509
2055,NHB,age_4554,Female,10,434.77136794
2055,HIS,age_4554,Female,11,308.87972179
2055,Other,age_4554,Female,12,416.63860468
2055,NHW,age_4554,Male,13,0
2055,NHB,age_4554,Male,14,0
2055,HIS,age_4554,Male,15,0
2055,Other,age_4554,Male,16,0
2055,NHW,age_5564,Female,17,450.79811452
2055,NHB,age_5564,Female,18,434.77137014
2055,HIS,age_5564,Female,19,308.87972009
2055,Other,age_5564,Female,20,416.63860282
2055,NHW,age_5564,Male,21,0
2055,NHB,age_5564,Male,22,0
2055,HIS,age_5564,Male,23,0
2055,Other,age_5564,Male,24,0
2055,NHW,age_65+,Female,25,0
2055,NHB,age_65+,Female,26,0
2055,HIS,age_65+,Female,27,0
2055,Other,age_65+,Female,28,0
2055,NHW,age_65+,Male,29,0
2055,NHB,age_65+,Male,30,0
2055,HIS,age_65+,Male,31,0
2055,Other,age_65+,Male,32,0
2056,NHW,age_2044,Female,1,408.5290621
2056,NHB,age_2044,Female,2,396.87256269
2056,HIS,age_2044,Female,3,289.8489665
2056,Other,age_2044,Female,4,402.54748209
2056,NHW,age_2044,Male,5,0
2056,NHB,age_2044,Male,6,0
2056,HIS,age_2044,Male,7,0
2056,Other,age_2044,Male,8,0
2056,NHW,age_4554,Female,9,450.7981148
2056,NHB,age_4554,Female,10,434.77136924
2056,HIS,age_4554,Female,11,308.87972108
2056,Other,age_4554,Female,12,416.6386038
2056,NHW,age_4554,Male,13,0
2056,NHB,age_4554,Male,14,0
2056,HIS,age_4554,Male,15,0
2056,Other,age_4554,Male,16,0
2056,NHW,age_5564,Female,17,450.79811388
2056,NHB,age_5564,Female,18,434.77137062
2056,HIS,age_5564,Female,19,308.87972152
2056,Other,age_5564,Female,20,416.63861265
2056,NHW,age_5564,Male,21,0
2056,NHB,age_5564,Male,22,0
2056,HIS,age_5564,Male,23,0
2056,Other,age_5564,Male,24,0
2056,NHW,age_65+,Female,25,0
2056,NHB,age_65+,Female,26,0
2056,HIS,age_65+,Female,27,0
2056,Other,age_65+,Female,28,0
2056,NHW,age_65+,Male,29,0
2056,NHB,age_65+,Male,30,0
2056,HIS,age_65+,Male,31,0
2056,Other,age_65+,Male,32,0
2057,NHW,age_2044,Female,1,415.49537219
2057,NHB,age_2044,Female,2,403.152555
2057,HIS,age_2044,Female,3,292.79639958
2057,Other,age_2044,Female,4,404.74190518
2057,NHW,age_2044,Male,5,0
2057,NHB,age_2044,Male,6,0
2057,HIS,age_2044,Male,7,0
2057,Other,age_2044,Male,8,0
2057,NHW,age_4554,Female,9,450.79811483
2057,NHB,age_4554,Female,10,434.77136995
2057,HIS,age_4554,Female,11,308.87972043
2057,Other,age_4554,Female,12,416.63860418
2057,NHW,age_4554,Male,13,0
2057,NHB,age_4554,Male,14,0
2057,HIS,age_4554,Male,15,0
2057,Other,age_4554,Male,16,0
2057,NHW,age_5564,Female,17,450.79811481
2057,NHB,age_5564,Female,18,434.77136384
2057,HIS,age_5564,Female,19,308.87972198
2057,Other,age_5564,Female,20,416.63861187
2057,NHW,age_5564,Male,21,0
2057,NHB,age_5564,Male,22,0
2057,HIS,age_5564,Male,23,0
2057,Other,age_5564,Male,24,0
2057,NHW,age_65+,Female,25,0
2057,NHB,age_65+,Female,26,0
2057,HIS,age_65+,Female,27,0
2057,Other,age_65+,Female,28,0
2057,NHW,age_65+,Male,29,0
2057,NHB,age_65+,Male,30,0
2057,HIS,age_65+,Male,31,0
2057,Other,age_65+,Male,32,0
2058,NHW,age_2044,Female,1,422.36946373
2058,NHB,age_2044,Female,2,409.45170293
2058,HIS,age_2044,Female,3,295.79557649
2058,Other,age_2044,Female,4,406.97202222
2058,NHW,age_2044,Male,5,0
2058,NHB,age_2044,Male,6,0
2058,HIS,age_2044,Male,7,0
2058,Other,age_2044,Male,8,0
2058,NHW,age_4554,Female,9,450.79811473
2058,NHB,age_4554,Female,10,434.77137058
2058,HIS,age_4554,Female,11,308.87972031
2058,Other,age_4554,Female,12,416.63860417
2058,NHW,age_4554,Male,13,0
2058,NHB,age_4554,Male,14,0
2058,HIS,age_4554,Male,15,0
2058,Other,age_4554,Male,16,0
2058,NHW,age_5564,Female,17,450.79811535
2058,NHB,age_5564,Female,18,434.7713687
2058,HIS,age_5564,Female,19,308.87972199
2058,Other,age_5564,Female,20,416.63860264
2058,NHW,age_5564,Male,21,0
2058,NHB,age_5564,Male,22,0
2058,HIS,age_5564,Male,23,0
2058,Other,age_5564,Male,24,0
2058,NHW,age_65+,Female,25,0
2058,NHB,age_65+,Female,26,0
2058,HIS,age_65+,Female,27,0
2058,Other,age_65+,Female,28,0
2058,NHW,age_65+,Male,29,0
2058,NHB,age_65+,Male,30,0
2058,HIS,age_65+,Male,31,0
2058,Other,age_65+,Male,32,0
2059,NHW,age_2044,Female,1,429.30655806
2059,NHB,age_2044,Female,2,415.78346934
2059,HIS,age_2044,Female,3,298.90148977
2059,Other,age_2044,Female,4,409.25979017
2059,NHW,age_2044,Male,5,0
2059,NHB,age_2044,Male,6,0
2059,HIS,age_2044,Male,7,0
2059,Other,age_2044,Male,8,0
2059,NHW,age_4554,Female,9,450.79811496
2059,NHB,age_4554,Female,10,434.77136872
2059,HIS,age_4554,Female,11,308.87972086
2059,Other,age_4554,Female,12,416.63860248
2059,NHW,age_4554,Male,13,0
2059,NHB,age_4554,Male,14,0
2059,HIS,age_4554,Male,15,0
2059,Other,age_4554,Male,16,0
2059,NHW,age_5564,Female,17,450.79811504
2059,NHB,age_5564,Female,18,434.77136203
2059,HIS,age_5564,Female,19,308.87972743
2059,Other,age_5564,Female,20,416.63860164
2059,NHW,age_5564,Male,21,0
2059,NHB,age_5564,Male,22,0
2059,HIS,age_5564,Male,23,0
2059,Other,age_5564,Male,24,0
2059,NHW,age_65+,Female,25,0
2059,NHB,age_65+,Female,26,0
2059,HIS,age_65+,Female,27,0
2059,Other,age_65+,Female,28,0
2059,NHW,age_65+,Male,29,0
2059,NHB,age_65+,Male,30,0
2059,HIS,age_65+,Male,31,0
2059,Other,age_65+,Male,32,0
2060,NHW,age_2044,Female,1,436.32873506
2060,NHB,age_2044,Female,2,422.04782313
2060,HIS,age_2044,Female,3,302.10617872
2060,Other,age_2044,Female,4,411.61868221
2060,NHW,age_2044,Male,5,0
2060,NHB,age_2044,Male,6,0
2060,HIS,age_2044,Male,7,0
2060,Other,age_2044,Male,8,0
2060,NHW,age_4554,Female,9,450.79811496
2060,NHB,age_4554,Female,10,434.77136984
2060,HIS,age_4554,Female,11,308.87972236
2060,Other,age_4554,Female,12,416.63860397
2060,NHW,age_4554,Male,13,0
2060,NHB,age_4554,Male,14,0
2060,HIS,age_4554,Male,15,0
2060,Other,age_4554,Male,16,0
2060,NHW,age_5564,Female,17,450.79811372
2060,NHB,age_5564,Female,18,434.77136786
2060,HIS,age_5564,Female,19,308.87972563
2060,Other,age_5564,Female,20,416.63858676
2060,NHW,age_5564,Male,21,0
2060,NHB,age_5564,Male,22,0
2060,HIS,age_5564,Male,23,0
2060,Other,age_5564,Male,24,0
2060,NHW,age_65+,Female,25,0
2060,NHB,age_65+,Female,26,0
2060,HIS,age_65+,Female,27,0
2060,Other,age_65+,Female,28,0
2060,NHW,age_65+,Male,29,0
2060,NHB,age_65+,Male,30,0
2060,HIS,age_65+,Male,31,0
2060,Other,age_65+,Male,32,0
2061,NHW,age_2044,Female,1,436.32873506
2061,NHB,age_2044,Female,2,422.04782313
2061,HIS,age_2044,Female,3,302.10617872
2061,Other,age_2044,Female,4,411.61868221
2061,NHW,age_2044,Male,5,0
2061,NHB,age_2044,Male,6,0
2061,HIS,age_2044,Male,7,0
2061,Other,age_2044,Male,8,0
2061,NHW,age_4554,Female,9,450.79811496
2061,NHB,age_4554,Female,10,434.77136984
2061,HIS,age_4554,Female,11,308.87972236
2061,Other,age_4554,Female,12,416.63860397
2061,NHW,age_4554,Male,13,0
2061,NHB,age_4554,Male,14,0
2061,HIS,age_4554,Male,15,0
2061,Other,age_4554,Male,16,0
2061,NHW,age_5564,Female,17,450.79811372
2061,NHB,age_5564,Female,18,434.77136786
2061,HIS,age_5564,Female,19,308.87972563
2061,Other,age_5564,Female,20,416.63858676
2061,NHW,age_5564,Male,21,0
2061,NHB,age_5564,Male,22,0
2061,HIS,age_5564,Male,23,0
2061,Other,age_5564,Male,24,0
2061,NHW,age_65+,Female,25,0
2061,NHB,age_65+,Female,26,0
2061,HIS,age_65+,Female,27,0
2061,Other,age_65+,Female,28,0
2061,NHW,age_65+,Male,29,0
2061,NHB,age_65+,Male,30,0
2061,HIS,age_65+,Male,31,0
2061,Other,age_65+,Male,32,0
2062,NHW,age_2044,Female,1,436.32873506
2062,NHB,age_2044,Female,2,422.04782313
2062,HIS,age_2044,Female,3,302.10617872
2062,Other,age_2044,Female,4,411.61868221
2062,NHW,age_2044,Male,5,0
2062,NHB,age_2044,Male,6,0
2062,HIS,age_2044,Male,7,0
2062,Other,age_2044,Male,8,0
2062,NHW,age_4554,Female,9,450.79811496
2062,NHB,age_4554,Female,10,434.77136984
2062,HIS,age_4554,Female,11,308.87972236
2062,Other,age_4554,Female,12,416.63860397
2062,NHW,age_4554,Male,13,0
2062,NHB,age_4554,Male,14,0
2062,HIS,age_4554,Male,15,0
2062,Other,age_4554,Male,16,0
2062,NHW,age_5564,Female,17,450.79811372
2062,NHB,age_5564,Female,18,434.77136786
2062,HIS,age_5564,Female,19,308.87972563
2062,Other,age_5564,Female,20,416.63858676
2062,NHW,age_5564,Male,21,0
2062,NHB,age_5564,Male,22,0
2062,HIS,age_5564,Male,23,0
2062,Other,age_5564,Male,24,0
2062,NHW,age_65+,Female,25,0
2062,NHB,age_65+,Female,26,0
2062,HIS,age_65+,Female,27,0
2062,Other,age_65+,Female,28,0
2062,NHW,age_65+,Male,29,0
2062,NHB,age_65+,Male,30,0
2062,HIS,age_65+,Male,31,0
2062,Other,age_65+,Male,32,0
2063,NHW,age_2044,Female,1,436.32873506
2063,NHB,age_2044,Female,2,422.04782313
2063,HIS,age_2044,Female,3,302.10617872
2063,Other,age_2044,Female,4,411.61868221
2063,NHW,age_2044,Male,5,0
2063,NHB,age_2044,Male,6,0
2063,HIS,age_2044,Male,7,0
2063,Other,age_2044,Male,8,0
2063,NHW,age_4554,Female,9,450.79811496
2063,NHB,age_4554,Female,10,434.77136984
2063,HIS,age_4554,Female,11,308.87972236
2063,Other,age_4554,Female,12,416.63860397
2063,NHW,age_4554,Male,13,0
2063,NHB,age_4554,Male,14,0
2063,HIS,age_4554,Male,15,0
2063,Other,age_4554,Male,16,0
2063,NHW,age_5564,Female,17,450.79811372
2063,NHB,age_5564,Female,18,434.77136786
2063,HIS,age_5564,Female,19,308.87972563
2063,Other,age_5564,Female,20,416.63858676
2063,NHW,age_5564,Male,21,0
2063,NHB,age_5564,Male,22,0
2063,HIS,age_5564,Male,23,0
2063,Other,age_5564,Male,24,0
2063,NHW,age_65+,Female,25,0
2063,NHB,age_65+,Female,26,0
2063,HIS,age_65+,Female,27,0
2063,Other,age_65+,Female,28,0
2063,NHW,age_65+,Male,29,0
2063,NHB,age_65+,Male,30,0
2063,HIS,age_65+,Male,31,0
2063,Other,age_65+,Male,32,0
2064,NHW,age_2044,Female,1,436.32873506
2064,NHB,age_2044,Female,2,422.04782313
2064,HIS,age_2044,Female,3,302.10617872
2064,Other,age_2044,Female,4,411.61868221
2064,NHW,age_2044,Male,5,0
2064,NHB,age_2044,Male,6,0
2064,HIS,age_2044,Male,7,0
2064,Other,age_2044,Male,8,0
2064,NHW,age_4554,Female,9,450.79811496
2064,NHB,age_4554,Female,10,434.77136984
2064,HIS,age_4554,Female,11,308.87972236
2064,Other,age_4554,Female,12,416.63860397
2064,NHW,age_4554,Male,13,0
2064,NHB,age_4554,Male,14,0
2064,HIS,age_4554,Male,15,0
2064,Other,age_4554,Male,16,0
2064,NHW,age_5564,Female,17,450.79811372
2064,NHB,age_5564,Female,18,434.77136786
2064,HIS,age_5564,Female,19,308.87972563
2064,Other,age_5564,Female,20,416.63858676
2064,NHW,age_5564,Male,21,0
2064,NHB,age_5564,Male,22,0
2064,HIS,age_5564,Male,23,0
2064,Other,age_5564,Male,24,0
2064,NHW,age_65+,Female,25,0
2064,NHB,age_65+,Female,26,0
2064,HIS,age_65+,Female,27,0
2064,Other,age_65+,Female,28,0
2064,NHW,age_65+,Male,29,0
2064,NHB,age_65+,Male,30,0
2064,HIS,age_65+,Male,31,0
2064,Other,age_65+,Male,32,0
2065,NHW,age_2044,Female,1,436.32873506
2065,NHB,age_2044,Female,2,422.04782313
2065,HIS,age_2044,Female,3,302.10617872
2065,Other,age_2044,Female,4,411.61868221
2065,NHW,age_2044,Male,5,0
2065,NHB,age_2044,Male,6,0
2065,HIS,age_2044,Male,7,0
2065,Other,age_2044,Male,8,0
2065,NHW,age_4554,Female,9,450.79811496
2065,NHB,age_4554,Female,10,434.77136984
2065,HIS,age_4554,Female,11,308.87972236
2065,Other,age_4554,Female,12,416.63860397
2065,NHW,age_4554,Male,13,0
2065,NHB,age_4554,Male,14,0
2065,HIS,age_4554,Male,15,0
2065,Other,age_4554,Male,16,0
2065,NHW,age_5564,Female,17,450.79811372
2065,NHB,age_5564,Female,18,434.77136786
2065,HIS,age_5564,Female,19,308.87972563
2065,Other,age_5564,Female,20,416.63858676
2065,NHW,age_5564,Male,21,0
2065,NHB,age_5564,Male,22,0
2065,HIS,age_5564,Male,23,0
2065,Other,age_5564,Male,24,0
2065,NHW,age_65+,Female,25,0
2065,NHB,age_65+,Female,26,0
2065,HIS,age_65+,Female,27,0
2065,Other,age_65+,Female,28,0
2065,NHW,age_65+,Male,29,0
2065,NHB,age_65+,Male,30,0
2065,HIS,age_65+,Male,31,0
2065,Other,age_65+,Male,32,0
2066,NHW,age_2044,Female,1,436.32873506
2066,NHB,age_2044,Female,2,422.04782313
2066,HIS,age_2044,Female,3,302.10617872
2066,Other,age_2044,Female,4,411.61868221
2066,NHW,age_2044,Male,5,0
2066,NHB,age_2044,Male,6,0
2066,HIS,age_2044,Male,7,0
2066,Other,age_2044,Male,8,0
2066,NHW,age_4554,Female,9,450.79811496
2066,NHB,age_4554,Female,10,434.77136984
2066,HIS,age_4554,Female,11,308.87972236
2066,Other,age_4554,Female,12,416.63860397
2066,NHW,age_4554,Male,13,0
2066,NHB,age_4554,Male,14,0
2066,HIS,age_4554,Male,15,0
2066,Other,age_4554,Male,16,0
2066,NHW,age_5564,Female,17,450.79811372
2066,NHB,age_5564,Female,18,434.77136786
2066,HIS,age_5564,Female,19,308.87972563
2066,Other,age_5564,Female,20,416.63858676
2066,NHW,age_5564,Male,21,0
2066,NHB,age_5564,Male,22,0
2066,HIS,age_5564,Male,23,0
2066,Other,age_5564,Male,24,0
2066,NHW,age_65+,Female,25,0
2066,NHB,age_65+,Female,26,0
2066,HIS,age_65+,Female,27,0
2066,Other,age_65+,Female,28,0
2066,NHW,age_65+,Male,29,0
2066,NHB,age_65+,Male,30,0
2066,HIS,age_65+,Male,31,0
2066,Other,age_65+,Male,32,0
2067,NHW,age_2044,Female,1,436.32873506
2067,NHB,age_2044,Female,2,422.04782313
2067,HIS,age_2044,Female,3,302.10617872
2067,Other,age_2044,Female,4,411.61868221
2067,NHW,age_2044,Male,5,0
2067,NHB,age_2044,Male,6,0
2067,HIS,age_2044,Male,7,0
2067,Other,age_2044,Male,8,0
2067,NHW,age_4554,Female,9,450.79811496
2067,NHB,age_4554,Female,10,434.77136984
2067,HIS,age_4554,Female,11,308.87972236
2067,Other,age_4554,Female,12,416.63860397
2067,NHW,age_4554,Male,13,0
2067,NHB,age_4554,Male,14,0
2067,HIS,age_4554,Male,15,0
2067,Other,age_4554,Male,16,0
2067,NHW,age_5564,Female,17,450.79811372
2067,NHB,age_5564,Female,18,434.77136786
2067,HIS,age_5564,Female,19,308.87972563
2067,Other,age_5564,Female,20,416.63858676
2067,NHW,age_5564,Male,21,0
2067,NHB,age_5564,Male,22,0
2067,HIS,age_5564,Male,23,0
2067,Other,age_5564,Male,24,0
2067,NHW,age_65+,Female,25,0
2067,NHB,age_65+,Female,26,0
2067,HIS,age_65+,Female,27,0
2067,Other,age_65+,Female,28,0
2067,NHW,age_65+,Male,29,0
2067,NHB,age_65+,Male,30,0
2067,HIS,age_65+,Male,31,0
2067,Other,age_65+,Male,32,0
2068,NHW,age_2044,Female,1,436.32873506
2068,NHB,age_2044,Female,2,422.04782313
2068,HIS,age_2044,Female,3,302.10617872
2068,Other,age_2044,Female,4,411.61868221
2068,NHW,age_2044,Male,5,0
2068,NHB,age_2044,Male,6,0
2068,HIS,age_2044,Male,7,0
2068,Other,age_2044,Male,8,0
2068,NHW,age_4554,Female,9,450.79811496
2068,NHB,age_4554,Female,10,434.77136984
2068,HIS,age_4554,Female,11,308.87972236
2068,Other,age_4554,Female,12,416.63860397
2068,NHW,age_4554,Male,13,0
2068,NHB,age_4554,Male,14,0
2068,HIS,age_4554,Male,15,0
2068,Other,age_4554,Male,16,0
2068,NHW,age_5564,Female,17,450.79811372
2068,NHB,age_5564,Female,18,434.77136786
2068,HIS,age_5564,Female,19,308.87972563
2068,Other,age_5564,Female,20,416.63858676
2068,NHW,age_5564,Male,21,0
2068,NHB,age_5564,Male,22,0
2068,HIS,age_5564,Male,23,0
2068,Other,age_5564,Male,24,0
2068,NHW,age_65+,Female,25,0
2068,NHB,age_65+,Female,26,0
2068,HIS,age_65+,Female,27,0
2068,Other,age_65+,Female,28,0
2068,NHW,age_65+,Male,29,0
2068,NHB,age_65+,Male,30,0
2068,HIS,age_65+,Male,31,0
2068,Other,age_65+,Male,32,0
2069,NHW,age_2044,Female,1,436.32873506
2069,NHB,age_2044,Female,2,422.04782313
2069,HIS,age_2044,Female,3,302.10617872
2069,Other,age_2044,Female,4,411.61868221
2069,NHW,age_2044,Male,5,0
2069,NHB,age_2044,Male,6,0
2069,HIS,age_2044,Male,7,0
2069,Other,age_2044,Male,8,0
2069,NHW,age_4554,Female,9,450.79811496
2069,NHB,age_4554,Female,10,434.77136984
2069,HIS,age_4554,Female,11,308.87972236
2069,Other,age_4554,Female,12,416.63860397
2069,NHW,age_4554,Male,13,0
2069,NHB,age_4554,Male,14,0
2069,HIS,age_4554,Male,15,0
2069,Other,age_4554,Male,16,0
2069,NHW,age_5564,Female,17,450.79811372
2069,NHB,age_5564,Female,18,434.77136786
2069,HIS,age_5564,Female,19,308.87972563
2069,Other,age_5564,Female,20,416.63858676
2069,NHW,age_5564,Male,21,0
2069,NHB,age_5564,Male,22,0
2069,HIS,age_5564,Male,23,0
2069,Other,age_5564,Male,24,0
2069,NHW,age_65+,Female,25,0
2069,NHB,age_65+,Female,26,0
2069,HIS,age_65+,Female,27,0
2069,Other,age_65+,Female,28,0
2069,NHW,age_65+,Male,29,0
2069,NHB,age_65+,Male,30,0
2069,HIS,age_65+,Male,31,0
2069,Other,age_65+,Male,32,0
2070,NHW,age_2044,Female,1,436.32873506
2070,NHB,age_2044,Female,2,422.04782313
2070,HIS,age_2044,Female,3,302.10617872
2070,Other,age_2044,Female,4,411.61868221
2070,NHW,age_2044,Male,5,0
2070,NHB,age_2044,Male,6,0
2070,HIS,age_2044,Male,7,0
2070,Other,age_2044,Male,8,0
2070,NHW,age_4554,Female,9,450.79811496
2070,NHB,age_4554,Female,10,434.77136984
2070,HIS,age_4554,Female,11,308.87972236
2070,Other,age_4554,Female,12,416.63860397
2070,NHW,age_4554,Male,13,0
2070,NHB,age_4554,Male,14,0
2070,HIS,age_4554,Male,15,0
2070,Other,age_4554,Male,16,0
2070,NHW,age_5564,Female,17,450.79811372
2070,NHB,age_5564,Female,18,434.77136786
2070,HIS,age_5564,Female,19,308.87972563
2070,Other,age_5564,Female,20,416.63858676
2070,NHW,age_5564,Male,21,0
2070,NHB,age_5564,Male,22,0
2070,HIS,age_5564,Male,23,0
2070,Other,age_5564,Male,24,0
2070,NHW,age_65+,Female,25,0
2070,NHB,age_65+,Female,26,0
2070,HIS,age_65+,Female,27,0
2070,Other,age_65+,Female,28,0
2070,NHW,age_65+,Male,29,0
2070,NHB,age_65+,Male,30,0
2070,HIS,age_65+,Male,31,0
2070,Other,age_65+,Male,32,0
2071,NHW,age_2044,Female,1,436.32873506
2071,NHB,age_2044,Female,2,422.04782313
2071,HIS,age_2044,Female,3,302.10617872
2071,Other,age_2044,Female,4,411.61868221
2071,NHW,age_2044,Male,5,0
2071,NHB,age_2044,Male,6,0
2071,HIS,age_2044,Male,7,0
2071,Other,age_2044,Male,8,0
2071,NHW,age_4554,Female,9,450.79811496
2071,NHB,age_4554,Female,10,434.77136984
2071,HIS,age_4554,Female,11,308.87972236
2071,Other,age_4554,Female,12,416.63860397
2071,NHW,age_4554,Male,13,0
2071,NHB,age_4554,Male,14,0
2071,HIS,age_4554,Male,15,0
2071,Other,age_4554,Male,16,0
2071,NHW,age_5564,Female,17,450.79811372
2071,NHB,age_5564,Female,18,434.77136786
2071,HIS,age_5564,Female,19,308.87972563
2071,Other,age_5564,Female,20,416.63858676
2071,NHW,age_5564,Male,21,0
2071,NHB,age_5564,Male,22,0
2071,HIS,age_5564,Male,23,0
2071,Other,age_5564,Male,24,0
2071,NHW,age_65+,Female,25,0
2071,NHB,age_65+,Female,26,0
2071,HIS,age_65+,Female,27,0
2071,Other,age_65+,Female,28,0
2071,NHW,age_65+,Male,29,0
2071,NHB,age_65+,Male,30,0
2071,HIS,age_65+,Male,31,0
2071,Other,age_65+,Male,32,0
2072,NHW,age_2044,Female,1,436.32873506
2072,NHB,age_2044,Female,2,422.04782313
2072,HIS,age_2044,Female,3,302.10617872
2072,Other,age_2044,Female,4,411.61868221
2072,NHW,age_2044,Male,5,0
2072,NHB,age_2044,Male,6,0
2072,HIS,age_2044,Male,7,0
2072,Other,age_2044,Male,8,0
2072,NHW,age_4554,Female,9,450.79811496
2072,NHB,age_4554,Female,10,434.77136984
2072,HIS,age_4554,Female,11,308.87972236
2072,Other,age_4554,Female,12,416.63860397
2072,NHW,age_4554,Male,13,0
2072,NHB,age_4554,Male,14,0
2072,HIS,age_4554,Male,15,0
2072,Other,age_4554,Male,16,0
2072,NHW,age_5564,Female,17,450.79811372
2072,NHB,age_5564,Female,18,434.77136786
2072,HIS,age_5564,Female,19,308.87972563
2072,Other,age_5564,Female,20,416.63858676
2072,NHW,age_5564,Male,21,0
2072,NHB,age_5564,Male,22,0
2072,HIS,age_5564,Male,23,0
2072,Other,age_5564,Male,24,0
2072,NHW,age_65+,Female,25,0
2072,NHB,age_65+,Female,26,0
2072,HIS,age_65+,Female,27,0
2072,Other,age_65+,Female,28,0
2072,NHW,age_65+,Male,29,0
2072,NHB,age_65+,Male,30,0
2072,HIS,age_65+,Male,31,0
2072,Other,age_65+,Male,32,0
2073,NHW,age_2044,Female,1,436.32873506
2073,NHB,age_2044,Female,2,422.04782313
2073,HIS,age_2044,Female,3,302.10617872
2073,Other,age_2044,Female,4,411.61868221
2073,NHW,age_2044,Male,5,0
2073,NHB,age_2044,Male,6,0
2073,HIS,age_2044,Male,7,0
2073,Other,age_2044,Male,8,0
2073,NHW,age_4554,Female,9,450.79811496
2073,NHB,age_4554,Female,10,434.77136984
2073,HIS,age_4554,Female,11,308.87972236
2073,Other,age_4554,Female,12,416.63860397
2073,NHW,age_4554,Male,13,0
2073,NHB,age_4554,Male,14,0
2073,HIS,age_4554,Male,15,0
2073,Other,age_4554,Male,16,0
2073,NHW,age_5564,Female,17,450.79811372
2073,NHB,age_5564,Female,18,434.77136786
2073,HIS,age_5564,Female,19,308.87972563
2073,Other,age_5564,Female,20,416.63858676
2073,NHW,age_5564,Male,21,0
2073,NHB,age_5564,Male,22,0
2073,HIS,age_5564,Male,23,0
2073,Other,age_5564,Male,24,0
2073,NHW,age_65+,Female,25,0
2073,NHB,age_65+,Female,26,0
2073,HIS,age_65+,Female,27,0
2073,Other,age_65+,Female,28,0
2073,NHW,age_65+,Male,29,0
2073,NHB,age_65+,Male,30,0
2073,HIS,age_65+,Male,31,0
2073,Other,age_65+,Male,32,0
2074,NHW,age_2044,Female,1,436.32873506
2074,NHB,age_2044,Female,2,422.04782313
2074,HIS,age_2044,Female,3,302.10617872
2074,Other,age_2044,Female,4,411.61868221
2074,NHW,age_2044,Male,5,0
2074,NHB,age_2044,Male,6,0
2074,HIS,age_2044,Male,7,0
2074,Other,age_2044,Male,8,0
2074,NHW,age_4554,Female,9,450.79811496
2074,NHB,age_4554,Female,10,434.77136984
2074,HIS,age_4554,Female,11,308.87972236
2074,Other,age_4554,Female,12,416.63860397
2074,NHW,age_4554,Male,13,0
2074,NHB,age_4554,Male,14,0
2074,HIS,age_4554,Male,15,0
2074,Other,age_4554,Male,16,0
2074,NHW,age_5564,Female,17,450.79811372
2074,NHB,age_5564,Female,18,434.77136786
2074,HIS,age_5564,Female,19,308.87972563
2074,Other,age_5564,Female,20,416.63858676
2074,NHW,age_5564,Male,21,0
2074,NHB,age_5564,Male,22,0
2074,HIS,age_5564,Male,23,0
2074,Other,age_5564,Male,24,0
2074,NHW,age_65+,Female,25,0
2074,NHB,age_65+,Female,26,0
2074,HIS,age_65+,Female,27,0
2074,Other,age_65+,Female,28,0
2074,NHW,age_65+,Male,29,0
2074,NHB,age_65+,Male,30,0
2074,HIS,age_65+,Male,31,0
2074,Other,age_65+,Male,32,0
2075,NHW,age_2044,Female,1,436.32873506
2075,NHB,age_2044,Female,2,422.04782313
2075,HIS,age_2044,Female,3,302.10617872
2075,Other,age_2044,Female,4,411.61868221
2075,NHW,age_2044,Male,5,0
2075,NHB,age_2044,Male,6,0
2075,HIS,age_2044,Male,7,0
2075,Other,age_2044,Male,8,0
2075,NHW,age_4554,Female,9,450.79811496
2075,NHB,age_4554,Female,10,434.77136984
2075,HIS,age_4554,Female,11,308.87972236
2075,Other,age_4554,Female,12,416.63860397
2075,NHW,age_4554,Male,13,0
2075,NHB,age_4554,Male,14,0
2075,HIS,age_4554,Male,15,0
2075,Other,age_4554,Male,16,0
2075,NHW,age_5564,Female,17,450.79811372
2075,NHB,age_5564,Female,18,434.77136786
2075,HIS,age_5564,Female,19,308.87972563
2075,Other,age_5564,Female,20,416.63858676
2075,NHW,age_5564,Male,21,0
2075,NHB,age_5564,Male,22,0
2075,HIS,age_5564,Male,23,0
2075,Other,age_5564,Male,24,0
2075,NHW,age_65+,Female,25,0
2075,NHB,age_65+,Female,26,0
2075,HIS,age_65+,Female,27,0
2075,Other,age_65+,Female,28,0
2075,NHW,age_65+,Male,29,0
2075,NHB,age_65+,Male,30,0
2075,HIS,age_65+,Male,31,0
2075,Other,age_65+,Male,32,0
2076,NHW,age_2044,Female,1,436.32873506
2076,NHB,age_2044,Female,2,422.04782313
2076,HIS,age_2044,Female,3,302.10617872
2076,Other,age_2044,Female,4,411.61868221
2076,NHW,age_2044,Male,5,0
2076,NHB,age_2044,Male,6,0
2076,HIS,age_2044,Male,7,0
2076,Other,age_2044,Male,8,0
2076,NHW,age_4554,Female,9,450.79811496
2076,NHB,age_4554,Female,10,434.77136984
2076,HIS,age_4554,Female,11,308.87972236
2076,Other,age_4554,Female,12,416.63860397
2076,NHW,age_4554,Male,13,0
2076,NHB,age_4554,Male,14,0
2076,HIS,age_4554,Male,15,0
2076,Other,age_4554,Male,16,0
2076,NHW,age_5564,Female,17,450.79811372
2076,NHB,age_5564,Female,18,434.77136786
2076,HIS,age_5564,Female,19,308.87972563
2076,Other,age_5564,Female,20,416.63858676
2076,NHW,age_5564,Male,21,0
2076,NHB,age_5564,Male,22,0
2076,HIS,age_5564,Male,23,0
2076,Other,age_5564,Male,24,0
2076,NHW,age_65+,Female,25,0
2076,NHB,age_65+,Female,26,0
2076,HIS,age_65+,Female,27,0
2076,Other,age_65+,Female,28,0
2076,NHW,age_65+,Male,29,0
2076,NHB,age_65+,Male,30,0
2076,HIS,age_65+,Male,31,0
2076,Other,age_65+,Male,32,0
2077,NHW,age_2044,Female,1,436.32873506
2077,NHB,age_2044,Female,2,422.04782313
2077,HIS,age_2044,Female,3,302.10617872
2077,Other,age_2044,Female,4,411.61868221
2077,NHW,age_2044,Male,5,0
2077,NHB,age_2044,Male,6,0
2077,HIS,age_2044,Male,7,0
2077,Other,age_2044,Male,8,0
2077,NHW,age_4554,Female,9,450.79811496
2077,NHB,age_4554,Female,10,434.77136984
2077,HIS,age_4554,Female,11,308.87972236
2077,Other,age_4554,Female,12,416.63860397
2077,NHW,age_4554,Male,13,0
2077,NHB,age_4554,Male,14,0
2077,HIS,age_4554,Male,15,0
2077,Other,age_4554,Male,16,0
2077,NHW,age_5564,Female,17,450.79811372
2077,NHB,age_5564,Female,18,434.77136786
2077,HIS,age_5564,Female,19,308.87972563
2077,Other,age_5564,Female,20,416.63858676
2077,NHW,age_5564,Male,21,0
2077,NHB,age_5564,Male,22,0
2077,HIS,age_5564,Male,23,0
2077,Other,age_5564,Male,24,0
2077,NHW,age_65+,Female,25,0
2077,NHB,age_65+,Female,26,0
2077,HIS,age_65+,Female,27,0
2077,Other,age_65+,Female,28,0
2077,NHW,age_65+,Male,29,0
2077,NHB,age_65+,Male,30,0
2077,HIS,age_65+,Male,31,0
2077,Other,age_65+,Male,32,0
2078,NHW,age_2044,Female,1,436.32873506
2078,NHB,age_2044,Female,2,422.04782313
2078,HIS,age_2044,Female,3,302.10617872
2078,Other,age_2044,Female,4,411.61868221
2078,NHW,age_2044,Male,5,0
2078,NHB,age_2044,Male,6,0
2078,HIS,age_2044,Male,7,0
2078,Other,age_2044,Male,8,0
2078,NHW,age_4554,Female,9,450.79811496
2078,NHB,age_4554,Female,10,434.77136984
2078,HIS,age_4554,Female,11,308.87972236
2078,Other,age_4554,Female,12,416.63860397
2078,NHW,age_4554,Male,13,0
2078,NHB,age_4554,Male,14,0
2078,HIS,age_4554,Male,15,0
2078,Other,age_4554,Male,16,0
2078,NHW,age_5564,Female,17,450.79811372
2078,NHB,age_5564,Female,18,434.77136786
2078,HIS,age_5564,Female,19,308.87972563
2078,Other,age_5564,Female,20,416.63858676
2078,NHW,age_5564,Male,21,0
2078,NHB,age_5564,Male,22,0
2078,HIS,age_5564,Male,23,0
2078,Other,age_5564,Male,24,0
2078,NHW,age_65+,Female,25,0
2078,NHB,age_65+,Female,26,0
2078,HIS,age_65+,Female,27,0
2078,Other,age_65+,Female,28,0
2078,NHW,age_65+,Male,29,0
2078,NHB,age_65+,Male,30,0
2078,HIS,age_65+,Male,31,0
2078,Other,age_65+,Male,32,0
2079,NHW,age_2044,Female,1,436.32873506
2079,NHB,age_2044,Female,2,422.04782313
2079,HIS,age_2044,Female,3,302.10617872
2079,Other,age_2044,Female,4,411.61868221
2079,NHW,age_2044,Male,5,0
2079,NHB,age_2044,Male,6,0
2079,HIS,age_2044,Male,7,0
2079,Other,age_2044,Male,8,0
2079,NHW,age_4554,Female,9,450.79811496
2079,NHB,age_4554,Female,10,434.77136984
2079,HIS,age_4554,Female,11,308.87972236
2079,Other,age_4554,Female,12,416.63860397
2079,NHW,age_4554,Male,13,0
2079,NHB,age_4554,Male,14,0
2079,HIS,age_4554,Male,15,0
2079,Other,age_4554,Male,16,0
2079,NHW,age_5564,Female,17,450.79811372
2079,NHB,age_5564,Female,18,434.77136786
2079,HIS,age_5564,Female,19,308.87972563
2079,Other,age_5564,Female,20,416.63858676
2079,NHW,age_5564,Male,21,0
2079,NHB,age_5564,Male,22,0
2079,HIS,age_5564,Male,23,0
2079,Other,age_5564,Male,24,0
2079,NHW,age_65+,Female,25,0
2079,NHB,age_65+,Female,26,0
2079,HIS,age_65+,Female,27,0
2079,Other,age_65+,Female,28,0
2079,NHW,age_65+,Male,29,0
2079,NHB,age_65+,Male,30,0
2079,HIS,age_65+,Male,31,0
2079,Other,age_65+,Male,32,0
2080,NHW,age_2044,Female,1,436.32873506
2080,NHB,age_2044,Female,2,422.04782313
2080,HIS,age_2044,Female,3,302.10617872
2080,Other,age_2044,Female,4,411.61868221
2080,NHW,age_2044,Male,5,0
2080,NHB,age_2044,Male,6,0
2080,HIS,age_2044,Male,7,0
2080,Other,age_2044,Male,8,0
2080,NHW,age_4554,Female,9,450.79811496
2080,NHB,age_4554,Female,10,434.77136984
2080,HIS,age_4554,Female,11,308.87972236
2080,Other,age_4554,Female,12,416.63860397
2080,NHW,age_4554,Male,13,0
2080,NHB,age_4554,Male,14,0
2080,HIS,age_4554,Male,15,0
2080,Other,age_4554,Male,16,0
2080,NHW,age_5564,Female,17,450.79811372
2080,NHB,age_5564,Female,18,434.77136786
2080,HIS,age_5564,Female,19,308.87972563
2080,Other,age_5564,Female,20,416.63858676
2080,NHW,age_5564,Male,21,0
2080,NHB,age_5564,Male,22,0
2080,HIS,age_5564,Male,23,0
2080,Other,age_5564,Male,24,0
2080,NHW,age_65+,Female,25,0
2080,NHB,age_65+,Female,26,0
2080,HIS,age_65+,Female,27,0
2080,Other,age_65+,Female,28,0
2080,NHW,age_65+,Male,29,0
2080,NHB,age_65+,Male,30,0
2080,HIS,age_65+,Male,31,0
2080,Other,age_65+,Male,32,0
2081,NHW,age_2044,Female,1,436.32873506
2081,NHB,age_2044,Female,2,422.04782313
2081,HIS,age_2044,Female,3,302.10617872
2081,Other,age_2044,Female,4,411.61868221
2081,NHW,age_2044,Male,5,0
2081,NHB,age_2044,Male,6,0
2081,HIS,age_2044,Male,7,0
2081,Other,age_2044,Male,8,0
2081,NHW,age_4554,Female,9,450.79811496
2081,NHB,age_4554,Female,10,434.77136984
2081,HIS,age_4554,Female,11,308.87972236
2081,Other,age_4554,Female,12,416.63860397
2081,NHW,age_4554,Male,13,0
2081,NHB,age_4554,Male,14,0
2081,HIS,age_4554,Male,15,0
2081,Other,age_4554,Male,16,0
2081,NHW,age_5564,Female,17,450.79811372
2081,NHB,age_5564,Female,18,434.77136786
2081,HIS,age_5564,Female,19,308.87972563
2081,Other,age_5564,Female,20,416.63858676
2081,NHW,age_5564,Male,21,0
2081,NHB,age_5564,Male,22,0
2081,HIS,age_5564,Male,23,0
2081,Other,age_5564,Male,24,0
2081,NHW,age_65+,Female,25,0
2081,NHB,age_65+,Female,26,0
2081,HIS,age_65+,Female,27,0
2081,Other,age_65+,Female,28,0
2081,NHW,age_65+,Male,29,0
2081,NHB,age_65+,Male,30,0
2081,HIS,age_65+,Male,31,0
2081,Other,age_65+,Male,32,0
2082,NHW,age_2044,Female,1,436.32873506
2082,NHB,age_2044,Female,2,422.04782313
2082,HIS,age_2044,Female,3,302.10617872
2082,Other,age_2044,Female,4,411.61868221
2082,NHW,age_2044,Male,5,0
2082,NHB,age_2044,Male,6,0
2082,HIS,age_2044,Male,7,0
2082,Other,age_2044,Male,8,0
2082,NHW,age_4554,Female,9,450.79811496
2082,NHB,age_4554,Female,10,434.77136984
2082,HIS,age_4554,Female,11,308.87972236
2082,Other,age_4554,Female,12,416.63860397
2082,NHW,age_4554,Male,13,0
2082,NHB,age_4554,Male,14,0
2082,HIS,age_4554,Male,15,0
2082,Other,age_4554,Male,16,0
2082,NHW,age_5564,Female,17,450.79811372
2082,NHB,age_5564,Female,18,434.77136786
2082,HIS,age_5564,Female,19,308.87972563
2082,Other,age_5564,Female,20,416.63858676
2082,NHW,age_5564,Male,21,0
2082,NHB,age_5564,Male,22,0
2082,HIS,age_5564,Male,23,0
2082,Other,age_5564,Male,24,0
2082,NHW,age_65+,Female,25,0
2082,NHB,age_65+,Female,26,0
2082,HIS,age_65+,Female,27,0
2082,Other,age_65+,Female,28,0
2082,NHW,age_65+,Male,29,0
2082,NHB,age_65+,Male,30,0
2082,HIS,age_65+,Male,31,0
2082,Other,age_65+,Male,32,0
2083,NHW,age_2044,Female,1,436.32873506
2083,NHB,age_2044,Female,2,422.04782313
2083,HIS,age_2044,Female,3,302.10617872
2083,Other,age_2044,Female,4,411.61868221
2083,NHW,age_2044,Male,5,0
2083,NHB,age_2044,Male,6,0
2083,HIS,age_2044,Male,7,0
2083,Other,age_2044,Male,8,0
2083,NHW,age_4554,Female,9,450.79811496
2083,NHB,age_4554,Female,10,434.77136984
2083,HIS,age_4554,Female,11,308.87972236
2083,Other,age_4554,Female,12,416.63860397
2083,NHW,age_4554,Male,13,0
2083,NHB,age_4554,Male,14,0
2083,HIS,age_4554,Male,15,0
2083,Other,age_4554,Male,16,0
2083,NHW,age_5564,Female,17,450.79811372
2083,NHB,age_5564,Female,18,434.77136786
2083,HIS,age_5564,Female,19,308.87972563
2083,Other,age_5564,Female,20,416.63858676
2083,NHW,age_5564,Male,21,0
2083,NHB,age_5564,Male,22,0
2083,HIS,age_5564,Male,23,0
2083,Other,age_5564,Male,24,0
2083,NHW,age_65+,Female,25,0
2083,NHB,age_65+,Female,26,0
2083,HIS,age_65+,Female,27,0
2083,Other,age_65+,Female,28,0
2083,NHW,age_65+,Male,29,0
2083,NHB,age_65+,Male,30,0
2083,HIS,age_65+,Male,31,0
2083,Other,age_65+,Male,32,0
2084,NHW,age_2044,Female,1,436.32873506
2084,NHB,age_2044,Female,2,422.04782313
2084,HIS,age_2044,Female,3,302.10617872
2084,Other,age_2044,Female,4,411.61868221
2084,NHW,age_2044,Male,5,0
2084,NHB,age_2044,Male,6,0
2084,HIS,age_2044,Male,7,0
2084,Other,age_2044,Male,8,0
2084,NHW,age_4554,Female,9,450.79811496
2084,NHB,age_4554,Female,10,434.77136984
2084,HIS,age_4554,Female,11,308.87972236
2084,Other,age_4554,Female,12,416.63860397
2084,NHW,age_4554,Male,13,0
2084,NHB,age_4554,Male,14,0
2084,HIS,age_4554,Male,15,0
2084,Other,age_4554,Male,16,0
2084,NHW,age_5564,Female,17,450.79811372
2084,NHB,age_5564,Female,18,434.77136786
2084,HIS,age_5564,Female,19,308.87972563
2084,Other,age_5564,Female,20,416.63858676
2084,NHW,age_5564,Male,21,0
2084,NHB,age_5564,Male,22,0
2084,HIS,age_5564,Male,23,0
2084,Other,age_5564,Male,24,0
2084,NHW,age_65+,Female,25,0
2084,NHB,age_65+,Female,26,0
2084,HIS,age_65+,Female,27,0
2084,Other,age_65+,Female,28,0
2084,NHW,age_65+,Male,29,0
2084,NHB,age_65+,Male,30,0
2084,HIS,age_65+,Male,31,0
2084,Other,age_65+,Male,32,0
2085,NHW,age_2044,Female,1,436.32873506
2085,NHB,age_2044,Female,2,422.04782313
2085,HIS,age_2044,Female,3,302.10617872
2085,Other,age_2044,Female,4,411.61868221
2085,NHW,age_2044,Male,5,0
2085,NHB,age_2044,Male,6,0
2085,HIS,age_2044,Male,7,0
2085,Other,age_2044,Male,8,0
2085,NHW,age_4554,Female,9,450.79811496
2085,NHB,age_4554,Female,10,434.77136984
2085,HIS,age_4554,Female,11,308.87972236
2085,Other,age_4554,Female,12,416.63860397
2085,NHW,age_4554,Male,13,0
2085,NHB,age_4554,Male,14,0
2085,HIS,age_4554,Male,15,0
2085,Other,age_4554,Male,16,0
2085,NHW,age_5564,Female,17,450.79811372
2085,NHB,age_5564,Female,18,434.77136786
2085,HIS,age_5564,Female,19,308.87972563
2085,Other,age_5564,Female,20,416.63858676
2085,NHW,age_5564,Male,21,0
2085,NHB,age_5564,Male,22,0
2085,HIS,age_5564,Male,23,0
2085,Other,age_5564,Male,24,0
2085,NHW,age_65+,Female,25,0
2085,NHB,age_65+,Female,26,0
2085,HIS,age_65+,Female,27,0
2085,Other,age_65+,Female,28,0
2085,NHW,age_65+,Male,29,0
2085,NHB,age_65+,Male,30,0
2085,HIS,age_65+,Male,31,0
2085,Other,age_65+,Male,32,0
2086,NHW,age_2044,Female,1,436.32873506
2086,NHB,age_2044,Female,2,422.04782313
2086,HIS,age_2044,Female,3,302.10617872
2086,Other,age_2044,Female,4,411.61868221
2086,NHW,age_2044,Male,5,0
2086,NHB,age_2044,Male,6,0
2086,HIS,age_2044,Male,7,0
2086,Other,age_2044,Male,8,0
2086,NHW,age_4554,Female,9,450.79811496
2086,NHB,age_4554,Female,10,434.77136984
2086,HIS,age_4554,Female,11,308.87972236
2086,Other,age_4554,Female,12,416.63860397
2086,NHW,age_4554,Male,13,0
2086,NHB,age_4554,Male,14,0
2086,HIS,age_4554,Male,15,0
2086,Other,age_4554,Male,16,0
2086,NHW,age_5564,Female,17,450.79811372
2086,NHB,age_5564,Female,18,434.77136786
2086,HIS,age_5564,Female,19,308.87972563
2086,Other,age_5564,Female,20,416.63858676
2086,NHW,age_5564,Male,21,0
2086,NHB,age_5564,Male,22,0
2086,HIS,age_5564,Male,23,0
2086,Other,age_5564,Male,24,0
2086,NHW,age_65+,Female,25,0
2086,NHB,age_65+,Female,26,0
2086,HIS,age_65+,Female,27,0
2086,Other,age_65+,Female,28,0
2086,NHW,age_65+,Male,29,0
2086,NHB,age_65+,Male,30,0
2086,HIS,age_65+,Male,31,0
2086,Other,age_65+,Male,32,0
2087,NHW,age_2044,Female,1,436.32873506
2087,NHB,age_2044,Female,2,422.04782313
2087,HIS,age_2044,Female,3,302.10617872
2087,Other,age_2044,Female,4,411.61868221
2087,NHW,age_2044,Male,5,0
2087,NHB,age_2044,Male,6,0
2087,HIS,age_2044,Male,7,0
2087,Other,age_2044,Male,8,0
2087,NHW,age_4554,Female,9,450.79811496
2087,NHB,age_4554,Female,10,434.77136984
2087,HIS,age_4554,Female,11,308.87972236
2087,Other,age_4554,Female,12,416.63860397
2087,NHW,age_4554,Male,13,0
2087,NHB,age_4554,Male,14,0
2087,HIS,age_4554,Male,15,0
2087,Other,age_4554,Male,16,0
2087,NHW,age_5564,Female,17,450.79811372
2087,NHB,age_5564,Female,18,434.77136786
2087,HIS,age_5564,Female,19,308.87972563
2087,Other,age_5564,Female,20,416.63858676
2087,NHW,age_5564,Male,21,0
2087,NHB,age_5564,Male,22,0
2087,HIS,age_5564,Male,23,0
2087,Other,age_5564,Male,24,0
2087,NHW,age_65+,Female,25,0
2087,NHB,age_65+,Female,26,0
2087,HIS,age_65+,Female,27,0
2087,Other,age_65+,Female,28,0
2087,NHW,age_65+,Male,29,0
2087,NHB,age_65+,Male,30,0
2087,HIS,age_65+,Male,31,0
2087,Other,age_65+,Male,32,0
2088,NHW,age_2044,Female,1,436.32873506
2088,NHB,age_2044,Female,2,422.04782313
2088,HIS,age_2044,Female,3,302.10617872
2088,Other,age_2044,Female,4,411.61868221
2088,NHW,age_2044,Male,5,0
2088,NHB,age_2044,Male,6,0
2088,HIS,age_2044,Male,7,0
2088,Other,age_2044,Male,8,0
2088,NHW,age_4554,Female,9,450.79811496
2088,NHB,age_4554,Female,10,434.77136984
2088,HIS,age_4554,Female,11,308.87972236
2088,Other,age_4554,Female,12,416.63860397
2088,NHW,age_4554,Male,13,0
2088,NHB,age_4554,Male,14,0
2088,HIS,age_4554,Male,15,0
2088,Other,age_4554,Male,16,0
2088,NHW,age_5564,Female,17,450.79811372
2088,NHB,age_5564,Female,18,434.77136786
2088,HIS,age_5564,Female,19,308.87972563
2088,Other,age_5564,Female,20,416.63858676
2088,NHW,age_5564,Male,21,0
2088,NHB,age_5564,Male,22,0
2088,HIS,age_5564,Male,23,0
2088,Other,age_5564,Male,24,0
2088,NHW,age_65+,Female,25,0
2088,NHB,age_65+,Female,26,0
2088,HIS,age_65+,Female,27,0
2088,Other,age_65+,Female,28,0
2088,NHW,age_65+,Male,29,0
2088,NHB,age_65+,Male,30,0
2088,HIS,age_65+,Male,31,0
2088,Other,age_65+,Male,32,0
2089,NHW,age_2044,Female,1,436.32873506
2089,NHB,age_2044,Female,2,422.04782313
2089,HIS,age_2044,Female,3,302.10617872
2089,Other,age_2044,Female,4,411.61868221
2089,NHW,age_2044,Male,5,0
2089,NHB,age_2044,Male,6,0
2089,HIS,age_2044,Male,7,0
2089,Other,age_2044,Male,8,0
2089,NHW,age_4554,Female,9,450.79811496
2089,NHB,age_4554,Female,10,434.77136984
2089,HIS,age_4554,Female,11,308.87972236
2089,Other,age_4554,Female,12,416.63860397
2089,NHW,age_4554,Male,13,0
2089,NHB,age_4554,Male,14,0
2089,HIS,age_4554,Male,15,0
2089,Other,age_4554,Male,16,0
2089,NHW,age_5564,Female,17,450.79811372
2089,NHB,age_5564,Female,18,434.77136786
2089,HIS,age_5564,Female,19,308.87972563
2089,Other,age_5564,Female,20,416.63858676
2089,NHW,age_5564,Male,21,0
2089,NHB,age_5564,Male,22,0
2089,HIS,age_5564,Male,23,0
2089,Other,age_5564,Male,24,0
2089,NHW,age_65+,Female,25,0
2089,NHB,age_65+,Female,26,0
2089,HIS,age_65+,Female,27,0
2089,Other,age_65+,Female,28,0
2089,NHW,age_65+,Male,29,0
2089,NHB,age_65+,Male,30,0
2089,HIS,age_65+,Male,31,0
2089,Other,age_65+,Male,32,0
2090,NHW,age_2044,Female,1,436.32873506
2090,NHB,age_2044,Female,2,422.04782313
2090,HIS,age_2044,Female,3,302.10617872
2090,Other,age_2044,Female,4,411.61868221
2090,NHW,age_2044,Male,5,0
2090,NHB,age_2044,Male,6,0
2090,HIS,age_2044,Male,7,0
2090,Other,age_2044,Male,8,0
2090,NHW,age_4554,Female,9,450.79811496
2090,NHB,age_4554,Female,10,434.77136984
2090,HIS,age_4554,Female,11,308.87972236
2090,Other,age_4554,Female,12,416.63860397
2090,NHW,age_4554,Male,13,0
2090,NHB,age_4554,Male,14,0
2090,HIS,age_4554,Male,15,0
2090,Other,age_4554,Male,16,0
2090,NHW,age_5564,Female,17,450.79811372
2090,NHB,age_5564,Female,18,434.77136786
2090,HIS,age_5564,Female,19,308.87972563
2090,Other,age_5564,Female,20,416.63858676
2090,NHW,age_5564,Male,21,0
2090,NHB,age_5564,Male,22,0
2090,HIS,age_5564,Male,23,0
2090,Other,age_5564,Male,24,0
2090,NHW,age_65+,Female,25,0
2090,NHB,age_65+,Female,26,0
2090,HIS,age_65+,Female,27,0
2090,Other,age_65+,Female,28,0
2090,NHW,age_65+,Male,29,0
2090,NHB,age_65+,Male,30,0
2090,HIS,age_65+,Male,31,0
2090,Other,age_65+,Male,32,0
2091,NHW,age_2044,Female,1,436.32873506
2091,NHB,age_2044,Female,2,422.04782313
2091,HIS,age_2044,Female,3,302.10617872
2091,Other,age_2044,Female,4,411.61868221
2091,NHW,age_2044,Male,5,0
2091,NHB,age_2044,Male,6,0
2091,HIS,age_2044,Male,7,0
2091,Other,age_2044,Male,8,0
2091,NHW,age_4554,Female,9,450.79811496
2091,NHB,age_4554,Female,10,434.77136984
2091,HIS,age_4554,Female,11,308.87972236
2091,Other,age_4554,Female,12,416.63860397
2091,NHW,age_4554,Male,13,0
2091,NHB,age_4554,Male,14,0
2091,HIS,age_4554,Male,15,0
2091,Other,age_4554,Male,16,0
2091,NHW,age_5564,Female,17,450.79811372
2091,NHB,age_5564,Female,18,434.77136786
2091,HIS,age_5564,Female,19,308.87972563
2091,Other,age_5564,Female,20,416.63858676
2091,NHW,age_5564,Male,21,0
2091,NHB,age_5564,Male,22,0
2091,HIS,age_5564,Male,23,0
2091,Other,age_5564,Male,24,0
2091,NHW,age_65+,Female,25,0
2091,NHB,age_65+,Female,26,0
2091,HIS,age_65+,Female,27,0
2091,Other,age_65+,Female,28,0
2091,NHW,age_65+,Male,29,0
2091,NHB,age_65+,Male,30,0
2091,HIS,age_65+,Male,31,0
2091,Other,age_65+,Male,32,0
2092,NHW,age_2044,Female,1,436.32873506
2092,NHB,age_2044,Female,2,422.04782313
2092,HIS,age_2044,Female,3,302.10617872
2092,Other,age_2044,Female,4,411.61868221
2092,NHW,age_2044,Male,5,0
2092,NHB,age_2044,Male,6,0
2092,HIS,age_2044,Male,7,0
2092,Other,age_2044,Male,8,0
2092,NHW,age_4554,Female,9,450.79811496
2092,NHB,age_4554,Female,10,434.77136984
2092,HIS,age_4554,Female,11,308.87972236
2092,Other,age_4554,Female,12,416.63860397
2092,NHW,age_4554,Male,13,0
2092,NHB,age_4554,Male,14,0
2092,HIS,age_4554,Male,15,0
2092,Other,age_4554,Male,16,0
2092,NHW,age_5564,Female,17,450.79811372
2092,NHB,age_5564,Female,18,434.77136786
2092,HIS,age_5564,Female,19,308.87972563
2092,Other,age_5564,Female,20,416.63858676
2092,NHW,age_5564,Male,21,0
2092,NHB,age_5564,Male,22,0
2092,HIS,age_5564,Male,23,0
2092,Other,age_5564,Male,24,0
2092,NHW,age_65+,Female,25,0
2092,NHB,age_65+,Female,26,0
2092,HIS,age_65+,Female,27,0
2092,Other,age_65+,Female,28,0
2092,NHW,age_65+,Male,29,0
2092,NHB,age_65+,Male,30,0
2092,HIS,age_65+,Male,31,0
2092,Other,age_65+,Male,32,0
2093,NHW,age_2044,Female,1,436.32873506
2093,NHB,age_2044,Female,2,422.04782313
2093,HIS,age_2044,Female,3,302.10617872
2093,Other,age_2044,Female,4,411.61868221
2093,NHW,age_2044,Male,5,0
2093,NHB,age_2044,Male,6,0
2093,HIS,age_2044,Male,7,0
2093,Other,age_2044,Male,8,0
2093,NHW,age_4554,Female,9,450.79811496
2093,NHB,age_4554,Female,10,434.77136984
2093,HIS,age_4554,Female,11,308.87972236
2093,Other,age_4554,Female,12,416.63860397
2093,NHW,age_4554,Male,13,0
2093,NHB,age_4554,Male,14,0
2093,HIS,age_4554,Male,15,0
2093,Other,age_4554,Male,16,0
2093,NHW,age_5564,Female,17,450.79811372
2093,NHB,age_5564,Female,18,434.77136786
2093,HIS,age_5564,Female,19,308.87972563
2093,Other,age_5564,Female,20,416.63858676
2093,NHW,age_5564,Male,21,0
2093,NHB,age_5564,Male,22,0
2093,HIS,age_5564,Male,23,0
2093,Other,age_5564,Male,24,0
2093,NHW,age_65+,Female,25,0
2093,NHB,age_65+,Female,26,0
2093,HIS,age_65+,Female,27,0
2093,Other,age_65+,Female,28,0
2093,NHW,age_65+,Male,29,0
2093,NHB,age_65+,Male,30,0
2093,HIS,age_65+,Male,31,0
2093,Other,age_65+,Male,32,0
2094,NHW,age_2044,Female,1,436.32873506
2094,NHB,age_2044,Female,2,422.04782313
2094,HIS,age_2044,Female,3,302.10617872
2094,Other,age_2044,Female,4,411.61868221
2094,NHW,age_2044,Male,5,0
2094,NHB,age_2044,Male,6,0
2094,HIS,age_2044,Male,7,0
2094,Other,age_2044,Male,8,0
2094,NHW,age_4554,Female,9,450.79811496
2094,NHB,age_4554,Female,10,434.77136984
2094,HIS,age_4554,Female,11,308.87972236
2094,Other,age_4554,Female,12,416.63860397
2094,NHW,age_4554,Male,13,0
2094,NHB,age_4554,Male,14,0
2094,HIS,age_4554,Male,15,0
2094,Other,age_4554,Male,16,0
2094,NHW,age_5564,Female,17,450.79811372
2094,NHB,age_5564,Female,18,434.77136786
2094,HIS,age_5564,Female,19,308.87972563
2094,Other,age_5564,Female,20,416.63858676
2094,NHW,age_5564,Male,21,0
2094,NHB,age_5564,Male,22,0
2094,HIS,age_5564,Male,23,0
2094,Other,age_5564,Male,24,0
2094,NHW,age_65+,Female,25,0
2094,NHB,age_65+,Female,26,0
2094,HIS,age_65+,Female,27,0
2094,Other,age_65+,Female,28,0
2094,NHW,age_65+,Male,29,0
2094,NHB,age_65+,Male,30,0
2094,HIS,age_65+,Male,31,0
2094,Other,age_65+,Male,32,0
2095,NHW,age_2044,Female,1,436.32873506
2095,NHB,age_2044,Female,2,422.04782313
2095,HIS,age_2044,Female,3,302.10617872
2095,Other,age_2044,Female,4,411.61868221
2095,NHW,age_2044,Male,5,0
2095,NHB,age_2044,Male,6,0
2095,HIS,age_2044,Male,7,0
2095,Other,age_2044,Male,8,0
2095,NHW,age_4554,Female,9,450.79811496
2095,NHB,age_4554,Female,10,434.77136984
2095,HIS,age_4554,Female,11,308.87972236
2095,Other,age_4554,Female,12,416.63860397
2095,NHW,age_4554,Male,13,0
2095,NHB,age_4554,Male,14,0
2095,HIS,age_4554,Male,15,0
2095,Other,age_4554,Male,16,0
2095,NHW,age_5564,Female,17,450.79811372
2095,NHB,age_5564,Female,18,434.77136786
2095,HIS,age_5564,Female,19,308.87972563
2095,Other,age_5564,Female,20,416.63858676
2095,NHW,age_5564,Male,21,0
2095,NHB,age_5564,Male,22,0
2095,HIS,age_5564,Male,23,0
2095,Other,age_5564,Male,24,0
2095,NHW,age_65+,Female,25,0
2095,NHB,age_65+,Female,26,0
2095,HIS,age_65+,Female,27,0
2095,Other,age_65+,Female,28,0
2095,NHW,age_65+,Male,29,0
2095,NHB,age_65+,Male,30,0
2095,HIS,age_65+,Male,31,0
2095,Other,age_65+,Male,32,0
2096,NHW,age_2044,Female,1,436.32873506
2096,NHB,age_2044,Female,2,422.04782313
2096,HIS,age_2044,Female,3,302.10617872
2096,Other,age_2044,Female,4,411.61868221
2096,NHW,age_2044,Male,5,0
2096,NHB,age_2044,Male,6,0
2096,HIS,age_2044,Male,7,0
2096,Other,age_2044,Male,8,0
2096,NHW,age_4554,Female,9,450.79811496
2096,NHB,age_4554,Female,10,434.77136984
2096,HIS,age_4554,Female,11,308.87972236
2096,Other,age_4554,Female,12,416.63860397
2096,NHW,age_4554,Male,13,0
2096,NHB,age_4554,Male,14,0
2096,HIS,age_4554,Male,15,0
2096,Other,age_4554,Male,16,0
2096,NHW,age_5564,Female,17,450.79811372
2096,NHB,age_5564,Female,18,434.77136786
2096,HIS,age_5564,Female,19,308.87972563
2096,Other,age_5564,Female,20,416.63858676
2096,NHW,age_5564,Male,21,0
2096,NHB,age_5564,Male,22,0
2096,HIS,age_5564,Male,23,0
2096,Other,age_5564,Male,24,0
2096,NHW,age_65+,Female,25,0
2096,NHB,age_65+,Female,26,0
2096,HIS,age_65+,Female,27,0
2096,Other,age_65+,Female,28,0
2096,NHW,age_65+,Male,29,0
2096,NHB,age_65+,Male,30,0
2096,HIS,age_65+,Male,31,0
2096,Other,age_65+,Male,32,0
2097,NHW,age_2044,Female,1,436.32873506
2097,NHB,age_2044,Female,2,422.04782313
2097,HIS,age_2044,Female,3,302.10617872
2097,Other,age_2044,Female,4,411.61868221
2097,NHW,age_2044,Male,5,0
2097,NHB,age_2044,Male,6,0
2097,HIS,age_2044,Male,7,0
2097,Other,age_2044,Male,8,0
2097,NHW,age_4554,Female,9,450.79811496
2097,NHB,age_4554,Female,10,434.77136984
2097,HIS,age_4554,Female,11,308.87972236
2097,Other,age_4554,Female,12,416.63860397
2097,NHW,age_4554,Male,13,0
2097,NHB,age_4554,Male,14,0
2097,HIS,age_4554,Male,15,0
2097,Other,age_4554,Male,16,0
2097,NHW,age_5564,Female,17,450.79811372
2097,NHB,age_5564,Female,18,434.77136786
2097,HIS,age_5564,Female,19,308.87972563
2097,Other,age_5564,Female,20,416.63858676
2097,NHW,age_5564,Male,21,0
2097,NHB,age_5564,Male,22,0
2097,HIS,age_5564,Male,23,0
2097,Other,age_5564,Male,24,0
2097,NHW,age_65+,Female,25,0
2097,NHB,age_65+,Female,26,0
2097,HIS,age_65+,Female,27,0
2097,Other,age_65+,Female,28,0
2097,NHW,age_65+,Male,29,0
2097,NHB,age_65+,Male,30,0
2097,HIS,age_65+,Male,31,0
2097,Other,age_65+,Male,32,0
