year,race_gp,age_gp,sex,subgroup_id,crude_rate
2017,NHW,age_2044,Female,1,7.0920000273
2017,NHB,age_2044,Female,2,5.6799998018
2017,HIS,age_2044,Female,3,8.4539997022
2017,Other,age_2044,Female,4,8.0539997277
2017,NHW,age_2044,Male,5,0
2017,NHB,age_2044,Male,6,0
2017,HIS,age_2044,Male,7,0
2017,Other,age_2044,Male,8,0
2017,NHW,age_4554,Female,9,36.631000038
2017,NHB,age_4554,Female,10,23.398999657
2017,HIS,age_4554,Female,11,33.244999704
2017,Other,age_4554,Female,12,38.18000142
2017,NHW,age_4554,Male,13,0
2017,NHB,age_4554,Male,14,0
2017,HIS,age_4554,Male,15,0
2017,Other,age_4554,Male,16,0
2017,NHW,age_5564,Female,17,89.622999923
2017,NHB,age_5564,Female,18,84.401000751
2017,HIS,age_5564,Female,19,72.046000724
2017,Other,age_5564,Female,20,68.422000377
2017,NHW,age_5564,Male,21,0
2017,NHB,age_5564,Male,22,0
2017,HIS,age_5564,Male,23,0
2017,Other,age_5564,Male,24,0
2017,NHW,age_65+,Female,25,90.112999805
2017,NHB,age_65+,Female,26,101.45199965
2017,HIS,age_65+,Female,27,68.727000567
2017,Other,age_65+,Female,28,54.108999903
2017,NHW,age_65+,Male,29,0
2017,NHB,age_65+,Male,30,0
2017,HIS,age_65+,Male,31,0
2017,Other,age_65+,Male,32,0
2018,NHW,age_2044,Female,1,8.4779142288
2018,NHB,age_2044,Female,2,6.7121017253
2018,HIS,age_2044,Female,3,9.9363170412
2018,Other,age_2044,Female,4,9.698298445
2018,NHW,age_2044,Male,5,0
2018,NHB,age_2044,Male,6,0
2018,HIS,age_2044,Male,7,0
2018,Other,age_2044,Male,8,0
2018,NHW,age_4554,Female,9,42.888495133
2018,NHB,age_4554,Female,10,31.222399838
2018,HIS,age_4554,Female,11,38.062643244
2018,Other,age_4554,Female,12,42.670828968
2018,NHW,age_4554,Male,13,0
2018,NHB,age_4554,Male,14,0
2018,HIS,age_4554,Male,15,0
2018,Other,age_4554,Male,16,0
2018,NHW,age_5564,Female,17,91.724564385
2018,NHB,age_5564,Female,18,90.752742013
2018,HIS,age_5564,Female,19,75.049023169
2018,Other,age_5564,Female,20,71.022215551
2018,NHW,age_5564,Male,21,0
2018,NHB,age_5564,Male,22,0
2018,HIS,age_5564,Male,23,0
2018,Other,age_5564,Male,24,0
2018,NHW,age_65+,Female,25,91.47532897
2018,NHB,age_65+,Female,26,105.02824895
2018,HIS,age_65+,Female,27,70.275274604
2018,Other,age_65+,Female,28,55.976583912
2018,NHW,age_65+,Male,29,0
2018,NHB,age_65+,Male,30,0
2018,HIS,age_65+,Male,31,0
2018,Other,age_65+,Male,32,0
2019,NHW,age_2044,Female,1,9.6918526536
2019,NHB,age_2044,Female,2,7.5708493575
2019,HIS,age_2044,Female,3,11.161494142
2019,Other,age_2044,Female,4,11.123055757
2019,NHW,age_2044,Male,5,0
2019,NHB,age_2044,Male,6,0
2019,HIS,age_2044,Male,7,0
2019,Other,age_2044,Male,8,0
2019,NHW,age_4554,Female,9,49.224550856
2019,NHB,age_4554,Female,10,38.937780031
2019,HIS,age_4554,Female,11,42.669225096
2019,Other,age_4554,Female,12,46.802981102
2019,NHW,age_4554,Male,13,0
2019,NHB,age_4554,Male,14,0
2019,HIS,age_4554,Male,15,0
2019,Other,age_4554,Male,16,0
2019,NHW,age_5564,Female,17,92.706638533
2019,NHB,age_5564,Female,18,94.633037046
2019,HIS,age_5564,Female,19,76.226247226
2019,Other,age_5564,Female,20,71.434850004
2019,NHW,age_5564,Male,21,0
2019,NHB,age_5564,Male,22,0
2019,HIS,age_5564,Male,23,0
2019,Other,age_5564,Male,24,0
2019,NHW,age_65+,Female,25,92.164197451
2019,NHB,age_65+,Female,26,106.8633748
2019,HIS,age_65+,Female,27,71.062443266
2019,Other,age_65+,Female,28,56.934408445
2019,NHW,age_65+,Male,29,0
2019,NHB,age_65+,Male,30,0
2019,HIS,age_65+,Male,31,0
2019,Other,age_65+,Male,32,0
2020,NHW,age_2044,Female,1,10.927063041
2020,NHB,age_2044,Female,2,8.4831926605
2020,HIS,age_2044,Female,3,12.439447453
2020,Other,age_2044,Female,4,12.581797779
2020,NHW,age_2044,Male,5,0
2020,NHB,age_2044,Male,6,0
2020,HIS,age_2044,Male,7,0
2020,Other,age_2044,Male,8,0
2020,NHW,age_4554,Female,9,55.542932924
2020,NHB,age_4554,Female,10,47.125145158
2020,HIS,age_4554,Female,11,47.639654388
2020,Other,age_4554,Female,12,51.18454363
2020,NHW,age_4554,Male,13,0
2020,NHB,age_4554,Male,14,0
2020,HIS,age_4554,Male,15,0
2020,Other,age_4554,Male,16,0
2020,NHW,age_5564,Female,17,93.621802881
2020,NHB,age_5564,Female,18,98.506132978
2020,HIS,age_5564,Female,19,77.227407315
2020,Other,age_5564,Female,20,71.584679903
2020,NHW,age_5564,Male,21,0
2020,NHB,age_5564,Male,22,0
2020,HIS,age_5564,Male,23,0
2020,Other,age_5564,Male,24,0
2020,NHW,age_65+,Female,25,92.858253789
2020,NHB,age_65+,Female,26,108.73056435
2020,HIS,age_65+,Female,27,71.85842889
2020,Other,age_65+,Female,28,57.908625385
2020,NHW,age_65+,Male,29,0
2020,NHB,age_65+,Male,30,0
2020,HIS,age_65+,Male,31,0
2020,Other,age_65+,Male,32,0
2021,NHW,age_2044,Female,1,12.115101158
2021,NHB,age_2044,Female,2,9.4113769131
2021,HIS,age_2044,Female,3,13.734108954
2021,Other,age_2044,Female,4,14.030699567
2021,NHW,age_2044,Male,5,0
2021,NHB,age_2044,Male,6,0
2021,HIS,age_2044,Male,7,0
2021,Other,age_2044,Male,8,0
2021,NHW,age_4554,Female,9,61.631017479
2021,NHB,age_4554,Female,10,55.447851651
2021,HIS,age_4554,Female,11,52.828427344
2021,Other,age_4554,Female,12,55.80018662
2021,NHW,age_4554,Male,13,0
2021,NHB,age_4554,Male,14,0
2021,HIS,age_4554,Male,15,0
2021,Other,age_4554,Male,16,0
2021,NHW,age_5564,Female,17,94.468508172
2021,NHB,age_5564,Female,18,102.31641364
2021,HIS,age_5564,Female,19,78.056374123
2021,Other,age_5564,Female,20,71.544701463
2021,NHW,age_5564,Male,21,0
2021,NHB,age_5564,Male,22,0
2021,HIS,age_5564,Male,23,0
2021,Other,age_5564,Male,24,0
2021,NHW,age_65+,Female,25,93.557536414
2021,NHB,age_65+,Female,26,110.63037986
2021,HIS,age_65+,Female,27,72.663328976
2021,Other,age_65+,Female,28,58.899511916
2021,NHW,age_65+,Male,29,0
2021,NHB,age_65+,Male,30,0
2021,HIS,age_65+,Male,31,0
2021,Other,age_65+,Male,32,0
2022,NHW,age_2044,Female,1,13.334177803
2022,NHB,age_2044,Female,2,10.405380928
2022,HIS,age_2044,Female,3,15.068117988
2022,Other,age_2044,Female,4,15.518308628
2022,NHW,age_2044,Male,5,0
2022,NHB,age_2044,Male,6,0
2022,HIS,age_2044,Male,7,0
2022,Other,age_2044,Male,8,0
2022,NHW,age_4554,Female,9,67.804136009
2022,NHB,age_4554,Female,10,64.003115437
2022,HIS,age_4554,Female,11,58.33943104
2022,Other,age_4554,Female,12,60.705066023
2022,NHW,age_4554,Male,13,0
2022,NHB,age_4554,Male,14,0
2022,HIS,age_4554,Male,15,0
2022,Other,age_4554,Male,16,0
2022,NHW,age_5564,Female,17,95.238155598
2022,NHB,age_5564,Female,18,106.06733906
2022,HIS,age_5564,Female,19,78.679972255
2022,Other,age_5564,Female,20,71.28163498
2022,NHW,age_5564,Male,21,0
2022,NHB,age_5564,Male,22,0
2022,HIS,age_5564,Male,23,0
2022,Other,age_5564,Male,24,0
2022,NHW,age_65+,Female,25,94.262085274
2022,NHB,age_65+,Female,26,112.56338666
2022,HIS,age_65+,Female,27,73.47724741
2022,Other,age_65+,Female,28,59.907355274
2022,NHW,age_65+,Male,29,0
2022,NHB,age_65+,Male,30,0
2022,HIS,age_65+,Male,31,0
2022,Other,age_65+,Male,32,0
2023,NHW,age_2044,Female,1,14.558527801
2023,NHB,age_2044,Female,2,11.445480059
2023,HIS,age_2044,Female,3,16.430483099
2023,Other,age_2044,Female,4,17.036845292
2023,NHW,age_2044,Male,5,0
2023,NHB,age_2044,Male,6,0
2023,HIS,age_2044,Male,7,0
2023,Other,age_2044,Male,8,0
2023,NHW,age_4554,Female,9,74.06278556
2023,NHB,age_4554,Female,10,73.051257534
2023,HIS,age_4554,Female,11,64.282731588
2023,Other,age_4554,Female,12,66.197211651
2023,NHW,age_4554,Male,13,0
2023,NHB,age_4554,Male,14,0
2023,HIS,age_4554,Male,15,0
2023,Other,age_4554,Male,16,0
2023,NHW,age_5564,Female,17,95.930467445
2023,NHB,age_5564,Female,18,109.69199342
2023,HIS,age_5564,Female,19,79.083805083
2023,Other,age_5564,Female,20,70.728024992
2023,NHW,age_5564,Male,21,0
2023,NHB,age_5564,Male,22,0
2023,HIS,age_5564,Male,23,0
2023,Other,age_5564,Male,24,0
2023,NHW,age_65+,Female,25,94.971940153
2023,NHB,age_65+,Female,26,114.53017313
2023,HIS,age_65+,Female,27,74.300281938
2023,Other,age_65+,Female,28,60.932440183
2023,NHW,age_65+,Male,29,0
2023,NHB,age_65+,Male,30,0
2023,HIS,age_65+,Male,31,0
2023,Other,age_65+,Male,32,0
2024,NHW,age_2044,Female,1,15.797382046
2024,NHB,age_2044,Female,2,12.555088434
2024,HIS,age_2044,Female,3,17.824556322
2024,Other,age_2044,Female,4,18.626487157
2024,NHW,age_2044,Male,5,0
2024,NHB,age_2044,Male,6,0
2024,HIS,age_2044,Male,7,0
2024,Other,age_2044,Male,8,0
2024,NHW,age_4554,Female,9,80.670504317
2024,NHB,age_4554,Female,10,82.572425266
2024,HIS,age_4554,Female,11,70.633618845
2024,Other,age_4554,Female,12,72.226958896
2024,NHW,age_4554,Male,13,0
2024,NHB,age_4554,Male,14,0
2024,HIS,age_4554,Male,15,0
2024,Other,age_4554,Male,16,0
2024,NHW,age_5564,Female,17,96.544898059
2024,NHB,age_5564,Female,18,113.20717128
2024,HIS,age_5564,Female,19,79.222263056
2024,Other,age_5564,Female,20,69.905010233
2024,NHW,age_5564,Male,21,0
2024,NHB,age_5564,Male,22,0
2024,HIS,age_5564,Male,23,0
2024,Other,age_5564,Male,24,0
2024,NHW,age_65+,Female,25,95.687140373
2024,NHB,age_65+,Female,26,116.53132186
2024,HIS,age_65+,Female,27,75.132534796
2024,Other,age_65+,Female,28,61.975065678
2024,NHW,age_65+,Male,29,0
2024,NHB,age_65+,Male,30,0
2024,HIS,age_65+,Male,31,0
2024,Other,age_65+,Male,32,0
2025,NHW,age_2044,Female,1,17.09427413
2025,NHB,age_2044,Female,2,13.761883089
2025,HIS,age_2044,Female,3,19.315347041
2025,Other,age_2044,Female,4,20.320303435
2025,NHW,age_2044,Male,5,0
2025,NHB,age_2044,Male,6,0
2025,HIS,age_2044,Male,7,0
2025,Other,age_2044,Male,8,0
2025,NHW,age_4554,Female,9,87.768066182
2025,NHB,age_4554,Female,10,93.233472038
2025,HIS,age_4554,Female,11,77.627923126
2025,Other,age_4554,Female,12,78.926192976
2025,NHW,age_4554,Male,13,0
2025,NHB,age_4554,Male,14,0
2025,HIS,age_4554,Male,15,0
2025,Other,age_4554,Male,16,0
2025,NHW,age_5564,Female,17,97.071010193
2025,NHB,age_5564,Female,18,116.59799983
2025,HIS,age_5564,Female,19,79.013850291
2025,Other,age_5564,Female,20,68.622964638
2025,NHW,age_5564,Male,21,0
2025,NHB,age_5564,Male,22,0
2025,HIS,age_5564,Male,23,0
2025,Other,age_5564,Male,24,0
2025,NHW,age_65+,Female,25,96.40772645
2025,NHB,age_65+,Female,26,118.56743586
2025,HIS,age_65+,Female,27,75.974109613
2025,Other,age_65+,Female,28,63.035533147
2025,NHW,age_65+,Male,29,0
2025,NHB,age_65+,Male,30,0
2025,HIS,age_65+,Male,31,0
2025,Other,age_65+,Male,32,0
2026,NHW,age_2044,Female,1,18.374665228
2026,NHB,age_2044,Female,2,14.986520765
2026,HIS,age_2044,Female,3,20.822082503
2026,Other,age_2044,Female,4,22.04531165
2026,NHW,age_2044,Male,5,0
2026,NHB,age_2044,Male,6,0
2026,HIS,age_2044,Male,7,0
2026,Other,age_2044,Male,8,0
2026,NHW,age_4554,Female,9,94.997370985
2026,NHB,age_4554,Female,10,104.59899576
2026,HIS,age_4554,Female,11,85.055656865
2026,Other,age_4554,Female,12,86.067869457
2026,NHW,age_4554,Male,13,0
2026,NHB,age_4554,Male,14,0
2026,HIS,age_4554,Male,15,0
2026,Other,age_4554,Male,16,0
2026,NHW,age_5564,Female,17,97.5091772
2026,NHB,age_5564,Female,18,119.77878188
2026,HIS,age_5564,Female,19,78.526142627
2026,Other,age_5564,Female,20,67.105316349
2026,NHW,age_5564,Male,21,0
2026,NHB,age_5564,Male,22,0
2026,HIS,age_5564,Male,23,0
2026,Other,age_5564,Male,24,0
2026,NHW,age_65+,Female,25,97.133739083
2026,NHB,age_65+,Female,26,120.6391267
2026,HIS,age_65+,Female,27,76.825109859
2026,Other,age_65+,Female,28,64.114151012
2026,NHW,age_65+,Male,29,0
2026,NHB,age_65+,Male,30,0
2026,HIS,age_65+,Male,31,0
2026,Other,age_65+,Male,32,0
2027,NHW,age_2044,Female,1,19.657050433
2027,NHB,age_2044,Female,2,16.267054231
2027,HIS,age_2044,Female,3,22.379870919
2027,Other,age_2044,Female,4,23.860187119
2027,NHW,age_2044,Male,5,0
2027,NHB,age_2044,Male,6,0
2027,HIS,age_2044,Male,7,0
2027,Other,age_2044,Male,8,0
2027,NHW,age_4554,Female,9,101.96452321
2027,NHB,age_4554,Female,10,116.24703211
2027,HIS,age_4554,Female,11,92.887245454
2027,Other,age_4554,Female,12,93.786076785
2027,NHW,age_4554,Male,13,0
2027,NHB,age_4554,Male,14,0
2027,HIS,age_4554,Male,15,0
2027,Other,age_4554,Male,16,0
2027,NHW,age_5564,Female,17,97.865219245
2027,NHB,age_5564,Female,18,122.74701662
2027,HIS,age_5564,Female,19,77.685645981
2027,Other,age_5564,Female,20,65.211218838
2027,NHW,age_5564,Male,21,0
2027,NHB,age_5564,Male,22,0
2027,HIS,age_5564,Male,23,0
2027,Other,age_5564,Male,24,0
2027,NHW,age_65+,Female,25,97.865219131
2027,NHB,age_65+,Female,26,122.74701611
2027,HIS,age_65+,Female,27,77.685645225
2027,Other,age_65+,Female,28,65.211220812
2027,NHW,age_65+,Male,29,0
2027,NHB,age_65+,Male,30,0
2027,HIS,age_65+,Male,31,0
2027,Other,age_65+,Male,32,0
2028,NHW,age_2044,Female,1,23.369621427
2028,NHB,age_2044,Female,2,20.593542504
2028,HIS,age_2044,Female,3,25.763622763
2028,Other,age_2044,Female,4,27.453415759
2028,NHW,age_2044,Male,5,0
2028,NHB,age_2044,Male,6,0
2028,HIS,age_2044,Male,7,0
2028,Other,age_2044,Male,8,0
2028,NHW,age_4554,Female,9,102.66518818
2028,NHB,age_4554,Female,10,120.19812068
2028,HIS,age_4554,Female,11,93.609843436
2028,Other,age_4554,Female,12,93.699637252
2028,NHW,age_4554,Male,13,0
2028,NHB,age_4554,Male,14,0
2028,HIS,age_4554,Male,15,0
2028,Other,age_4554,Male,16,0
2028,NHW,age_5564,Female,17,98.602207744
2028,NHB,age_5564,Female,18,124.89173521
2028,HIS,age_5564,Female,19,78.555819225
2028,Other,age_5564,Female,20,66.327060907
2028,NHW,age_5564,Male,21,0
2028,NHB,age_5564,Male,22,0
2028,HIS,age_5564,Male,23,0
2028,Other,age_5564,Male,24,0
2028,NHW,age_65+,Female,25,98.602207811
2028,NHB,age_65+,Female,26,124.89173564
2028,HIS,age_65+,Female,27,78.555819804
2028,Other,age_65+,Female,28,66.327062788
2028,NHW,age_65+,Male,29,0
2028,NHB,age_65+,Male,30,0
2028,HIS,age_65+,Male,31,0
2028,Other,age_65+,Male,32,0
2029,NHW,age_2044,Female,1,27.075383644
2029,NHB,age_2044,Female,2,25.04102225
2029,HIS,age_2044,Female,3,29.280503832
2029,Other,age_2044,Female,4,31.213824529
2029,NHW,age_2044,Male,5,0
2029,NHB,age_2044,Male,6,0
2029,HIS,age_2044,Male,7,0
2029,Other,age_2044,Male,8,0
2029,NHW,age_4554,Female,9,103.28283141
2029,NHB,age_4554,Female,10,123.98699017
2029,HIS,age_4554,Female,11,94.086135655
2029,Other,age_4554,Female,12,93.356620863
2029,NHW,age_4554,Male,13,0
2029,NHB,age_4554,Male,14,0
2029,HIS,age_4554,Male,15,0
2029,Other,age_4554,Male,16,0
2029,NHW,age_5564,Female,17,99.344746373
2029,NHB,age_5564,Female,18,127.07392815
2029,HIS,age_5564,Female,19,79.435739619
2029,Other,age_5564,Female,20,67.461998104
2029,NHW,age_5564,Male,21,0
2029,NHB,age_5564,Male,22,0
2029,HIS,age_5564,Male,23,0
2029,Other,age_5564,Male,24,0
2029,NHW,age_65+,Female,25,99.344746204
2029,NHB,age_65+,Female,26,127.07393171
2029,HIS,age_65+,Female,27,79.435739997
2029,Other,age_65+,Female,28,67.461994118
2029,NHW,age_65+,Male,29,0
2029,NHB,age_65+,Male,30,0
2029,HIS,age_65+,Male,31,0
2029,Other,age_65+,Male,32,0
2030,NHW,age_2044,Female,1,30.957831862
2030,NHB,age_2044,Female,2,29.85325395
2030,HIS,age_2044,Female,3,33.027763061
2030,Other,age_2044,Female,4,35.225099709
2030,NHW,age_2044,Male,5,0
2030,NHB,age_2044,Male,6,0
2030,HIS,age_2044,Male,7,0
2030,Other,age_2044,Male,8,0
2030,NHW,age_4554,Female,9,103.83117698
2030,NHB,age_4554,Female,10,127.58950549
2030,HIS,age_4554,Female,11,94.30485908
2030,Other,age_4554,Female,12,92.799012114
2030,NHW,age_4554,Male,13,0
2030,NHB,age_4554,Male,14,0
2030,HIS,age_4554,Male,15,0
2030,Other,age_4554,Male,16,0
2030,NHW,age_5564,Female,17,100.09287668
2030,NHB,age_5564,Female,18,129.29425061
2030,HIS,age_5564,Female,19,80.325516707
2030,Other,age_5564,Female,20,68.616352191
2030,NHW,age_5564,Male,21,0
2030,NHB,age_5564,Male,22,0
2030,HIS,age_5564,Male,23,0
2030,Other,age_5564,Male,24,0
2030,NHW,age_65+,Female,25,100.09287677
2030,NHB,age_65+,Female,26,129.29425081
2030,HIS,age_65+,Female,27,80.325517687
2030,Other,age_65+,Female,28,68.616353174
2030,NHW,age_65+,Male,29,0
2030,NHB,age_65+,Male,30,0
2030,HIS,age_65+,Male,31,0
2030,Other,age_65+,Male,32,0
2031,NHW,age_2044,Female,1,34.81419671
2031,NHB,age_2044,Female,2,34.832931391
2031,HIS,age_2044,Female,3,36.913644551
2031,Other,age_2044,Female,4,39.397338028
2031,NHW,age_2044,Male,5,0
2031,NHB,age_2044,Male,6,0
2031,HIS,age_2044,Male,7,0
2031,Other,age_2044,Male,8,0
2031,NHW,age_4554,Female,9,104.3341637
2031,NHB,age_4554,Female,10,130.97985319
2031,HIS,age_4554,Female,11,94.311793308
2031,Other,age_4554,Female,12,92.031648092
2031,NHW,age_4554,Male,13,0
2031,NHB,age_4554,Male,14,0
2031,HIS,age_4554,Male,15,0
2031,Other,age_4554,Male,16,0
2031,NHW,age_5564,Female,17,100.84664088
2031,NHB,age_5564,Female,18,131.55336884
2031,HIS,age_5564,Female,19,81.22525896
2031,Other,age_5564,Female,20,69.790461895
2031,NHW,age_5564,Male,21,0
2031,NHB,age_5564,Male,22,0
2031,HIS,age_5564,Male,23,0
2031,Other,age_5564,Male,24,0
2031,NHW,age_65+,Female,25,100.84664069
2031,NHB,age_65+,Female,26,131.55336763
2031,HIS,age_65+,Female,27,81.225258915
2031,Other,age_65+,Female,28,69.790462777
2031,NHW,age_65+,Male,29,0
2031,NHB,age_65+,Male,30,0
2031,HIS,age_65+,Male,31,0
2031,Other,age_65+,Male,32,0
2032,NHW,age_2044,Female,1,38.829015863
2032,NHB,age_2044,Female,2,40.228654271
2032,HIS,age_2044,Female,3,40.993290699
2032,Other,age_2044,Female,4,43.822700109
2032,NHW,age_2044,Male,5,0
2032,NHB,age_2044,Male,6,0
2032,HIS,age_2044,Male,7,0
2032,Other,age_2044,Male,8,0
2032,NHW,age_4554,Female,9,104.76359848
2032,NHB,age_4554,Female,10,134.15763023
2032,HIS,age_4554,Female,11,94.048069522
2032,Other,age_4554,Female,12,90.993930153
2032,NHW,age_4554,Male,13,0
2032,NHB,age_4554,Male,14,0
2032,HIS,age_4554,Male,15,0
2032,Other,age_4554,Male,16,0
2032,NHW,age_5564,Female,17,101.60608133
2032,NHB,age_5564,Female,18,133.85195797
2032,HIS,age_5564,Female,19,82.135081128
2032,Other,age_5564,Female,20,70.984658986
2032,NHW,age_5564,Male,21,0
2032,NHB,age_5564,Male,22,0
2032,HIS,age_5564,Male,23,0
2032,Other,age_5564,Male,24,0
2032,NHW,age_65+,Female,25,101.60608164
2032,NHB,age_65+,Female,26,133.85195794
2032,HIS,age_65+,Female,27,82.135081342
2032,Other,age_65+,Female,28,70.984660889
2032,NHW,age_65+,Male,29,0
2032,NHB,age_65+,Male,30,0
2032,HIS,age_65+,Male,31,0
2032,Other,age_65+,Male,32,0
2033,NHW,age_2044,Female,1,42.602781258
2033,NHB,age_2044,Female,2,44.705191074
2033,HIS,age_2044,Female,3,44.267878923
2033,Other,age_2044,Female,4,47.390653854
2033,NHW,age_2044,Male,5,0
2033,NHB,age_2044,Male,6,0
2033,HIS,age_2044,Male,7,0
2033,Other,age_2044,Male,8,0
2033,NHW,age_4554,Female,9,104.15419699
2033,NHB,age_4554,Female,10,134.10002273
2033,HIS,age_4554,Female,11,91.856010732
2033,Other,age_4554,Female,12,87.346413137
2033,NHW,age_4554,Male,13,0
2033,NHB,age_4554,Male,14,0
2033,HIS,age_4554,Male,15,0
2033,Other,age_4554,Male,16,0
2033,NHW,age_5564,Female,17,101.60608143
2033,NHB,age_5564,Female,18,133.8519579
2033,HIS,age_5564,Female,19,82.135081015
2033,Other,age_5564,Female,20,70.984658438
2033,NHW,age_5564,Male,21,0
2033,NHB,age_5564,Male,22,0
2033,HIS,age_5564,Male,23,0
2033,Other,age_5564,Male,24,0
2033,NHW,age_65+,Female,25,101.60608168
2033,NHB,age_65+,Female,26,133.85195753
2033,HIS,age_65+,Female,27,82.135081309
2033,Other,age_65+,Female,28,70.984659286
2033,NHW,age_65+,Male,29,0
2033,NHB,age_65+,Male,30,0
2033,HIS,age_65+,Male,31,0
2033,Other,age_65+,Male,32,0
2034,NHW,age_2044,Female,1,46.449345176
2034,NHB,age_2044,Female,2,49.38224345
2034,HIS,age_2044,Female,3,47.585794413
2034,Other,age_2044,Female,4,51.075871503
2034,NHW,age_2044,Male,5,0
2034,NHB,age_2044,Male,6,0
2034,HIS,age_2044,Male,7,0
2034,Other,age_2044,Male,8,0
2034,NHW,age_4554,Female,9,103.52713272
2034,NHB,age_4554,Female,10,134.04221253
2034,HIS,age_4554,Female,11,89.593463171
2034,Other,age_4554,Female,12,83.519634405
2034,NHW,age_4554,Male,13,0
2034,NHB,age_4554,Male,14,0
2034,HIS,age_4554,Male,15,0
2034,Other,age_4554,Male,16,0
2034,NHW,age_5564,Female,17,101.60608146
2034,NHB,age_5564,Female,18,133.85195837
2034,HIS,age_5564,Female,19,82.135081471
2034,Other,age_5564,Female,20,70.984658317
2034,NHW,age_5564,Male,21,0
2034,NHB,age_5564,Male,22,0
2034,HIS,age_5564,Male,23,0
2034,Other,age_5564,Male,24,0
2034,NHW,age_65+,Female,25,101.60608145
2034,NHB,age_65+,Female,26,133.85195867
2034,HIS,age_65+,Female,27,82.135078726
2034,Other,age_65+,Female,28,70.984660503
2034,NHW,age_65+,Male,29,0
2034,NHB,age_65+,Male,30,0
2034,HIS,age_65+,Male,31,0
2034,Other,age_65+,Male,32,0
2035,NHW,age_2044,Female,1,50.498753058
2035,NHB,age_2044,Female,2,54.36848369
2035,HIS,age_2044,Female,3,51.119075083
2035,Other,age_2044,Female,4,54.897316677
2035,NHW,age_2044,Male,5,0
2035,NHB,age_2044,Male,6,0
2035,HIS,age_2044,Male,7,0
2035,Other,age_2044,Male,8,0
2035,NHW,age_4554,Female,9,102.86786258
2035,NHB,age_4554,Female,10,133.97925467
2035,HIS,age_4554,Female,11,87.164231447
2035,Other,age_4554,Female,12,79.42894965
2035,NHW,age_4554,Male,13,0
2035,NHB,age_4554,Male,14,0
2035,HIS,age_4554,Male,15,0
2035,Other,age_4554,Male,16,0
2035,NHW,age_5564,Female,17,101.60608141
2035,NHB,age_5564,Female,18,133.85195821
2035,HIS,age_5564,Female,19,82.135080359
2035,Other,age_5564,Female,20,70.984659124
2035,NHW,age_5564,Male,21,0
2035,NHB,age_5564,Male,22,0
2035,HIS,age_5564,Male,23,0
2035,Other,age_5564,Male,24,0
2035,NHW,age_65+,Female,25,101.60608138
2035,NHB,age_65+,Female,26,133.85195832
2035,HIS,age_65+,Female,27,82.135081877
2035,Other,age_65+,Female,28,70.984658943
2035,NHW,age_65+,Male,29,0
2035,NHB,age_65+,Male,30,0
2035,HIS,age_65+,Male,31,0
2035,Other,age_65+,Male,32,0
2036,NHW,age_2044,Female,1,54.524033774
2036,NHB,age_2044,Female,2,59.248322035
2036,HIS,age_2044,Female,3,54.662230021
2036,Other,age_2044,Female,4,58.717359162
2036,NHW,age_2044,Male,5,0
2036,NHB,age_2044,Male,6,0
2036,HIS,age_2044,Male,7,0
2036,Other,age_2044,Male,8,0
2036,NHW,age_4554,Female,9,102.21432015
2036,NHB,age_4554,Female,10,133.91477816
2036,HIS,age_4554,Female,11,84.671170756
2036,Other,age_4554,Female,12,75.278793291
2036,NHW,age_4554,Male,13,0
2036,NHB,age_4554,Male,14,0
2036,HIS,age_4554,Male,15,0
2036,Other,age_4554,Male,16,0
2036,NHW,age_5564,Female,17,101.60608143
2036,NHB,age_5564,Female,18,133.85195794
2036,HIS,age_5564,Female,19,82.135081235
2036,Other,age_5564,Female,20,70.984659278
2036,NHW,age_5564,Male,21,0
2036,NHB,age_5564,Male,22,0
2036,HIS,age_5564,Male,23,0
2036,Other,age_5564,Male,24,0
2036,NHW,age_65+,Female,25,101.60608137
2036,NHB,age_65+,Female,26,133.85195911
2036,HIS,age_65+,Female,27,82.135081849
2036,Other,age_65+,Female,28,70.984659847
2036,NHW,age_65+,Male,29,0
2036,NHB,age_65+,Male,30,0
2036,HIS,age_65+,Male,31,0
2036,Other,age_65+,Male,32,0
2037,NHW,age_2044,Female,1,58.53924474
2037,NHB,age_2044,Female,2,64.150745083
2037,HIS,age_2044,Female,3,58.277928277
2037,Other,age_2044,Female,4,62.584220351
2037,NHW,age_2044,Male,5,0
2037,NHB,age_2044,Male,6,0
2037,HIS,age_2044,Male,7,0
2037,Other,age_2044,Male,8,0
2037,NHW,age_4554,Female,9,101.60608159
2037,NHB,age_4554,Female,10,133.85195846
2037,HIS,age_4554,Female,11,82.135081039
2037,Other,age_4554,Female,12,70.984660511
2037,NHW,age_4554,Male,13,0
2037,NHB,age_4554,Male,14,0
2037,HIS,age_4554,Male,15,0
2037,Other,age_4554,Male,16,0
2037,NHW,age_5564,Female,17,101.60608145
2037,NHB,age_5564,Female,18,133.85195822
2037,HIS,age_5564,Female,19,82.135080665
2037,Other,age_5564,Female,20,70.984658951
2037,NHW,age_5564,Male,21,0
2037,NHB,age_5564,Male,22,0
2037,HIS,age_5564,Male,23,0
2037,Other,age_5564,Male,24,0
2037,NHW,age_65+,Female,25,101.60608163
2037,NHB,age_65+,Female,26,133.85195938
2037,HIS,age_65+,Female,27,82.135078516
2037,Other,age_65+,Female,28,70.984662817
2037,NHW,age_65+,Male,29,0
2037,NHB,age_65+,Male,30,0
2037,HIS,age_65+,Male,31,0
2037,Other,age_65+,Male,32,0
2038,NHW,age_2044,Female,1,62.295259231
2038,NHB,age_2044,Female,2,69.015669609
2038,HIS,age_2044,Female,3,61.188470525
2038,Other,age_2044,Female,4,65.25234431
2038,NHW,age_2044,Male,5,0
2038,NHB,age_2044,Male,6,0
2038,HIS,age_2044,Male,7,0
2038,Other,age_2044,Male,8,0
2038,NHW,age_4554,Female,9,101.6060815
2038,NHB,age_4554,Female,10,133.85195856
2038,HIS,age_4554,Female,11,82.135080376
2038,Other,age_4554,Female,12,70.984659849
2038,NHW,age_4554,Male,13,0
2038,NHB,age_4554,Male,14,0
2038,HIS,age_4554,Male,15,0
2038,Other,age_4554,Male,16,0
2038,NHW,age_5564,Female,17,101.60608143
2038,NHB,age_5564,Female,18,133.8519579
2038,HIS,age_5564,Female,19,82.135079911
2038,Other,age_5564,Female,20,70.984659934
2038,NHW,age_5564,Male,21,0
2038,NHB,age_5564,Male,22,0
2038,HIS,age_5564,Male,23,0
2038,Other,age_5564,Male,24,0
2038,NHW,age_65+,Female,25,101.6060813
2038,NHB,age_65+,Female,26,133.85195891
2038,HIS,age_65+,Female,27,82.135082175
2038,Other,age_65+,Female,28,70.98465964
2038,NHW,age_65+,Male,29,0
2038,NHB,age_65+,Male,30,0
2038,HIS,age_65+,Male,31,0
2038,Other,age_65+,Male,32,0
2039,NHW,age_2044,Female,1,66.005967732
2039,NHB,age_2044,Female,2,73.834784661
2039,HIS,age_2044,Female,3,64.099323563
2039,Other,age_2044,Female,4,67.945078952
2039,NHW,age_2044,Male,5,0
2039,NHB,age_2044,Male,6,0
2039,HIS,age_2044,Male,7,0
2039,Other,age_2044,Male,8,0
2039,NHW,age_4554,Female,9,101.60608143
2039,NHB,age_4554,Female,10,133.85195839
2039,HIS,age_4554,Female,11,82.135080161
2039,Other,age_4554,Female,12,70.98465915
2039,NHW,age_4554,Male,13,0
2039,NHB,age_4554,Male,14,0
2039,HIS,age_4554,Male,15,0
2039,Other,age_4554,Male,16,0
2039,NHW,age_5564,Female,17,101.6060815
2039,NHB,age_5564,Female,18,133.85195708
2039,HIS,age_5564,Female,19,82.135080736
2039,Other,age_5564,Female,20,70.984660943
2039,NHW,age_5564,Male,21,0
2039,NHB,age_5564,Male,22,0
2039,HIS,age_5564,Male,23,0
2039,Other,age_5564,Male,24,0
2039,NHW,age_65+,Female,25,101.60608109
2039,NHB,age_65+,Female,26,133.85195845
2039,HIS,age_65+,Female,27,82.135082559
2039,Other,age_65+,Female,28,70.984658793
2039,NHW,age_65+,Male,29,0
2039,NHB,age_65+,Male,30,0
2039,HIS,age_65+,Male,31,0
2039,Other,age_65+,Male,32,0
2040,NHW,age_2044,Female,1,69.797197225
2040,NHB,age_2044,Female,2,78.772306977
2040,HIS,age_2044,Female,3,67.069653544
2040,Other,age_2044,Female,4,70.680761045
2040,NHW,age_2044,Male,5,0
2040,NHB,age_2044,Male,6,0
2040,HIS,age_2044,Male,7,0
2040,Other,age_2044,Male,8,0
2040,NHW,age_4554,Female,9,101.60608141
2040,NHB,age_4554,Female,10,133.85195821
2040,HIS,age_4554,Female,11,82.13508119
2040,Other,age_4554,Female,12,70.984659098
2040,NHW,age_4554,Male,13,0
2040,NHB,age_4554,Male,14,0
2040,HIS,age_4554,Male,15,0
2040,Other,age_4554,Male,16,0
2040,NHW,age_5564,Female,17,101.60608151
2040,NHB,age_5564,Female,18,133.85195664
2040,HIS,age_5564,Female,19,82.13508021
2040,Other,age_5564,Female,20,70.984659675
2040,NHW,age_5564,Male,21,0
2040,NHB,age_5564,Male,22,0
2040,HIS,age_5564,Male,23,0
2040,Other,age_5564,Male,24,0
2040,NHW,age_65+,Female,25,101.60608097
2040,NHB,age_65+,Female,26,133.85195673
2040,HIS,age_65+,Female,27,82.13508104
2040,Other,age_65+,Female,28,70.984656116
2040,NHW,age_65+,Male,29,0
2040,NHB,age_65+,Male,30,0
2040,HIS,age_65+,Male,31,0
2040,Other,age_65+,Male,32,0
2041,NHW,age_2044,Female,1,73.560432013
2041,NHB,age_2044,Female,2,83.70056788
2041,HIS,age_2044,Female,3,70.067713155
2041,Other,age_2044,Female,4,73.465407589
2041,NHW,age_2044,Male,5,0
2041,NHB,age_2044,Male,6,0
2041,HIS,age_2044,Male,7,0
2041,Other,age_2044,Male,8,0
2041,NHW,age_4554,Female,9,101.60608156
2041,NHB,age_4554,Female,10,133.85195887
2041,HIS,age_4554,Female,11,82.135080494
2041,Other,age_4554,Female,12,70.984659068
2041,NHW,age_4554,Male,13,0
2041,NHB,age_4554,Male,14,0
2041,HIS,age_4554,Male,15,0
2041,Other,age_4554,Male,16,0
2041,NHW,age_5564,Female,17,101.60608154
2041,NHB,age_5564,Female,18,133.85195756
2041,HIS,age_5564,Female,19,82.135080405
2041,Other,age_5564,Female,20,70.984659835
2041,NHW,age_5564,Male,21,0
2041,NHB,age_5564,Male,22,0
2041,HIS,age_5564,Male,23,0
2041,Other,age_5564,Male,24,0
2041,NHW,age_65+,Female,25,101.60608135
2041,NHB,age_65+,Female,26,133.85195369
2041,HIS,age_65+,Female,27,82.135077386
2041,Other,age_65+,Female,28,70.984665022
2041,NHW,age_65+,Male,29,0
2041,NHB,age_65+,Male,30,0
2041,HIS,age_65+,Male,31,0
2041,Other,age_65+,Male,32,0
2042,NHW,age_2044,Female,1,77.297524994
2042,NHB,age_2044,Female,2,88.713082253
2042,HIS,age_2044,Female,3,73.102014814
2042,Other,age_2044,Female,4,76.285476552
2042,NHW,age_2044,Male,5,0
2042,NHB,age_2044,Male,6,0
2042,HIS,age_2044,Male,7,0
2042,Other,age_2044,Male,8,0
2042,NHW,age_4554,Female,9,101.60608136
2042,NHB,age_4554,Female,10,133.85195765
2042,HIS,age_4554,Female,11,82.135080757
2042,Other,age_4554,Female,12,70.984659859
2042,NHW,age_4554,Male,13,0
2042,NHB,age_4554,Male,14,0
2042,HIS,age_4554,Male,15,0
2042,Other,age_4554,Male,16,0
2042,NHW,age_5564,Female,17,101.60608151
2042,NHB,age_5564,Female,18,133.85195765
2042,HIS,age_5564,Female,19,82.135080752
2042,Other,age_5564,Female,20,70.984657584
2042,NHW,age_5564,Male,21,0
2042,NHB,age_5564,Male,22,0
2042,HIS,age_5564,Male,23,0
2042,Other,age_5564,Male,24,0
2042,NHW,age_65+,Female,25,101.60608142
2042,NHB,age_65+,Female,26,133.85195821
2042,HIS,age_65+,Female,27,82.135075606
2042,Other,age_65+,Female,28,70.98466424
2042,NHW,age_65+,Male,29,0
2042,NHB,age_65+,Male,30,0
2042,HIS,age_65+,Male,31,0
2042,Other,age_65+,Male,32,0
2043,NHW,age_2044,Female,1,79.973747638
2043,NHB,age_2044,Female,2,92.787905496
2043,HIS,age_2044,Female,3,74.755012277
2043,Other,age_2044,Female,4,77.464755159
2043,NHW,age_2044,Male,5,0
2043,NHB,age_2044,Male,6,0
2043,HIS,age_2044,Male,7,0
2043,Other,age_2044,Male,8,0
2043,NHW,age_4554,Female,9,101.60608154
2043,NHB,age_4554,Female,10,133.85195859
2043,HIS,age_4554,Female,11,82.135080582
2043,Other,age_4554,Female,12,70.984659392
2043,NHW,age_4554,Male,13,0
2043,NHB,age_4554,Male,14,0
2043,HIS,age_4554,Male,15,0
2043,Other,age_4554,Male,16,0
2043,NHW,age_5564,Female,17,101.60608136
2043,NHB,age_5564,Female,18,133.85195716
2043,HIS,age_5564,Female,19,82.135080496
2043,Other,age_5564,Female,20,70.984658411
2043,NHW,age_5564,Male,21,0
2043,NHB,age_5564,Male,22,0
2043,HIS,age_5564,Male,23,0
2043,Other,age_5564,Male,24,0
2043,NHW,age_65+,Female,25,101.6060815
2043,NHB,age_65+,Female,26,133.85196201
2043,HIS,age_65+,Female,27,82.135080316
2043,Other,age_65+,Female,28,70.984664133
2043,NHW,age_65+,Male,29,0
2043,NHB,age_65+,Male,30,0
2043,HIS,age_65+,Male,31,0
2043,Other,age_65+,Male,32,0
2044,NHW,age_2044,Female,1,82.705220913
2044,NHB,age_2044,Female,2,97.156229206
2044,HIS,age_2044,Female,3,76.469657555
2044,Other,age_2044,Female,4,78.698177169
2044,NHW,age_2044,Male,5,0
2044,NHB,age_2044,Male,6,0
2044,HIS,age_2044,Male,7,0
2044,Other,age_2044,Male,8,0
2044,NHW,age_4554,Female,9,101.60608142
2044,NHB,age_4554,Female,10,133.85195789
2044,HIS,age_4554,Female,11,82.135080154
2044,Other,age_4554,Female,12,70.984659306
2044,NHW,age_4554,Male,13,0
2044,NHB,age_4554,Male,14,0
2044,HIS,age_4554,Male,15,0
2044,Other,age_4554,Male,16,0
2044,NHW,age_5564,Female,17,101.60608147
2044,NHB,age_5564,Female,18,133.85195753
2044,HIS,age_5564,Female,19,82.135080828
2044,Other,age_5564,Female,20,70.984659632
2044,NHW,age_5564,Male,21,0
2044,NHB,age_5564,Male,22,0
2044,HIS,age_5564,Male,23,0
2044,Other,age_5564,Male,24,0
2044,NHW,age_65+,Female,25,101.60608123
2044,NHB,age_65+,Female,26,133.85195957
2044,HIS,age_65+,Female,27,82.135072799
2044,Other,age_65+,Female,28,70.984660708
2044,NHW,age_65+,Male,29,0
2044,NHB,age_65+,Male,30,0
2044,HIS,age_65+,Male,31,0
2044,Other,age_65+,Male,32,0
2045,NHW,age_2044,Female,1,85.543623464
2045,NHB,age_2044,Female,2,101.82776961
2045,HIS,age_2044,Female,3,78.290761293
2045,Other,age_2044,Female,4,79.927222808
2045,NHW,age_2044,Male,5,0
2045,NHB,age_2044,Male,6,0
2045,HIS,age_2044,Male,7,0
2045,Other,age_2044,Male,8,0
2045,NHW,age_4554,Female,9,101.60608161
2045,NHB,age_4554,Female,10,133.8519583
2045,HIS,age_4554,Female,11,82.135080187
2045,Other,age_4554,Female,12,70.984660894
2045,NHW,age_4554,Male,13,0
2045,NHB,age_4554,Male,14,0
2045,HIS,age_4554,Male,15,0
2045,Other,age_4554,Male,16,0
2045,NHW,age_5564,Female,17,101.60608125
2045,NHB,age_5564,Female,18,133.85195854
2045,HIS,age_5564,Female,19,82.135079666
2045,Other,age_5564,Female,20,70.984662758
2045,NHW,age_5564,Male,21,0
2045,NHB,age_5564,Male,22,0
2045,HIS,age_5564,Male,23,0
2045,Other,age_5564,Male,24,0
2045,NHW,age_65+,Female,25,101.60608172
2045,NHB,age_65+,Female,26,133.8519664
2045,HIS,age_65+,Female,27,82.135085063
2045,Other,age_65+,Female,28,70.984655604
2045,NHW,age_65+,Male,29,0
2045,NHB,age_65+,Male,30,0
2045,HIS,age_65+,Male,31,0
2045,Other,age_65+,Male,32,0
2046,NHW,age_2044,Female,1,88.382705279
2046,NHB,age_2044,Female,2,106.59724844
2046,HIS,age_2044,Female,3,80.205662984
2046,Other,age_2044,Female,4,81.183979513
2046,NHW,age_2044,Male,5,0
2046,NHB,age_2044,Male,6,0
2046,HIS,age_2044,Male,7,0
2046,Other,age_2044,Male,8,0
2046,NHW,age_4554,Female,9,101.60608143
2046,NHB,age_4554,Female,10,133.85195776
2046,HIS,age_4554,Female,11,82.135080855
2046,Other,age_4554,Female,12,70.984659127
2046,NHW,age_4554,Male,13,0
2046,NHB,age_4554,Male,14,0
2046,HIS,age_4554,Male,15,0
2046,Other,age_4554,Male,16,0
2046,NHW,age_5564,Female,17,101.60608148
2046,NHB,age_5564,Female,18,133.85195816
2046,HIS,age_5564,Female,19,82.135080768
2046,Other,age_5564,Female,20,70.98465985
2046,NHW,age_5564,Male,21,0
2046,NHB,age_5564,Male,22,0
2046,HIS,age_5564,Male,23,0
2046,Other,age_5564,Male,24,0
2046,NHW,age_65+,Female,25,101.60608113
2046,NHB,age_65+,Female,26,133.85196676
2046,HIS,age_65+,Female,27,82.135084026
2046,Other,age_65+,Female,28,70.984664969
2046,NHW,age_65+,Male,29,0
2046,NHB,age_65+,Male,30,0
2046,HIS,age_65+,Male,31,0
2046,Other,age_65+,Male,32,0
2047,NHW,age_2044,Female,1,91.139637774
2047,NHB,age_2044,Female,2,111.34293787
2047,HIS,age_2044,Female,3,82.181956143
2047,Other,age_2044,Female,4,82.374211293
2047,NHW,age_2044,Male,5,0
2047,NHB,age_2044,Male,6,0
2047,HIS,age_2044,Male,7,0
2047,Other,age_2044,Male,8,0
2047,NHW,age_4554,Female,9,101.60608144
2047,NHB,age_4554,Female,10,133.85195813
2047,HIS,age_4554,Female,11,82.135081149
2047,Other,age_4554,Female,12,70.984660033
2047,NHW,age_4554,Male,13,0
2047,NHB,age_4554,Male,14,0
2047,HIS,age_4554,Male,15,0
2047,Other,age_4554,Male,16,0
2047,NHW,age_5564,Female,17,101.60608149
2047,NHB,age_5564,Female,18,133.85195719
2047,HIS,age_5564,Female,19,82.135080442
2047,Other,age_5564,Female,20,70.984659251
2047,NHW,age_5564,Male,21,0
2047,NHB,age_5564,Male,22,0
2047,HIS,age_5564,Male,23,0
2047,Other,age_5564,Male,24,0
2047,NHW,age_65+,Female,25,101.6060807
2047,NHB,age_65+,Female,26,133.85195297
2047,HIS,age_65+,Female,27,82.135085366
2047,Other,age_65+,Female,28,70.984654306
2047,NHW,age_65+,Male,29,0
2047,NHB,age_65+,Male,30,0
2047,HIS,age_65+,Male,31,0
2047,Other,age_65+,Male,32,0
2048,NHW,age_2044,Female,1,93.822912001
2048,NHB,age_2044,Female,2,116.04425348
2048,HIS,age_2044,Female,3,84.17206972
2048,Other,age_2044,Female,4,83.549534334
2048,NHW,age_2044,Male,5,0
2048,NHB,age_2044,Male,6,0
2048,HIS,age_2044,Male,7,0
2048,Other,age_2044,Male,8,0
2048,NHW,age_4554,Female,9,101.60608145
2048,NHB,age_4554,Female,10,133.85195751
2048,HIS,age_4554,Female,11,82.13508092
2048,Other,age_4554,Female,12,70.984659871
2048,NHW,age_4554,Male,13,0
2048,NHB,age_4554,Male,14,0
2048,HIS,age_4554,Male,15,0
2048,Other,age_4554,Male,16,0
2048,NHW,age_5564,Female,17,101.60608123
2048,NHB,age_5564,Female,18,133.85195849
2048,HIS,age_5564,Female,19,82.135081275
2048,Other,age_5564,Female,20,70.984657408
2048,NHW,age_5564,Male,21,0
2048,NHB,age_5564,Male,22,0
2048,HIS,age_5564,Male,23,0
2048,Other,age_5564,Male,24,0
2048,NHW,age_65+,Female,25,101.6060797
2048,NHB,age_65+,Female,26,133.85195675
2048,HIS,age_65+,Female,27,82.135077728
2048,Other,age_65+,Female,28,70.984668979
2048,NHW,age_65+,Male,29,0
2048,NHB,age_65+,Male,30,0
2048,HIS,age_65+,Male,31,0
2048,Other,age_65+,Male,32,0
2049,NHW,age_2044,Female,1,96.494981327
2049,NHB,age_2044,Female,2,120.70063085
2049,HIS,age_2044,Female,3,86.225763467
2049,Other,age_2044,Female,4,84.738820626
2049,NHW,age_2044,Male,5,0
2049,NHB,age_2044,Male,6,0
2049,HIS,age_2044,Male,7,0
2049,Other,age_2044,Male,8,0
2049,NHW,age_4554,Female,9,101.60608153
2049,NHB,age_4554,Female,10,133.85195807
2049,HIS,age_4554,Female,11,82.1350809
2049,Other,age_4554,Female,12,70.984658813
2049,NHW,age_4554,Male,13,0
2049,NHB,age_4554,Male,14,0
2049,HIS,age_4554,Male,15,0
2049,Other,age_4554,Male,16,0
2049,NHW,age_5564,Female,17,101.60608123
2049,NHB,age_5564,Female,18,133.85195867
2049,HIS,age_5564,Female,19,82.135078634
2049,Other,age_5564,Female,20,70.98466223
2049,NHW,age_5564,Male,21,0
2049,NHB,age_5564,Male,22,0
2049,HIS,age_5564,Male,23,0
2049,Other,age_5564,Male,24,0
2049,NHW,age_65+,Female,25,101.60608172
2049,NHB,age_65+,Female,26,133.85195952
2049,HIS,age_65+,Female,27,82.135086524
2049,Other,age_65+,Female,28,70.984660767
2049,NHW,age_65+,Male,29,0
2049,NHB,age_65+,Male,30,0
2049,HIS,age_65+,Male,31,0
2049,Other,age_65+,Male,32,0
2050,NHW,age_2044,Female,1,99.143877866
2050,NHB,age_2044,Female,2,125.2276588
2050,HIS,age_2044,Female,3,88.29597082
2050,Other,age_2044,Female,4,85.922888601
2050,NHW,age_2044,Male,5,0
2050,NHB,age_2044,Male,6,0
2050,HIS,age_2044,Male,7,0
2050,Other,age_2044,Male,8,0
2050,NHW,age_4554,Female,9,101.60608127
2050,NHB,age_4554,Female,10,133.85195965
2050,HIS,age_4554,Female,11,82.13508137
2050,Other,age_4554,Female,12,70.984658031
2050,NHW,age_4554,Male,13,0
2050,NHB,age_4554,Male,14,0
2050,HIS,age_4554,Male,15,0
2050,Other,age_4554,Male,16,0
2050,NHW,age_5564,Female,17,101.60608157
2050,NHB,age_5564,Female,18,133.85195842
2050,HIS,age_5564,Female,19,82.135079325
2050,Other,age_5564,Female,20,70.984660603
2050,NHW,age_5564,Male,21,0
2050,NHB,age_5564,Male,22,0
2050,HIS,age_5564,Male,23,0
2050,Other,age_5564,Male,24,0
2050,NHW,age_65+,Female,25,101.60608323
2050,NHB,age_65+,Female,26,133.85196605
2050,HIS,age_65+,Female,27,82.135067701
2050,Other,age_65+,Female,28,70.984637221
2050,NHW,age_65+,Male,29,0
2050,NHB,age_65+,Male,30,0
2050,HIS,age_65+,Male,31,0
2050,Other,age_65+,Male,32,0
2051,NHW,age_2044,Female,1,101.78058728
2051,NHB,age_2044,Female,2,129.64875637
2051,HIS,age_2044,Female,3,90.399677272
2051,Other,age_2044,Female,4,87.151972004
2051,NHW,age_2044,Male,5,0
2051,NHB,age_2044,Male,6,0
2051,HIS,age_2044,Male,7,0
2051,Other,age_2044,Male,8,0
2051,NHW,age_4554,Female,9,101.60608149
2051,NHB,age_4554,Female,10,133.8519579
2051,HIS,age_4554,Female,11,82.135080757
2051,Other,age_4554,Female,12,70.984659434
2051,NHW,age_4554,Male,13,0
2051,NHB,age_4554,Male,14,0
2051,HIS,age_4554,Male,15,0
2051,Other,age_4554,Male,16,0
2051,NHW,age_5564,Female,17,101.60608138
2051,NHB,age_5564,Female,18,133.85195643
2051,HIS,age_5564,Female,19,82.135079675
2051,Other,age_5564,Female,20,70.984658811
2051,NHW,age_5564,Male,21,0
2051,NHB,age_5564,Male,22,0
2051,HIS,age_5564,Male,23,0
2051,Other,age_5564,Male,24,0
2051,NHW,age_65+,Female,25,101.60607992
2051,NHB,age_65+,Female,26,133.85194756
2051,HIS,age_65+,Female,27,82.135064655
2051,Other,age_65+,Female,28,70.984635489
2051,NHW,age_65+,Male,29,0
2051,NHB,age_65+,Male,30,0
2051,HIS,age_65+,Male,31,0
2051,Other,age_65+,Male,32,0
2052,NHW,age_2044,Female,1,104.43557584
2052,NHB,age_2044,Female,2,134.1400287
2052,HIS,age_2044,Female,3,92.564606872
2052,Other,age_2044,Female,4,88.405109088
2052,NHW,age_2044,Male,5,0
2052,NHB,age_2044,Male,6,0
2052,HIS,age_2044,Male,7,0
2052,Other,age_2044,Male,8,0
2052,NHW,age_4554,Female,9,101.60608157
2052,NHB,age_4554,Female,10,133.8519572
2052,HIS,age_4554,Female,11,82.135081606
2052,Other,age_4554,Female,12,70.984659007
2052,NHW,age_4554,Male,13,0
2052,NHB,age_4554,Male,14,0
2052,HIS,age_4554,Male,15,0
2052,Other,age_4554,Male,16,0
2052,NHW,age_5564,Female,17,101.60608145
2052,NHB,age_5564,Female,18,133.85195961
2052,HIS,age_5564,Female,19,82.135081221
2052,Other,age_5564,Female,20,70.98465986
2052,NHW,age_5564,Male,21,0
2052,NHB,age_5564,Male,22,0
2052,HIS,age_5564,Male,23,0
2052,Other,age_5564,Male,24,0
2052,NHW,age_65+,Female,25,101.60608306
2052,NHB,age_65+,Female,26,133.85195809
2052,HIS,age_65+,Female,27,82.135068034
2052,Other,age_65+,Female,28,70.984649253
2052,NHW,age_65+,Male,29,0
2052,NHB,age_65+,Male,30,0
2052,HIS,age_65+,Male,31,0
2052,Other,age_65+,Male,32,0
2053,NHW,age_2044,Female,1,104.16989872
2053,NHB,age_2044,Female,2,134.1154389
2053,HIS,age_2044,Female,3,91.693653373
2053,Other,age_2044,Female,4,86.864010095
2053,NHW,age_2044,Male,5,0
2053,NHB,age_2044,Male,6,0
2053,HIS,age_2044,Male,7,0
2053,Other,age_2044,Male,8,0
2053,NHW,age_4554,Female,9,101.6060814
2053,NHB,age_4554,Female,10,133.85195803
2053,HIS,age_4554,Female,11,82.135080809
2053,Other,age_4554,Female,12,70.98465853
2053,NHW,age_4554,Male,13,0
2053,NHB,age_4554,Male,14,0
2053,HIS,age_4554,Male,15,0
2053,Other,age_4554,Male,16,0
2053,NHW,age_5564,Female,17,101.60608155
2053,NHB,age_5564,Female,18,133.8519565
2053,HIS,age_5564,Female,19,82.135079972
2053,Other,age_5564,Female,20,70.984658395
2053,NHW,age_5564,Male,21,0
2053,NHB,age_5564,Male,22,0
2053,HIS,age_5564,Male,23,0
2053,Other,age_5564,Male,24,0
2053,NHW,age_65+,Female,25,0
2053,NHB,age_65+,Female,26,0
2053,HIS,age_65+,Female,27,0
2053,Other,age_65+,Female,28,0
2053,NHW,age_65+,Male,29,0
2053,NHB,age_65+,Male,30,0
2053,HIS,age_65+,Male,31,0
2053,Other,age_65+,Male,32,0
2054,NHW,age_2044,Female,1,103.89732059
2054,NHB,age_2044,Female,2,134.08890061
2054,HIS,age_2044,Female,3,90.795316178
2054,Other,age_2044,Female,4,85.254365659
2054,NHW,age_2044,Male,5,0
2054,NHB,age_2044,Male,6,0
2054,HIS,age_2044,Male,7,0
2054,Other,age_2044,Male,8,0
2054,NHW,age_4554,Female,9,101.60608148
2054,NHB,age_4554,Female,10,133.85195783
2054,HIS,age_4554,Female,11,82.135081596
2054,Other,age_4554,Female,12,70.984658216
2054,NHW,age_4554,Male,13,0
2054,NHB,age_4554,Male,14,0
2054,HIS,age_4554,Male,15,0
2054,Other,age_4554,Male,16,0
2054,NHW,age_5564,Female,17,101.60608207
2054,NHB,age_5564,Female,18,133.85195902
2054,HIS,age_5564,Female,19,82.13508075
2054,Other,age_5564,Female,20,70.984661684
2054,NHW,age_5564,Male,21,0
2054,NHB,age_5564,Male,22,0
2054,HIS,age_5564,Male,23,0
2054,Other,age_5564,Male,24,0
2054,NHW,age_65+,Female,25,0
2054,NHB,age_65+,Female,26,0
2054,HIS,age_65+,Female,27,0
2054,Other,age_65+,Female,28,0
2054,NHW,age_65+,Male,29,0
2054,NHB,age_65+,Male,30,0
2054,HIS,age_65+,Male,31,0
2054,Other,age_65+,Male,32,0
2055,NHW,age_2044,Female,1,103.61151145
2055,NHB,age_2044,Female,2,134.06028867
2055,HIS,age_2044,Female,3,89.834475842
2055,Other,age_2044,Female,4,83.593590737
2055,NHW,age_2044,Male,5,0
2055,NHB,age_2044,Male,6,0
2055,HIS,age_2044,Male,7,0
2055,Other,age_2044,Male,8,0
2055,NHW,age_4554,Female,9,101.60608152
2055,NHB,age_4554,Female,10,133.85195851
2055,HIS,age_4554,Female,11,82.135080779
2055,Other,age_4554,Female,12,70.984660134
2055,NHW,age_4554,Male,13,0
2055,NHB,age_4554,Male,14,0
2055,HIS,age_4554,Male,15,0
2055,Other,age_4554,Male,16,0
2055,NHW,age_5564,Female,17,101.6060819
2055,NHB,age_5564,Female,18,133.85195705
2055,HIS,age_5564,Female,19,82.135078456
2055,Other,age_5564,Female,20,70.984656141
2055,NHW,age_5564,Male,21,0
2055,NHB,age_5564,Male,22,0
2055,HIS,age_5564,Male,23,0
2055,Other,age_5564,Male,24,0
2055,NHW,age_65+,Female,25,0
2055,NHB,age_65+,Female,26,0
2055,HIS,age_65+,Female,27,0
2055,Other,age_65+,Female,28,0
2055,NHW,age_65+,Male,29,0
2055,NHB,age_65+,Male,30,0
2055,HIS,age_65+,Male,31,0
2055,Other,age_65+,Male,32,0
2056,NHW,age_2044,Female,1,103.32355034
2056,NHB,age_2044,Female,2,134.03081394
2056,HIS,age_2044,Female,3,88.835078387
2056,Other,age_2044,Female,4,81.900137185
2056,NHW,age_2044,Male,5,0
2056,NHB,age_2044,Male,6,0
2056,HIS,age_2044,Male,7,0
2056,Other,age_2044,Male,8,0
2056,NHW,age_4554,Female,9,101.60608145
2056,NHB,age_4554,Female,10,133.85195884
2056,HIS,age_4554,Female,11,82.13508093
2056,Other,age_4554,Female,12,70.984659604
2056,NHW,age_4554,Male,13,0
2056,NHB,age_4554,Male,14,0
2056,HIS,age_4554,Male,15,0
2056,Other,age_4554,Male,16,0
2056,NHW,age_5564,Female,17,101.60608184
2056,NHB,age_5564,Female,18,133.85195767
2056,HIS,age_5564,Female,19,82.135081076
2056,Other,age_5564,Female,20,70.984661445
2056,NHW,age_5564,Male,21,0
2056,NHB,age_5564,Male,22,0
2056,HIS,age_5564,Male,23,0
2056,Other,age_5564,Male,24,0
2056,NHW,age_65+,Female,25,0
2056,NHB,age_65+,Female,26,0
2056,HIS,age_65+,Female,27,0
2056,Other,age_65+,Female,28,0
2056,NHW,age_65+,Male,29,0
2056,NHB,age_65+,Male,30,0
2056,HIS,age_65+,Male,31,0
2056,Other,age_65+,Male,32,0
2057,NHW,age_2044,Female,1,103.04049655
2057,NHB,age_2044,Female,2,134.00117671
2057,HIS,age_2044,Female,3,87.797400188
2057,Other,age_2044,Female,4,80.200260069
2057,NHW,age_2044,Male,5,0
2057,NHB,age_2044,Male,6,0
2057,HIS,age_2044,Male,7,0
2057,Other,age_2044,Male,8,0
2057,NHW,age_4554,Female,9,101.60608131
2057,NHB,age_4554,Female,10,133.85195915
2057,HIS,age_4554,Female,11,82.135080915
2057,Other,age_4554,Female,12,70.984659817
2057,NHW,age_4554,Male,13,0
2057,NHB,age_4554,Male,14,0
2057,HIS,age_4554,Male,15,0
2057,Other,age_4554,Male,16,0
2057,NHW,age_5564,Female,17,101.60608105
2057,NHB,age_5564,Female,18,133.85195705
2057,HIS,age_5564,Female,19,82.135084212
2057,Other,age_5564,Female,20,70.984667333
2057,NHW,age_5564,Male,21,0
2057,NHB,age_5564,Male,22,0
2057,HIS,age_5564,Male,23,0
2057,Other,age_5564,Male,24,0
2057,NHW,age_65+,Female,25,0
2057,NHB,age_65+,Female,26,0
2057,HIS,age_65+,Female,27,0
2057,Other,age_65+,Female,28,0
2057,NHW,age_65+,Male,29,0
2057,NHB,age_65+,Male,30,0
2057,HIS,age_65+,Male,31,0
2057,Other,age_65+,Male,32,0
2058,NHW,age_2044,Female,1,102.76118944
2058,NHB,age_2044,Female,2,133.97144893
2058,HIS,age_2044,Female,3,86.741505182
2058,Other,age_2044,Female,4,78.472732165
2058,NHW,age_2044,Male,5,0
2058,NHB,age_2044,Male,6,0
2058,HIS,age_2044,Male,7,0
2058,Other,age_2044,Male,8,0
2058,NHW,age_4554,Female,9,101.60608137
2058,NHB,age_4554,Female,10,133.85195668
2058,HIS,age_4554,Female,11,82.135082272
2058,Other,age_4554,Female,12,70.98466155
2058,NHW,age_4554,Male,13,0
2058,NHB,age_4554,Male,14,0
2058,HIS,age_4554,Male,15,0
2058,Other,age_4554,Male,16,0
2058,NHW,age_5564,Female,17,101.60608186
2058,NHB,age_5564,Female,18,133.85195773
2058,HIS,age_5564,Female,19,82.13507781
2058,Other,age_5564,Female,20,70.984673942
2058,NHW,age_5564,Male,21,0
2058,NHB,age_5564,Male,22,0
2058,HIS,age_5564,Male,23,0
2058,Other,age_5564,Male,24,0
2058,NHW,age_65+,Female,25,0
2058,NHB,age_65+,Female,26,0
2058,HIS,age_65+,Female,27,0
2058,Other,age_65+,Female,28,0
2058,NHW,age_65+,Male,29,0
2058,NHB,age_65+,Male,30,0
2058,HIS,age_65+,Male,31,0
2058,Other,age_65+,Male,32,0
2059,NHW,age_2044,Female,1,102.4793227
2059,NHB,age_2044,Female,2,133.94156775
2059,HIS,age_2044,Female,3,85.648032389
2059,Other,age_2044,Female,4,76.700547239
2059,NHW,age_2044,Male,5,0
2059,NHB,age_2044,Male,6,0
2059,HIS,age_2044,Male,7,0
2059,Other,age_2044,Male,8,0
2059,NHW,age_4554,Female,9,101.60608137
2059,NHB,age_4554,Female,10,133.85195819
2059,HIS,age_4554,Female,11,82.135080853
2059,Other,age_4554,Female,12,70.984660369
2059,NHW,age_4554,Male,13,0
2059,NHB,age_4554,Male,14,0
2059,HIS,age_4554,Male,15,0
2059,Other,age_4554,Male,16,0
2059,NHW,age_5564,Female,17,101.60608129
2059,NHB,age_5564,Female,18,133.85195999
2059,HIS,age_5564,Female,19,82.135084405
2059,Other,age_5564,Female,20,70.984655414
2059,NHW,age_5564,Male,21,0
2059,NHB,age_5564,Male,22,0
2059,HIS,age_5564,Male,23,0
2059,Other,age_5564,Male,24,0
2059,NHW,age_65+,Female,25,0
2059,NHB,age_65+,Female,26,0
2059,HIS,age_65+,Female,27,0
2059,Other,age_65+,Female,28,0
2059,NHW,age_65+,Male,29,0
2059,NHB,age_65+,Male,30,0
2059,HIS,age_65+,Male,31,0
2059,Other,age_65+,Male,32,0
2060,NHW,age_2044,Female,1,102.19399892
2060,NHB,age_2044,Female,2,133.91200427
2060,HIS,age_2044,Female,3,84.5197847
2060,Other,age_2044,Female,4,74.873266709
2060,NHW,age_2044,Male,5,0
2060,NHB,age_2044,Male,6,0
2060,HIS,age_2044,Male,7,0
2060,Other,age_2044,Male,8,0
2060,NHW,age_4554,Female,9,101.60608143
2060,NHB,age_4554,Female,10,133.85195938
2060,HIS,age_4554,Female,11,82.13508062
2060,Other,age_4554,Female,12,70.984659926
2060,NHW,age_4554,Male,13,0
2060,NHB,age_4554,Male,14,0
2060,HIS,age_4554,Male,15,0
2060,Other,age_4554,Male,16,0
2060,NHW,age_5564,Female,17,101.60608232
2060,NHB,age_5564,Female,18,133.85196101
2060,HIS,age_5564,Female,19,82.135087265
2060,Other,age_5564,Female,20,70.984645783
2060,NHW,age_5564,Male,21,0
2060,NHB,age_5564,Male,22,0
2060,HIS,age_5564,Male,23,0
2060,Other,age_5564,Male,24,0
2060,NHW,age_65+,Female,25,0
2060,NHB,age_65+,Female,26,0
2060,HIS,age_65+,Female,27,0
2060,Other,age_65+,Female,28,0
2060,NHW,age_65+,Male,29,0
2060,NHB,age_65+,Male,30,0
2060,HIS,age_65+,Male,31,0
2060,Other,age_65+,Male,32,0
2061,NHW,age_2044,Female,1,102.19399892
2061,NHB,age_2044,Female,2,133.91200427
2061,HIS,age_2044,Female,3,84.5197847
2061,Other,age_2044,Female,4,74.873266709
2061,NHW,age_2044,Male,5,0
2061,NHB,age_2044,Male,6,0
2061,HIS,age_2044,Male,7,0
2061,Other,age_2044,Male,8,0
2061,NHW,age_4554,Female,9,101.60608143
2061,NHB,age_4554,Female,10,133.85195938
2061,HIS,age_4554,Female,11,82.13508062
2061,Other,age_4554,Female,12,70.984659926
2061,NHW,age_4554,Male,13,0
2061,NHB,age_4554,Male,14,0
2061,HIS,age_4554,Male,15,0
2061,Other,age_4554,Male,16,0
2061,NHW,age_5564,Female,17,101.60608232
2061,NHB,age_5564,Female,18,133.85196101
2061,HIS,age_5564,Female,19,82.135087265
2061,Other,age_5564,Female,20,70.984645783
2061,NHW,age_5564,Male,21,0
2061,NHB,age_5564,Male,22,0
2061,HIS,age_5564,Male,23,0
2061,Other,age_5564,Male,24,0
2061,NHW,age_65+,Female,25,0
2061,NHB,age_65+,Female,26,0
2061,HIS,age_65+,Female,27,0
2061,Other,age_65+,Female,28,0
2061,NHW,age_65+,Male,29,0
2061,NHB,age_65+,Male,30,0
2061,HIS,age_65+,Male,31,0
2061,Other,age_65+,Male,32,0
2062,NHW,age_2044,Female,1,102.19399892
2062,NHB,age_2044,Female,2,133.91200427
2062,HIS,age_2044,Female,3,84.5197847
2062,Other,age_2044,Female,4,74.873266709
2062,NHW,age_2044,Male,5,0
2062,NHB,age_2044,Male,6,0
2062,HIS,age_2044,Male,7,0
2062,Other,age_2044,Male,8,0
2062,NHW,age_4554,Female,9,101.60608143
2062,NHB,age_4554,Female,10,133.85195938
2062,HIS,age_4554,Female,11,82.13508062
2062,Other,age_4554,Female,12,70.984659926
2062,NHW,age_4554,Male,13,0
2062,NHB,age_4554,Male,14,0
2062,HIS,age_4554,Male,15,0
2062,Other,age_4554,Male,16,0
2062,NHW,age_5564,Female,17,101.60608232
2062,NHB,age_5564,Female,18,133.85196101
2062,HIS,age_5564,Female,19,82.135087265
2062,Other,age_5564,Female,20,70.984645783
2062,NHW,age_5564,Male,21,0
2062,NHB,age_5564,Male,22,0
2062,HIS,age_5564,Male,23,0
2062,Other,age_5564,Male,24,0
2062,NHW,age_65+,Female,25,0
2062,NHB,age_65+,Female,26,0
2062,HIS,age_65+,Female,27,0
2062,Other,age_65+,Female,28,0
2062,NHW,age_65+,Male,29,0
2062,NHB,age_65+,Male,30,0
2062,HIS,age_65+,Male,31,0
2062,Other,age_65+,Male,32,0
2063,NHW,age_2044,Female,1,102.19399892
2063,NHB,age_2044,Female,2,133.91200427
2063,HIS,age_2044,Female,3,84.5197847
2063,Other,age_2044,Female,4,74.873266709
2063,NHW,age_2044,Male,5,0
2063,NHB,age_2044,Male,6,0
2063,HIS,age_2044,Male,7,0
2063,Other,age_2044,Male,8,0
2063,NHW,age_4554,Female,9,101.60608143
2063,NHB,age_4554,Female,10,133.85195938
2063,HIS,age_4554,Female,11,82.13508062
2063,Other,age_4554,Female,12,70.984659926
2063,NHW,age_4554,Male,13,0
2063,NHB,age_4554,Male,14,0
2063,HIS,age_4554,Male,15,0
2063,Other,age_4554,Male,16,0
2063,NHW,age_5564,Female,17,101.60608232
2063,NHB,age_5564,Female,18,133.85196101
2063,HIS,age_5564,Female,19,82.135087265
2063,Other,age_5564,Female,20,70.984645783
2063,NHW,age_5564,Male,21,0
2063,NHB,age_5564,Male,22,0
2063,HIS,age_5564,Male,23,0
2063,Other,age_5564,Male,24,0
2063,NHW,age_65+,Female,25,0
2063,NHB,age_65+,Female,26,0
2063,HIS,age_65+,Female,27,0
2063,Other,age_65+,Female,28,0
2063,NHW,age_65+,Male,29,0
2063,NHB,age_65+,Male,30,0
2063,HIS,age_65+,Male,31,0
2063,Other,age_65+,Male,32,0
2064,NHW,age_2044,Female,1,102.19399892
2064,NHB,age_2044,Female,2,133.91200427
2064,HIS,age_2044,Female,3,84.5197847
2064,Other,age_2044,Female,4,74.873266709
2064,NHW,age_2044,Male,5,0
2064,NHB,age_2044,Male,6,0
2064,HIS,age_2044,Male,7,0
2064,Other,age_2044,Male,8,0
2064,NHW,age_4554,Female,9,101.60608143
2064,NHB,age_4554,Female,10,133.85195938
2064,HIS,age_4554,Female,11,82.13508062
2064,Other,age_4554,Female,12,70.984659926
2064,NHW,age_4554,Male,13,0
2064,NHB,age_4554,Male,14,0
2064,HIS,age_4554,Male,15,0
2064,Other,age_4554,Male,16,0
2064,NHW,age_5564,Female,17,101.60608232
2064,NHB,age_5564,Female,18,133.85196101
2064,HIS,age_5564,Female,19,82.135087265
2064,Other,age_5564,Female,20,70.984645783
2064,NHW,age_5564,Male,21,0
2064,NHB,age_5564,Male,22,0
2064,HIS,age_5564,Male,23,0
2064,Other,age_5564,Male,24,0
2064,NHW,age_65+,Female,25,0
2064,NHB,age_65+,Female,26,0
2064,HIS,age_65+,Female,27,0
2064,Other,age_65+,Female,28,0
2064,NHW,age_65+,Male,29,0
2064,NHB,age_65+,Male,30,0
2064,HIS,age_65+,Male,31,0
2064,Other,age_65+,Male,32,0
2065,NHW,age_2044,Female,1,102.19399892
2065,NHB,age_2044,Female,2,133.91200427
2065,HIS,age_2044,Female,3,84.5197847
2065,Other,age_2044,Female,4,74.873266709
2065,NHW,age_2044,Male,5,0
2065,NHB,age_2044,Male,6,0
2065,HIS,age_2044,Male,7,0
2065,Other,age_2044,Male,8,0
2065,NHW,age_4554,Female,9,101.60608143
2065,NHB,age_4554,Female,10,133.85195938
2065,HIS,age_4554,Female,11,82.13508062
2065,Other,age_4554,Female,12,70.984659926
2065,NHW,age_4554,Male,13,0
2065,NHB,age_4554,Male,14,0
2065,HIS,age_4554,Male,15,0
2065,Other,age_4554,Male,16,0
2065,NHW,age_5564,Female,17,101.60608232
2065,NHB,age_5564,Female,18,133.85196101
2065,HIS,age_5564,Female,19,82.135087265
2065,Other,age_5564,Female,20,70.984645783
2065,NHW,age_5564,Male,21,0
2065,NHB,age_5564,Male,22,0
2065,HIS,age_5564,Male,23,0
2065,Other,age_5564,Male,24,0
2065,NHW,age_65+,Female,25,0
2065,NHB,age_65+,Female,26,0
2065,HIS,age_65+,Female,27,0
2065,Other,age_65+,Female,28,0
2065,NHW,age_65+,Male,29,0
2065,NHB,age_65+,Male,30,0
2065,HIS,age_65+,Male,31,0
2065,Other,age_65+,Male,32,0
2066,NHW,age_2044,Female,1,102.19399892
2066,NHB,age_2044,Female,2,133.91200427
2066,HIS,age_2044,Female,3,84.5197847
2066,Other,age_2044,Female,4,74.873266709
2066,NHW,age_2044,Male,5,0
2066,NHB,age_2044,Male,6,0
2066,HIS,age_2044,Male,7,0
2066,Other,age_2044,Male,8,0
2066,NHW,age_4554,Female,9,101.60608143
2066,NHB,age_4554,Female,10,133.85195938
2066,HIS,age_4554,Female,11,82.13508062
2066,Other,age_4554,Female,12,70.984659926
2066,NHW,age_4554,Male,13,0
2066,NHB,age_4554,Male,14,0
2066,HIS,age_4554,Male,15,0
2066,Other,age_4554,Male,16,0
2066,NHW,age_5564,Female,17,101.60608232
2066,NHB,age_5564,Female,18,133.85196101
2066,HIS,age_5564,Female,19,82.135087265
2066,Other,age_5564,Female,20,70.984645783
2066,NHW,age_5564,Male,21,0
2066,NHB,age_5564,Male,22,0
2066,HIS,age_5564,Male,23,0
2066,Other,age_5564,Male,24,0
2066,NHW,age_65+,Female,25,0
2066,NHB,age_65+,Female,26,0
2066,HIS,age_65+,Female,27,0
2066,Other,age_65+,Female,28,0
2066,NHW,age_65+,Male,29,0
2066,NHB,age_65+,Male,30,0
2066,HIS,age_65+,Male,31,0
2066,Other,age_65+,Male,32,0
2067,NHW,age_2044,Female,1,102.19399892
2067,NHB,age_2044,Female,2,133.91200427
2067,HIS,age_2044,Female,3,84.5197847
2067,Other,age_2044,Female,4,74.873266709
2067,NHW,age_2044,Male,5,0
2067,NHB,age_2044,Male,6,0
2067,HIS,age_2044,Male,7,0
2067,Other,age_2044,Male,8,0
2067,NHW,age_4554,Female,9,101.60608143
2067,NHB,age_4554,Female,10,133.85195938
2067,HIS,age_4554,Female,11,82.13508062
2067,Other,age_4554,Female,12,70.984659926
2067,NHW,age_4554,Male,13,0
2067,NHB,age_4554,Male,14,0
2067,HIS,age_4554,Male,15,0
2067,Other,age_4554,Male,16,0
2067,NHW,age_5564,Female,17,101.60608232
2067,NHB,age_5564,Female,18,133.85196101
2067,HIS,age_5564,Female,19,82.135087265
2067,Other,age_5564,Female,20,70.984645783
2067,NHW,age_5564,Male,21,0
2067,NHB,age_5564,Male,22,0
2067,HIS,age_5564,Male,23,0
2067,Other,age_5564,Male,24,0
2067,NHW,age_65+,Female,25,0
2067,NHB,age_65+,Female,26,0
2067,HIS,age_65+,Female,27,0
2067,Other,age_65+,Female,28,0
2067,NHW,age_65+,Male,29,0
2067,NHB,age_65+,Male,30,0
2067,HIS,age_65+,Male,31,0
2067,Other,age_65+,Male,32,0
2068,NHW,age_2044,Female,1,102.19399892
2068,NHB,age_2044,Female,2,133.91200427
2068,HIS,age_2044,Female,3,84.5197847
2068,Other,age_2044,Female,4,74.873266709
2068,NHW,age_2044,Male,5,0
2068,NHB,age_2044,Male,6,0
2068,HIS,age_2044,Male,7,0
2068,Other,age_2044,Male,8,0
2068,NHW,age_4554,Female,9,101.60608143
2068,NHB,age_4554,Female,10,133.85195938
2068,HIS,age_4554,Female,11,82.13508062
2068,Other,age_4554,Female,12,70.984659926
2068,NHW,age_4554,Male,13,0
2068,NHB,age_4554,Male,14,0
2068,HIS,age_4554,Male,15,0
2068,Other,age_4554,Male,16,0
2068,NHW,age_5564,Female,17,101.60608232
2068,NHB,age_5564,Female,18,133.85196101
2068,HIS,age_5564,Female,19,82.135087265
2068,Other,age_5564,Female,20,70.984645783
2068,NHW,age_5564,Male,21,0
2068,NHB,age_5564,Male,22,0
2068,HIS,age_5564,Male,23,0
2068,Other,age_5564,Male,24,0
2068,NHW,age_65+,Female,25,0
2068,NHB,age_65+,Female,26,0
2068,HIS,age_65+,Female,27,0
2068,Other,age_65+,Female,28,0
2068,NHW,age_65+,Male,29,0
2068,NHB,age_65+,Male,30,0
2068,HIS,age_65+,Male,31,0
2068,Other,age_65+,Male,32,0
2069,NHW,age_2044,Female,1,102.19399892
2069,NHB,age_2044,Female,2,133.91200427
2069,HIS,age_2044,Female,3,84.5197847
2069,Other,age_2044,Female,4,74.873266709
2069,NHW,age_2044,Male,5,0
2069,NHB,age_2044,Male,6,0
2069,HIS,age_2044,Male,7,0
2069,Other,age_2044,Male,8,0
2069,NHW,age_4554,Female,9,101.60608143
2069,NHB,age_4554,Female,10,133.85195938
2069,HIS,age_4554,Female,11,82.13508062
2069,Other,age_4554,Female,12,70.984659926
2069,NHW,age_4554,Male,13,0
2069,NHB,age_4554,Male,14,0
2069,HIS,age_4554,Male,15,0
2069,Other,age_4554,Male,16,0
2069,NHW,age_5564,Female,17,101.60608232
2069,NHB,age_5564,Female,18,133.85196101
2069,HIS,age_5564,Female,19,82.135087265
2069,Other,age_5564,Female,20,70.984645783
2069,NHW,age_5564,Male,21,0
2069,NHB,age_5564,Male,22,0
2069,HIS,age_5564,Male,23,0
2069,Other,age_5564,Male,24,0
2069,NHW,age_65+,Female,25,0
2069,NHB,age_65+,Female,26,0
2069,HIS,age_65+,Female,27,0
2069,Other,age_65+,Female,28,0
2069,NHW,age_65+,Male,29,0
2069,NHB,age_65+,Male,30,0
2069,HIS,age_65+,Male,31,0
2069,Other,age_65+,Male,32,0
2070,NHW,age_2044,Female,1,102.19399892
2070,NHB,age_2044,Female,2,133.91200427
2070,HIS,age_2044,Female,3,84.5197847
2070,Other,age_2044,Female,4,74.873266709
2070,NHW,age_2044,Male,5,0
2070,NHB,age_2044,Male,6,0
2070,HIS,age_2044,Male,7,0
2070,Other,age_2044,Male,8,0
2070,NHW,age_4554,Female,9,101.60608143
2070,NHB,age_4554,Female,10,133.85195938
2070,HIS,age_4554,Female,11,82.13508062
2070,Other,age_4554,Female,12,70.984659926
2070,NHW,age_4554,Male,13,0
2070,NHB,age_4554,Male,14,0
2070,HIS,age_4554,Male,15,0
2070,Other,age_4554,Male,16,0
2070,NHW,age_5564,Female,17,101.60608232
2070,NHB,age_5564,Female,18,133.85196101
2070,HIS,age_5564,Female,19,82.135087265
2070,Other,age_5564,Female,20,70.984645783
2070,NHW,age_5564,Male,21,0
2070,NHB,age_5564,Male,22,0
2070,HIS,age_5564,Male,23,0
2070,Other,age_5564,Male,24,0
2070,NHW,age_65+,Female,25,0
2070,NHB,age_65+,Female,26,0
2070,HIS,age_65+,Female,27,0
2070,Other,age_65+,Female,28,0
2070,NHW,age_65+,Male,29,0
2070,NHB,age_65+,Male,30,0
2070,HIS,age_65+,Male,31,0
2070,Other,age_65+,Male,32,0
2071,NHW,age_2044,Female,1,102.19399892
2071,NHB,age_2044,Female,2,133.91200427
2071,HIS,age_2044,Female,3,84.5197847
2071,Other,age_2044,Female,4,74.873266709
2071,NHW,age_2044,Male,5,0
2071,NHB,age_2044,Male,6,0
2071,HIS,age_2044,Male,7,0
2071,Other,age_2044,Male,8,0
2071,NHW,age_4554,Female,9,101.60608143
2071,NHB,age_4554,Female,10,133.85195938
2071,HIS,age_4554,Female,11,82.13508062
2071,Other,age_4554,Female,12,70.984659926
2071,NHW,age_4554,Male,13,0
2071,NHB,age_4554,Male,14,0
2071,HIS,age_4554,Male,15,0
2071,Other,age_4554,Male,16,0
2071,NHW,age_5564,Female,17,101.60608232
2071,NHB,age_5564,Female,18,133.85196101
2071,HIS,age_5564,Female,19,82.135087265
2071,Other,age_5564,Female,20,70.984645783
2071,NHW,age_5564,Male,21,0
2071,NHB,age_5564,Male,22,0
2071,HIS,age_5564,Male,23,0
2071,Other,age_5564,Male,24,0
2071,NHW,age_65+,Female,25,0
2071,NHB,age_65+,Female,26,0
2071,HIS,age_65+,Female,27,0
2071,Other,age_65+,Female,28,0
2071,NHW,age_65+,Male,29,0
2071,NHB,age_65+,Male,30,0
2071,HIS,age_65+,Male,31,0
2071,Other,age_65+,Male,32,0
2072,NHW,age_2044,Female,1,102.19399892
2072,NHB,age_2044,Female,2,133.91200427
2072,HIS,age_2044,Female,3,84.5197847
2072,Other,age_2044,Female,4,74.873266709
2072,NHW,age_2044,Male,5,0
2072,NHB,age_2044,Male,6,0
2072,HIS,age_2044,Male,7,0
2072,Other,age_2044,Male,8,0
2072,NHW,age_4554,Female,9,101.60608143
2072,NHB,age_4554,Female,10,133.85195938
2072,HIS,age_4554,Female,11,82.13508062
2072,Other,age_4554,Female,12,70.984659926
2072,NHW,age_4554,Male,13,0
2072,NHB,age_4554,Male,14,0
2072,HIS,age_4554,Male,15,0
2072,Other,age_4554,Male,16,0
2072,NHW,age_5564,Female,17,101.60608232
2072,NHB,age_5564,Female,18,133.85196101
2072,HIS,age_5564,Female,19,82.135087265
2072,Other,age_5564,Female,20,70.984645783
2072,NHW,age_5564,Male,21,0
2072,NHB,age_5564,Male,22,0
2072,HIS,age_5564,Male,23,0
2072,Other,age_5564,Male,24,0
2072,NHW,age_65+,Female,25,0
2072,NHB,age_65+,Female,26,0
2072,HIS,age_65+,Female,27,0
2072,Other,age_65+,Female,28,0
2072,NHW,age_65+,Male,29,0
2072,NHB,age_65+,Male,30,0
2072,HIS,age_65+,Male,31,0
2072,Other,age_65+,Male,32,0
2073,NHW,age_2044,Female,1,102.19399892
2073,NHB,age_2044,Female,2,133.91200427
2073,HIS,age_2044,Female,3,84.5197847
2073,Other,age_2044,Female,4,74.873266709
2073,NHW,age_2044,Male,5,0
2073,NHB,age_2044,Male,6,0
2073,HIS,age_2044,Male,7,0
2073,Other,age_2044,Male,8,0
2073,NHW,age_4554,Female,9,101.60608143
2073,NHB,age_4554,Female,10,133.85195938
2073,HIS,age_4554,Female,11,82.13508062
2073,Other,age_4554,Female,12,70.984659926
2073,NHW,age_4554,Male,13,0
2073,NHB,age_4554,Male,14,0
2073,HIS,age_4554,Male,15,0
2073,Other,age_4554,Male,16,0
2073,NHW,age_5564,Female,17,101.60608232
2073,NHB,age_5564,Female,18,133.85196101
2073,HIS,age_5564,Female,19,82.135087265
2073,Other,age_5564,Female,20,70.984645783
2073,NHW,age_5564,Male,21,0
2073,NHB,age_5564,Male,22,0
2073,HIS,age_5564,Male,23,0
2073,Other,age_5564,Male,24,0
2073,NHW,age_65+,Female,25,0
2073,NHB,age_65+,Female,26,0
2073,HIS,age_65+,Female,27,0
2073,Other,age_65+,Female,28,0
2073,NHW,age_65+,Male,29,0
2073,NHB,age_65+,Male,30,0
2073,HIS,age_65+,Male,31,0
2073,Other,age_65+,Male,32,0
2074,NHW,age_2044,Female,1,102.19399892
2074,NHB,age_2044,Female,2,133.91200427
2074,HIS,age_2044,Female,3,84.5197847
2074,Other,age_2044,Female,4,74.873266709
2074,NHW,age_2044,Male,5,0
2074,NHB,age_2044,Male,6,0
2074,HIS,age_2044,Male,7,0
2074,Other,age_2044,Male,8,0
2074,NHW,age_4554,Female,9,101.60608143
2074,NHB,age_4554,Female,10,133.85195938
2074,HIS,age_4554,Female,11,82.13508062
2074,Other,age_4554,Female,12,70.984659926
2074,NHW,age_4554,Male,13,0
2074,NHB,age_4554,Male,14,0
2074,HIS,age_4554,Male,15,0
2074,Other,age_4554,Male,16,0
2074,NHW,age_5564,Female,17,101.60608232
2074,NHB,age_5564,Female,18,133.85196101
2074,HIS,age_5564,Female,19,82.135087265
2074,Other,age_5564,Female,20,70.984645783
2074,NHW,age_5564,Male,21,0
2074,NHB,age_5564,Male,22,0
2074,HIS,age_5564,Male,23,0
2074,Other,age_5564,Male,24,0
2074,NHW,age_65+,Female,25,0
2074,NHB,age_65+,Female,26,0
2074,HIS,age_65+,Female,27,0
2074,Other,age_65+,Female,28,0
2074,NHW,age_65+,Male,29,0
2074,NHB,age_65+,Male,30,0
2074,HIS,age_65+,Male,31,0
2074,Other,age_65+,Male,32,0
2075,NHW,age_2044,Female,1,102.19399892
2075,NHB,age_2044,Female,2,133.91200427
2075,HIS,age_2044,Female,3,84.5197847
2075,Other,age_2044,Female,4,74.873266709
2075,NHW,age_2044,Male,5,0
2075,NHB,age_2044,Male,6,0
2075,HIS,age_2044,Male,7,0
2075,Other,age_2044,Male,8,0
2075,NHW,age_4554,Female,9,101.60608143
2075,NHB,age_4554,Female,10,133.85195938
2075,HIS,age_4554,Female,11,82.13508062
2075,Other,age_4554,Female,12,70.984659926
2075,NHW,age_4554,Male,13,0
2075,NHB,age_4554,Male,14,0
2075,HIS,age_4554,Male,15,0
2075,Other,age_4554,Male,16,0
2075,NHW,age_5564,Female,17,101.60608232
2075,NHB,age_5564,Female,18,133.85196101
2075,HIS,age_5564,Female,19,82.135087265
2075,Other,age_5564,Female,20,70.984645783
2075,NHW,age_5564,Male,21,0
2075,NHB,age_5564,Male,22,0
2075,HIS,age_5564,Male,23,0
2075,Other,age_5564,Male,24,0
2075,NHW,age_65+,Female,25,0
2075,NHB,age_65+,Female,26,0
2075,HIS,age_65+,Female,27,0
2075,Other,age_65+,Female,28,0
2075,NHW,age_65+,Male,29,0
2075,NHB,age_65+,Male,30,0
2075,HIS,age_65+,Male,31,0
2075,Other,age_65+,Male,32,0
2076,NHW,age_2044,Female,1,102.19399892
2076,NHB,age_2044,Female,2,133.91200427
2076,HIS,age_2044,Female,3,84.5197847
2076,Other,age_2044,Female,4,74.873266709
2076,NHW,age_2044,Male,5,0
2076,NHB,age_2044,Male,6,0
2076,HIS,age_2044,Male,7,0
2076,Other,age_2044,Male,8,0
2076,NHW,age_4554,Female,9,101.60608143
2076,NHB,age_4554,Female,10,133.85195938
2076,HIS,age_4554,Female,11,82.13508062
2076,Other,age_4554,Female,12,70.984659926
2076,NHW,age_4554,Male,13,0
2076,NHB,age_4554,Male,14,0
2076,HIS,age_4554,Male,15,0
2076,Other,age_4554,Male,16,0
2076,NHW,age_5564,Female,17,101.60608232
2076,NHB,age_5564,Female,18,133.85196101
2076,HIS,age_5564,Female,19,82.135087265
2076,Other,age_5564,Female,20,70.984645783
2076,NHW,age_5564,Male,21,0
2076,NHB,age_5564,Male,22,0
2076,HIS,age_5564,Male,23,0
2076,Other,age_5564,Male,24,0
2076,NHW,age_65+,Female,25,0
2076,NHB,age_65+,Female,26,0
2076,HIS,age_65+,Female,27,0
2076,Other,age_65+,Female,28,0
2076,NHW,age_65+,Male,29,0
2076,NHB,age_65+,Male,30,0
2076,HIS,age_65+,Male,31,0
2076,Other,age_65+,Male,32,0
2077,NHW,age_2044,Female,1,102.19399892
2077,NHB,age_2044,Female,2,133.91200427
2077,HIS,age_2044,Female,3,84.5197847
2077,Other,age_2044,Female,4,74.873266709
2077,NHW,age_2044,Male,5,0
2077,NHB,age_2044,Male,6,0
2077,HIS,age_2044,Male,7,0
2077,Other,age_2044,Male,8,0
2077,NHW,age_4554,Female,9,101.60608143
2077,NHB,age_4554,Female,10,133.85195938
2077,HIS,age_4554,Female,11,82.13508062
2077,Other,age_4554,Female,12,70.984659926
2077,NHW,age_4554,Male,13,0
2077,NHB,age_4554,Male,14,0
2077,HIS,age_4554,Male,15,0
2077,Other,age_4554,Male,16,0
2077,NHW,age_5564,Female,17,101.60608232
2077,NHB,age_5564,Female,18,133.85196101
2077,HIS,age_5564,Female,19,82.135087265
2077,Other,age_5564,Female,20,70.984645783
2077,NHW,age_5564,Male,21,0
2077,NHB,age_5564,Male,22,0
2077,HIS,age_5564,Male,23,0
2077,Other,age_5564,Male,24,0
2077,NHW,age_65+,Female,25,0
2077,NHB,age_65+,Female,26,0
2077,HIS,age_65+,Female,27,0
2077,Other,age_65+,Female,28,0
2077,NHW,age_65+,Male,29,0
2077,NHB,age_65+,Male,30,0
2077,HIS,age_65+,Male,31,0
2077,Other,age_65+,Male,32,0
2078,NHW,age_2044,Female,1,102.19399892
2078,NHB,age_2044,Female,2,133.91200427
2078,HIS,age_2044,Female,3,84.5197847
2078,Other,age_2044,Female,4,74.873266709
2078,NHW,age_2044,Male,5,0
2078,NHB,age_2044,Male,6,0
2078,HIS,age_2044,Male,7,0
2078,Other,age_2044,Male,8,0
2078,NHW,age_4554,Female,9,101.60608143
2078,NHB,age_4554,Female,10,133.85195938
2078,HIS,age_4554,Female,11,82.13508062
2078,Other,age_4554,Female,12,70.984659926
2078,NHW,age_4554,Male,13,0
2078,NHB,age_4554,Male,14,0
2078,HIS,age_4554,Male,15,0
2078,Other,age_4554,Male,16,0
2078,NHW,age_5564,Female,17,101.60608232
2078,NHB,age_5564,Female,18,133.85196101
2078,HIS,age_5564,Female,19,82.135087265
2078,Other,age_5564,Female,20,70.984645783
2078,NHW,age_5564,Male,21,0
2078,NHB,age_5564,Male,22,0
2078,HIS,age_5564,Male,23,0
2078,Other,age_5564,Male,24,0
2078,NHW,age_65+,Female,25,0
2078,NHB,age_65+,Female,26,0
2078,HIS,age_65+,Female,27,0
2078,Other,age_65+,Female,28,0
2078,NHW,age_65+,Male,29,0
2078,NHB,age_65+,Male,30,0
2078,HIS,age_65+,Male,31,0
2078,Other,age_65+,Male,32,0
2079,NHW,age_2044,Female,1,102.19399892
2079,NHB,age_2044,Female,2,133.91200427
2079,HIS,age_2044,Female,3,84.5197847
2079,Other,age_2044,Female,4,74.873266709
2079,NHW,age_2044,Male,5,0
2079,NHB,age_2044,Male,6,0
2079,HIS,age_2044,Male,7,0
2079,Other,age_2044,Male,8,0
2079,NHW,age_4554,Female,9,101.60608143
2079,NHB,age_4554,Female,10,133.85195938
2079,HIS,age_4554,Female,11,82.13508062
2079,Other,age_4554,Female,12,70.984659926
2079,NHW,age_4554,Male,13,0
2079,NHB,age_4554,Male,14,0
2079,HIS,age_4554,Male,15,0
2079,Other,age_4554,Male,16,0
2079,NHW,age_5564,Female,17,101.60608232
2079,NHB,age_5564,Female,18,133.85196101
2079,HIS,age_5564,Female,19,82.135087265
2079,Other,age_5564,Female,20,70.984645783
2079,NHW,age_5564,Male,21,0
2079,NHB,age_5564,Male,22,0
2079,HIS,age_5564,Male,23,0
2079,Other,age_5564,Male,24,0
2079,NHW,age_65+,Female,25,0
2079,NHB,age_65+,Female,26,0
2079,HIS,age_65+,Female,27,0
2079,Other,age_65+,Female,28,0
2079,NHW,age_65+,Male,29,0
2079,NHB,age_65+,Male,30,0
2079,HIS,age_65+,Male,31,0
2079,Other,age_65+,Male,32,0
2080,NHW,age_2044,Female,1,102.19399892
2080,NHB,age_2044,Female,2,133.91200427
2080,HIS,age_2044,Female,3,84.5197847
2080,Other,age_2044,Female,4,74.873266709
2080,NHW,age_2044,Male,5,0
2080,NHB,age_2044,Male,6,0
2080,HIS,age_2044,Male,7,0
2080,Other,age_2044,Male,8,0
2080,NHW,age_4554,Female,9,101.60608143
2080,NHB,age_4554,Female,10,133.85195938
2080,HIS,age_4554,Female,11,82.13508062
2080,Other,age_4554,Female,12,70.984659926
2080,NHW,age_4554,Male,13,0
2080,NHB,age_4554,Male,14,0
2080,HIS,age_4554,Male,15,0
2080,Other,age_4554,Male,16,0
2080,NHW,age_5564,Female,17,101.60608232
2080,NHB,age_5564,Female,18,133.85196101
2080,HIS,age_5564,Female,19,82.135087265
2080,Other,age_5564,Female,20,70.984645783
2080,NHW,age_5564,Male,21,0
2080,NHB,age_5564,Male,22,0
2080,HIS,age_5564,Male,23,0
2080,Other,age_5564,Male,24,0
2080,NHW,age_65+,Female,25,0
2080,NHB,age_65+,Female,26,0
2080,HIS,age_65+,Female,27,0
2080,Other,age_65+,Female,28,0
2080,NHW,age_65+,Male,29,0
2080,NHB,age_65+,Male,30,0
2080,HIS,age_65+,Male,31,0
2080,Other,age_65+,Male,32,0
2081,NHW,age_2044,Female,1,102.19399892
2081,NHB,age_2044,Female,2,133.91200427
2081,HIS,age_2044,Female,3,84.5197847
2081,Other,age_2044,Female,4,74.873266709
2081,NHW,age_2044,Male,5,0
2081,NHB,age_2044,Male,6,0
2081,HIS,age_2044,Male,7,0
2081,Other,age_2044,Male,8,0
2081,NHW,age_4554,Female,9,101.60608143
2081,NHB,age_4554,Female,10,133.85195938
2081,HIS,age_4554,Female,11,82.13508062
2081,Other,age_4554,Female,12,70.984659926
2081,NHW,age_4554,Male,13,0
2081,NHB,age_4554,Male,14,0
2081,HIS,age_4554,Male,15,0
2081,Other,age_4554,Male,16,0
2081,NHW,age_5564,Female,17,101.60608232
2081,NHB,age_5564,Female,18,133.85196101
2081,HIS,age_5564,Female,19,82.135087265
2081,Other,age_5564,Female,20,70.984645783
2081,NHW,age_5564,Male,21,0
2081,NHB,age_5564,Male,22,0
2081,HIS,age_5564,Male,23,0
2081,Other,age_5564,Male,24,0
2081,NHW,age_65+,Female,25,0
2081,NHB,age_65+,Female,26,0
2081,HIS,age_65+,Female,27,0
2081,Other,age_65+,Female,28,0
2081,NHW,age_65+,Male,29,0
2081,NHB,age_65+,Male,30,0
2081,HIS,age_65+,Male,31,0
2081,Other,age_65+,Male,32,0
2082,NHW,age_2044,Female,1,102.19399892
2082,NHB,age_2044,Female,2,133.91200427
2082,HIS,age_2044,Female,3,84.5197847
2082,Other,age_2044,Female,4,74.873266709
2082,NHW,age_2044,Male,5,0
2082,NHB,age_2044,Male,6,0
2082,HIS,age_2044,Male,7,0
2082,Other,age_2044,Male,8,0
2082,NHW,age_4554,Female,9,101.60608143
2082,NHB,age_4554,Female,10,133.85195938
2082,HIS,age_4554,Female,11,82.13508062
2082,Other,age_4554,Female,12,70.984659926
2082,NHW,age_4554,Male,13,0
2082,NHB,age_4554,Male,14,0
2082,HIS,age_4554,Male,15,0
2082,Other,age_4554,Male,16,0
2082,NHW,age_5564,Female,17,101.60608232
2082,NHB,age_5564,Female,18,133.85196101
2082,HIS,age_5564,Female,19,82.135087265
2082,Other,age_5564,Female,20,70.984645783
2082,NHW,age_5564,Male,21,0
2082,NHB,age_5564,Male,22,0
2082,HIS,age_5564,Male,23,0
2082,Other,age_5564,Male,24,0
2082,NHW,age_65+,Female,25,0
2082,NHB,age_65+,Female,26,0
2082,HIS,age_65+,Female,27,0
2082,Other,age_65+,Female,28,0
2082,NHW,age_65+,Male,29,0
2082,NHB,age_65+,Male,30,0
2082,HIS,age_65+,Male,31,0
2082,Other,age_65+,Male,32,0
2083,NHW,age_2044,Female,1,102.19399892
2083,NHB,age_2044,Female,2,133.91200427
2083,HIS,age_2044,Female,3,84.5197847
2083,Other,age_2044,Female,4,74.873266709
2083,NHW,age_2044,Male,5,0
2083,NHB,age_2044,Male,6,0
2083,HIS,age_2044,Male,7,0
2083,Other,age_2044,Male,8,0
2083,NHW,age_4554,Female,9,101.60608143
2083,NHB,age_4554,Female,10,133.85195938
2083,HIS,age_4554,Female,11,82.13508062
2083,Other,age_4554,Female,12,70.984659926
2083,NHW,age_4554,Male,13,0
2083,NHB,age_4554,Male,14,0
2083,HIS,age_4554,Male,15,0
2083,Other,age_4554,Male,16,0
2083,NHW,age_5564,Female,17,101.60608232
2083,NHB,age_5564,Female,18,133.85196101
2083,HIS,age_5564,Female,19,82.135087265
2083,Other,age_5564,Female,20,70.984645783
2083,NHW,age_5564,Male,21,0
2083,NHB,age_5564,Male,22,0
2083,HIS,age_5564,Male,23,0
2083,Other,age_5564,Male,24,0
2083,NHW,age_65+,Female,25,0
2083,NHB,age_65+,Female,26,0
2083,HIS,age_65+,Female,27,0
2083,Other,age_65+,Female,28,0
2083,NHW,age_65+,Male,29,0
2083,NHB,age_65+,Male,30,0
2083,HIS,age_65+,Male,31,0
2083,Other,age_65+,Male,32,0
2084,NHW,age_2044,Female,1,102.19399892
2084,NHB,age_2044,Female,2,133.91200427
2084,HIS,age_2044,Female,3,84.5197847
2084,Other,age_2044,Female,4,74.873266709
2084,NHW,age_2044,Male,5,0
2084,NHB,age_2044,Male,6,0
2084,HIS,age_2044,Male,7,0
2084,Other,age_2044,Male,8,0
2084,NHW,age_4554,Female,9,101.60608143
2084,NHB,age_4554,Female,10,133.85195938
2084,HIS,age_4554,Female,11,82.13508062
2084,Other,age_4554,Female,12,70.984659926
2084,NHW,age_4554,Male,13,0
2084,NHB,age_4554,Male,14,0
2084,HIS,age_4554,Male,15,0
2084,Other,age_4554,Male,16,0
2084,NHW,age_5564,Female,17,101.60608232
2084,NHB,age_5564,Female,18,133.85196101
2084,HIS,age_5564,Female,19,82.135087265
2084,Other,age_5564,Female,20,70.984645783
2084,NHW,age_5564,Male,21,0
2084,NHB,age_5564,Male,22,0
2084,HIS,age_5564,Male,23,0
2084,Other,age_5564,Male,24,0
2084,NHW,age_65+,Female,25,0
2084,NHB,age_65+,Female,26,0
2084,HIS,age_65+,Female,27,0
2084,Other,age_65+,Female,28,0
2084,NHW,age_65+,Male,29,0
2084,NHB,age_65+,Male,30,0
2084,HIS,age_65+,Male,31,0
2084,Other,age_65+,Male,32,0
2085,NHW,age_2044,Female,1,102.19399892
2085,NHB,age_2044,Female,2,133.91200427
2085,HIS,age_2044,Female,3,84.5197847
2085,Other,age_2044,Female,4,74.873266709
2085,NHW,age_2044,Male,5,0
2085,NHB,age_2044,Male,6,0
2085,HIS,age_2044,Male,7,0
2085,Other,age_2044,Male,8,0
2085,NHW,age_4554,Female,9,101.60608143
2085,NHB,age_4554,Female,10,133.85195938
2085,HIS,age_4554,Female,11,82.13508062
2085,Other,age_4554,Female,12,70.984659926
2085,NHW,age_4554,Male,13,0
2085,NHB,age_4554,Male,14,0
2085,HIS,age_4554,Male,15,0
2085,Other,age_4554,Male,16,0
2085,NHW,age_5564,Female,17,101.60608232
2085,NHB,age_5564,Female,18,133.85196101
2085,HIS,age_5564,Female,19,82.135087265
2085,Other,age_5564,Female,20,70.984645783
2085,NHW,age_5564,Male,21,0
2085,NHB,age_5564,Male,22,0
2085,HIS,age_5564,Male,23,0
2085,Other,age_5564,Male,24,0
2085,NHW,age_65+,Female,25,0
2085,NHB,age_65+,Female,26,0
2085,HIS,age_65+,Female,27,0
2085,Other,age_65+,Female,28,0
2085,NHW,age_65+,Male,29,0
2085,NHB,age_65+,Male,30,0
2085,HIS,age_65+,Male,31,0
2085,Other,age_65+,Male,32,0
2086,NHW,age_2044,Female,1,102.19399892
2086,NHB,age_2044,Female,2,133.91200427
2086,HIS,age_2044,Female,3,84.5197847
2086,Other,age_2044,Female,4,74.873266709
2086,NHW,age_2044,Male,5,0
2086,NHB,age_2044,Male,6,0
2086,HIS,age_2044,Male,7,0
2086,Other,age_2044,Male,8,0
2086,NHW,age_4554,Female,9,101.60608143
2086,NHB,age_4554,Female,10,133.85195938
2086,HIS,age_4554,Female,11,82.13508062
2086,Other,age_4554,Female,12,70.984659926
2086,NHW,age_4554,Male,13,0
2086,NHB,age_4554,Male,14,0
2086,HIS,age_4554,Male,15,0
2086,Other,age_4554,Male,16,0
2086,NHW,age_5564,Female,17,101.60608232
2086,NHB,age_5564,Female,18,133.85196101
2086,HIS,age_5564,Female,19,82.135087265
2086,Other,age_5564,Female,20,70.984645783
2086,NHW,age_5564,Male,21,0
2086,NHB,age_5564,Male,22,0
2086,HIS,age_5564,Male,23,0
2086,Other,age_5564,Male,24,0
2086,NHW,age_65+,Female,25,0
2086,NHB,age_65+,Female,26,0
2086,HIS,age_65+,Female,27,0
2086,Other,age_65+,Female,28,0
2086,NHW,age_65+,Male,29,0
2086,NHB,age_65+,Male,30,0
2086,HIS,age_65+,Male,31,0
2086,Other,age_65+,Male,32,0
2087,NHW,age_2044,Female,1,102.19399892
2087,NHB,age_2044,Female,2,133.91200427
2087,HIS,age_2044,Female,3,84.5197847
2087,Other,age_2044,Female,4,74.873266709
2087,NHW,age_2044,Male,5,0
2087,NHB,age_2044,Male,6,0
2087,HIS,age_2044,Male,7,0
2087,Other,age_2044,Male,8,0
2087,NHW,age_4554,Female,9,101.60608143
2087,NHB,age_4554,Female,10,133.85195938
2087,HIS,age_4554,Female,11,82.13508062
2087,Other,age_4554,Female,12,70.984659926
2087,NHW,age_4554,Male,13,0
2087,NHB,age_4554,Male,14,0
2087,HIS,age_4554,Male,15,0
2087,Other,age_4554,Male,16,0
2087,NHW,age_5564,Female,17,101.60608232
2087,NHB,age_5564,Female,18,133.85196101
2087,HIS,age_5564,Female,19,82.135087265
2087,Other,age_5564,Female,20,70.984645783
2087,NHW,age_5564,Male,21,0
2087,NHB,age_5564,Male,22,0
2087,HIS,age_5564,Male,23,0
2087,Other,age_5564,Male,24,0
2087,NHW,age_65+,Female,25,0
2087,NHB,age_65+,Female,26,0
2087,HIS,age_65+,Female,27,0
2087,Other,age_65+,Female,28,0
2087,NHW,age_65+,Male,29,0
2087,NHB,age_65+,Male,30,0
2087,HIS,age_65+,Male,31,0
2087,Other,age_65+,Male,32,0
2088,NHW,age_2044,Female,1,102.19399892
2088,NHB,age_2044,Female,2,133.91200427
2088,HIS,age_2044,Female,3,84.5197847
2088,Other,age_2044,Female,4,74.873266709
2088,NHW,age_2044,Male,5,0
2088,NHB,age_2044,Male,6,0
2088,HIS,age_2044,Male,7,0
2088,Other,age_2044,Male,8,0
2088,NHW,age_4554,Female,9,101.60608143
2088,NHB,age_4554,Female,10,133.85195938
2088,HIS,age_4554,Female,11,82.13508062
2088,Other,age_4554,Female,12,70.984659926
2088,NHW,age_4554,Male,13,0
2088,NHB,age_4554,Male,14,0
2088,HIS,age_4554,Male,15,0
2088,Other,age_4554,Male,16,0
2088,NHW,age_5564,Female,17,101.60608232
2088,NHB,age_5564,Female,18,133.85196101
2088,HIS,age_5564,Female,19,82.135087265
2088,Other,age_5564,Female,20,70.984645783
2088,NHW,age_5564,Male,21,0
2088,NHB,age_5564,Male,22,0
2088,HIS,age_5564,Male,23,0
2088,Other,age_5564,Male,24,0
2088,NHW,age_65+,Female,25,0
2088,NHB,age_65+,Female,26,0
2088,HIS,age_65+,Female,27,0
2088,Other,age_65+,Female,28,0
2088,NHW,age_65+,Male,29,0
2088,NHB,age_65+,Male,30,0
2088,HIS,age_65+,Male,31,0
2088,Other,age_65+,Male,32,0
2089,NHW,age_2044,Female,1,102.19399892
2089,NHB,age_2044,Female,2,133.91200427
2089,HIS,age_2044,Female,3,84.5197847
2089,Other,age_2044,Female,4,74.873266709
2089,NHW,age_2044,Male,5,0
2089,NHB,age_2044,Male,6,0
2089,HIS,age_2044,Male,7,0
2089,Other,age_2044,Male,8,0
2089,NHW,age_4554,Female,9,101.60608143
2089,NHB,age_4554,Female,10,133.85195938
2089,HIS,age_4554,Female,11,82.13508062
2089,Other,age_4554,Female,12,70.984659926
2089,NHW,age_4554,Male,13,0
2089,NHB,age_4554,Male,14,0
2089,HIS,age_4554,Male,15,0
2089,Other,age_4554,Male,16,0
2089,NHW,age_5564,Female,17,101.60608232
2089,NHB,age_5564,Female,18,133.85196101
2089,HIS,age_5564,Female,19,82.135087265
2089,Other,age_5564,Female,20,70.984645783
2089,NHW,age_5564,Male,21,0
2089,NHB,age_5564,Male,22,0
2089,HIS,age_5564,Male,23,0
2089,Other,age_5564,Male,24,0
2089,NHW,age_65+,Female,25,0
2089,NHB,age_65+,Female,26,0
2089,HIS,age_65+,Female,27,0
2089,Other,age_65+,Female,28,0
2089,NHW,age_65+,Male,29,0
2089,NHB,age_65+,Male,30,0
2089,HIS,age_65+,Male,31,0
2089,Other,age_65+,Male,32,0
2090,NHW,age_2044,Female,1,102.19399892
2090,NHB,age_2044,Female,2,133.91200427
2090,HIS,age_2044,Female,3,84.5197847
2090,Other,age_2044,Female,4,74.873266709
2090,NHW,age_2044,Male,5,0
2090,NHB,age_2044,Male,6,0
2090,HIS,age_2044,Male,7,0
2090,Other,age_2044,Male,8,0
2090,NHW,age_4554,Female,9,101.60608143
2090,NHB,age_4554,Female,10,133.85195938
2090,HIS,age_4554,Female,11,82.13508062
2090,Other,age_4554,Female,12,70.984659926
2090,NHW,age_4554,Male,13,0
2090,NHB,age_4554,Male,14,0
2090,HIS,age_4554,Male,15,0
2090,Other,age_4554,Male,16,0
2090,NHW,age_5564,Female,17,101.60608232
2090,NHB,age_5564,Female,18,133.85196101
2090,HIS,age_5564,Female,19,82.135087265
2090,Other,age_5564,Female,20,70.984645783
2090,NHW,age_5564,Male,21,0
2090,NHB,age_5564,Male,22,0
2090,HIS,age_5564,Male,23,0
2090,Other,age_5564,Male,24,0
2090,NHW,age_65+,Female,25,0
2090,NHB,age_65+,Female,26,0
2090,HIS,age_65+,Female,27,0
2090,Other,age_65+,Female,28,0
2090,NHW,age_65+,Male,29,0
2090,NHB,age_65+,Male,30,0
2090,HIS,age_65+,Male,31,0
2090,Other,age_65+,Male,32,0
2091,NHW,age_2044,Female,1,102.19399892
2091,NHB,age_2044,Female,2,133.91200427
2091,HIS,age_2044,Female,3,84.5197847
2091,Other,age_2044,Female,4,74.873266709
2091,NHW,age_2044,Male,5,0
2091,NHB,age_2044,Male,6,0
2091,HIS,age_2044,Male,7,0
2091,Other,age_2044,Male,8,0
2091,NHW,age_4554,Female,9,101.60608143
2091,NHB,age_4554,Female,10,133.85195938
2091,HIS,age_4554,Female,11,82.13508062
2091,Other,age_4554,Female,12,70.984659926
2091,NHW,age_4554,Male,13,0
2091,NHB,age_4554,Male,14,0
2091,HIS,age_4554,Male,15,0
2091,Other,age_4554,Male,16,0
2091,NHW,age_5564,Female,17,101.60608232
2091,NHB,age_5564,Female,18,133.85196101
2091,HIS,age_5564,Female,19,82.135087265
2091,Other,age_5564,Female,20,70.984645783
2091,NHW,age_5564,Male,21,0
2091,NHB,age_5564,Male,22,0
2091,HIS,age_5564,Male,23,0
2091,Other,age_5564,Male,24,0
2091,NHW,age_65+,Female,25,0
2091,NHB,age_65+,Female,26,0
2091,HIS,age_65+,Female,27,0
2091,Other,age_65+,Female,28,0
2091,NHW,age_65+,Male,29,0
2091,NHB,age_65+,Male,30,0
2091,HIS,age_65+,Male,31,0
2091,Other,age_65+,Male,32,0
2092,NHW,age_2044,Female,1,102.19399892
2092,NHB,age_2044,Female,2,133.91200427
2092,HIS,age_2044,Female,3,84.5197847
2092,Other,age_2044,Female,4,74.873266709
2092,NHW,age_2044,Male,5,0
2092,NHB,age_2044,Male,6,0
2092,HIS,age_2044,Male,7,0
2092,Other,age_2044,Male,8,0
2092,NHW,age_4554,Female,9,101.60608143
2092,NHB,age_4554,Female,10,133.85195938
2092,HIS,age_4554,Female,11,82.13508062
2092,Other,age_4554,Female,12,70.984659926
2092,NHW,age_4554,Male,13,0
2092,NHB,age_4554,Male,14,0
2092,HIS,age_4554,Male,15,0
2092,Other,age_4554,Male,16,0
2092,NHW,age_5564,Female,17,101.60608232
2092,NHB,age_5564,Female,18,133.85196101
2092,HIS,age_5564,Female,19,82.135087265
2092,Other,age_5564,Female,20,70.984645783
2092,NHW,age_5564,Male,21,0
2092,NHB,age_5564,Male,22,0
2092,HIS,age_5564,Male,23,0
2092,Other,age_5564,Male,24,0
2092,NHW,age_65+,Female,25,0
2092,NHB,age_65+,Female,26,0
2092,HIS,age_65+,Female,27,0
2092,Other,age_65+,Female,28,0
2092,NHW,age_65+,Male,29,0
2092,NHB,age_65+,Male,30,0
2092,HIS,age_65+,Male,31,0
2092,Other,age_65+,Male,32,0
2093,NHW,age_2044,Female,1,102.19399892
2093,NHB,age_2044,Female,2,133.91200427
2093,HIS,age_2044,Female,3,84.5197847
2093,Other,age_2044,Female,4,74.873266709
2093,NHW,age_2044,Male,5,0
2093,NHB,age_2044,Male,6,0
2093,HIS,age_2044,Male,7,0
2093,Other,age_2044,Male,8,0
2093,NHW,age_4554,Female,9,101.60608143
2093,NHB,age_4554,Female,10,133.85195938
2093,HIS,age_4554,Female,11,82.13508062
2093,Other,age_4554,Female,12,70.984659926
2093,NHW,age_4554,Male,13,0
2093,NHB,age_4554,Male,14,0
2093,HIS,age_4554,Male,15,0
2093,Other,age_4554,Male,16,0
2093,NHW,age_5564,Female,17,101.60608232
2093,NHB,age_5564,Female,18,133.85196101
2093,HIS,age_5564,Female,19,82.135087265
2093,Other,age_5564,Female,20,70.984645783
2093,NHW,age_5564,Male,21,0
2093,NHB,age_5564,Male,22,0
2093,HIS,age_5564,Male,23,0
2093,Other,age_5564,Male,24,0
2093,NHW,age_65+,Female,25,0
2093,NHB,age_65+,Female,26,0
2093,HIS,age_65+,Female,27,0
2093,Other,age_65+,Female,28,0
2093,NHW,age_65+,Male,29,0
2093,NHB,age_65+,Male,30,0
2093,HIS,age_65+,Male,31,0
2093,Other,age_65+,Male,32,0
2094,NHW,age_2044,Female,1,102.19399892
2094,NHB,age_2044,Female,2,133.91200427
2094,HIS,age_2044,Female,3,84.5197847
2094,Other,age_2044,Female,4,74.873266709
2094,NHW,age_2044,Male,5,0
2094,NHB,age_2044,Male,6,0
2094,HIS,age_2044,Male,7,0
2094,Other,age_2044,Male,8,0
2094,NHW,age_4554,Female,9,101.60608143
2094,NHB,age_4554,Female,10,133.85195938
2094,HIS,age_4554,Female,11,82.13508062
2094,Other,age_4554,Female,12,70.984659926
2094,NHW,age_4554,Male,13,0
2094,NHB,age_4554,Male,14,0
2094,HIS,age_4554,Male,15,0
2094,Other,age_4554,Male,16,0
2094,NHW,age_5564,Female,17,101.60608232
2094,NHB,age_5564,Female,18,133.85196101
2094,HIS,age_5564,Female,19,82.135087265
2094,Other,age_5564,Female,20,70.984645783
2094,NHW,age_5564,Male,21,0
2094,NHB,age_5564,Male,22,0
2094,HIS,age_5564,Male,23,0
2094,Other,age_5564,Male,24,0
2094,NHW,age_65+,Female,25,0
2094,NHB,age_65+,Female,26,0
2094,HIS,age_65+,Female,27,0
2094,Other,age_65+,Female,28,0
2094,NHW,age_65+,Male,29,0
2094,NHB,age_65+,Male,30,0
2094,HIS,age_65+,Male,31,0
2094,Other,age_65+,Male,32,0
2095,NHW,age_2044,Female,1,102.19399892
2095,NHB,age_2044,Female,2,133.91200427
2095,HIS,age_2044,Female,3,84.5197847
2095,Other,age_2044,Female,4,74.873266709
2095,NHW,age_2044,Male,5,0
2095,NHB,age_2044,Male,6,0
2095,HIS,age_2044,Male,7,0
2095,Other,age_2044,Male,8,0
2095,NHW,age_4554,Female,9,101.60608143
2095,NHB,age_4554,Female,10,133.85195938
2095,HIS,age_4554,Female,11,82.13508062
2095,Other,age_4554,Female,12,70.984659926
2095,NHW,age_4554,Male,13,0
2095,NHB,age_4554,Male,14,0
2095,HIS,age_4554,Male,15,0
2095,Other,age_4554,Male,16,0
2095,NHW,age_5564,Female,17,101.60608232
2095,NHB,age_5564,Female,18,133.85196101
2095,HIS,age_5564,Female,19,82.135087265
2095,Other,age_5564,Female,20,70.984645783
2095,NHW,age_5564,Male,21,0
2095,NHB,age_5564,Male,22,0
2095,HIS,age_5564,Male,23,0
2095,Other,age_5564,Male,24,0
2095,NHW,age_65+,Female,25,0
2095,NHB,age_65+,Female,26,0
2095,HIS,age_65+,Female,27,0
2095,Other,age_65+,Female,28,0
2095,NHW,age_65+,Male,29,0
2095,NHB,age_65+,Male,30,0
2095,HIS,age_65+,Male,31,0
2095,Other,age_65+,Male,32,0
2096,NHW,age_2044,Female,1,102.19399892
2096,NHB,age_2044,Female,2,133.91200427
2096,HIS,age_2044,Female,3,84.5197847
2096,Other,age_2044,Female,4,74.873266709
2096,NHW,age_2044,Male,5,0
2096,NHB,age_2044,Male,6,0
2096,HIS,age_2044,Male,7,0
2096,Other,age_2044,Male,8,0
2096,NHW,age_4554,Female,9,101.60608143
2096,NHB,age_4554,Female,10,133.85195938
2096,HIS,age_4554,Female,11,82.13508062
2096,Other,age_4554,Female,12,70.984659926
2096,NHW,age_4554,Male,13,0
2096,NHB,age_4554,Male,14,0
2096,HIS,age_4554,Male,15,0
2096,Other,age_4554,Male,16,0
2096,NHW,age_5564,Female,17,101.60608232
2096,NHB,age_5564,Female,18,133.85196101
2096,HIS,age_5564,Female,19,82.135087265
2096,Other,age_5564,Female,20,70.984645783
2096,NHW,age_5564,Male,21,0
2096,NHB,age_5564,Male,22,0
2096,HIS,age_5564,Male,23,0
2096,Other,age_5564,Male,24,0
2096,NHW,age_65+,Female,25,0
2096,NHB,age_65+,Female,26,0
2096,HIS,age_65+,Female,27,0
2096,Other,age_65+,Female,28,0
2096,NHW,age_65+,Male,29,0
2096,NHB,age_65+,Male,30,0
2096,HIS,age_65+,Male,31,0
2096,Other,age_65+,Male,32,0
2097,NHW,age_2044,Female,1,102.19399892
2097,NHB,age_2044,Female,2,133.91200427
2097,HIS,age_2044,Female,3,84.5197847
2097,Other,age_2044,Female,4,74.873266709
2097,NHW,age_2044,Male,5,0
2097,NHB,age_2044,Male,6,0
2097,HIS,age_2044,Male,7,0
2097,Other,age_2044,Male,8,0
2097,NHW,age_4554,Female,9,101.60608143
2097,NHB,age_4554,Female,10,133.85195938
2097,HIS,age_4554,Female,11,82.13508062
2097,Other,age_4554,Female,12,70.984659926
2097,NHW,age_4554,Male,13,0
2097,NHB,age_4554,Male,14,0
2097,HIS,age_4554,Male,15,0
2097,Other,age_4554,Male,16,0
2097,NHW,age_5564,Female,17,101.60608232
2097,NHB,age_5564,Female,18,133.85196101
2097,HIS,age_5564,Female,19,82.135087265
2097,Other,age_5564,Female,20,70.984645783
2097,NHW,age_5564,Male,21,0
2097,NHB,age_5564,Male,22,0
2097,HIS,age_5564,Male,23,0
2097,Other,age_5564,Male,24,0
2097,NHW,age_65+,Female,25,0
2097,NHB,age_65+,Female,26,0
2097,HIS,age_65+,Female,27,0
2097,Other,age_65+,Female,28,0
2097,NHW,age_65+,Male,29,0
2097,NHB,age_65+,Male,30,0
2097,HIS,age_65+,Male,31,0
2097,Other,age_65+,Male,32,0
