year,race_gp,age_gp,sex,subgroup_id,crude_rate
2017,NHW,age_2044,Female,1,4.4399999946
2017,NHB,age_2044,Female,2,3.5129998971
2017,HIS,age_2044,Female,3,4.2439998797
2017,Other,age_2044,Female,4,4.9959997968
2017,NHW,age_2044,Male,5,0
2017,NHB,age_2044,Male,6,0
2017,HIS,age_2044,Male,7,0
2017,Other,age_2044,Male,8,0
2017,NHW,age_4554,Female,9,16.322999943
2017,NHB,age_4554,Female,10,11.728999711
2017,HIS,age_4554,Female,11,14.380999822
2017,Other,age_4554,Female,12,18.417000141
2017,NHW,age_4554,Male,13,0
2017,NHB,age_4554,Male,14,0
2017,HIS,age_4554,Male,15,0
2017,Other,age_4554,Male,16,0
2017,NHW,age_5564,Female,17,25.492999944
2017,NHB,age_5564,Female,18,20.021999833
2017,HIS,age_5564,Female,19,22.767000107
2017,Other,age_5564,Female,20,22.721001138
2017,NHW,age_5564,Male,21,0
2017,NHB,age_5564,Male,22,0
2017,HIS,age_5564,Male,23,0
2017,Other,age_5564,Male,24,0
2017,NHW,age_65+,Female,25,38.949000165
2017,NHB,age_65+,Female,26,31.270999604
2017,HIS,age_65+,Female,27,32.350999517
2017,Other,age_65+,Female,28,25.754999578
2017,NHW,age_65+,Male,29,0
2017,NHB,age_65+,Male,30,0
2017,HIS,age_65+,Male,31,0
2017,Other,age_65+,Male,32,0
2018,NHW,age_2044,Female,1,4.8059301686
2018,NHB,age_2044,Female,2,3.8071525953
2018,HIS,age_2044,Female,3,4.5923644259
2018,Other,age_2044,Female,4,5.5659320802
2018,NHW,age_2044,Male,5,0
2018,NHB,age_2044,Male,6,0
2018,HIS,age_2044,Male,7,0
2018,Other,age_2044,Male,8,0
2018,NHW,age_4554,Female,9,16.695861416
2018,NHB,age_4554,Female,10,12.419923426
2018,HIS,age_4554,Female,11,14.825618429
2018,Other,age_4554,Female,12,19.036753664
2018,NHW,age_4554,Male,13,0
2018,NHB,age_4554,Male,14,0
2018,HIS,age_4554,Male,15,0
2018,Other,age_4554,Male,16,0
2018,NHW,age_5564,Female,17,25.412082978
2018,NHB,age_5564,Female,18,20.475056268
2018,HIS,age_5564,Female,19,22.827975201
2018,Other,age_5564,Female,20,22.73728515
2018,NHW,age_5564,Male,21,0
2018,NHB,age_5564,Male,22,0
2018,HIS,age_5564,Male,23,0
2018,Other,age_5564,Male,24,0
2018,NHW,age_65+,Female,25,37.322134337
2018,NHB,age_65+,Female,26,30.192084144
2018,HIS,age_65+,Female,27,30.888255592
2018,Other,age_65+,Female,28,24.878782918
2018,NHW,age_65+,Male,29,0
2018,NHB,age_65+,Male,30,0
2018,HIS,age_65+,Male,31,0
2018,Other,age_65+,Male,32,0
2019,NHW,age_2044,Female,1,5.1736419129
2019,NHB,age_2044,Female,2,4.0817821611
2019,HIS,age_2044,Female,3,4.9312697715
2019,Other,age_2044,Female,4,6.1043029532
2019,NHW,age_2044,Male,5,0
2019,NHB,age_2044,Male,6,0
2019,HIS,age_2044,Male,7,0
2019,Other,age_2044,Male,8,0
2019,NHW,age_4554,Female,9,17.269494669
2019,NHB,age_4554,Female,10,13.150345598
2019,HIS,age_4554,Female,11,15.405033568
2019,Other,age_4554,Female,12,19.493241103
2019,NHW,age_4554,Male,13,0
2019,NHB,age_4554,Male,14,0
2019,HIS,age_4554,Male,15,0
2019,Other,age_4554,Male,16,0
2019,NHW,age_5564,Female,17,26.007817318
2019,NHB,age_5564,Female,18,21.147977439
2019,HIS,age_5564,Female,19,23.183890522
2019,Other,age_5564,Female,20,22.796669293
2019,NHW,age_5564,Male,21,0
2019,NHB,age_5564,Male,22,0
2019,HIS,age_5564,Male,23,0
2019,Other,age_5564,Male,24,0
2019,NHW,age_65+,Female,25,36.534363941
2019,NHB,age_65+,Female,26,29.666665341
2019,HIS,age_65+,Female,27,30.181876051
2019,Other,age_65+,Female,28,24.451917484
2019,NHW,age_65+,Male,29,0
2019,NHB,age_65+,Male,30,0
2019,HIS,age_65+,Male,31,0
2019,Other,age_65+,Male,32,0
2020,NHW,age_2044,Female,1,5.533430282
2020,NHB,age_2044,Female,2,4.3587640455
2020,HIS,age_2044,Female,3,5.2687671882
2020,Other,age_2044,Female,4,6.6474961191
2020,NHW,age_2044,Male,5,0
2020,NHB,age_2044,Male,6,0
2020,HIS,age_2044,Male,7,0
2020,Other,age_2044,Male,8,0
2020,NHW,age_4554,Female,9,17.741376607
2020,NHB,age_4554,Female,10,13.853576808
2020,HIS,age_4554,Female,11,15.977994724
2020,Other,age_4554,Female,12,19.903359842
2020,NHW,age_4554,Male,13,0
2020,NHB,age_4554,Male,14,0
2020,HIS,age_4554,Male,15,0
2020,Other,age_4554,Male,16,0
2020,NHW,age_5564,Female,17,26.61857989
2020,NHB,age_5564,Female,18,21.818959272
2020,HIS,age_5564,Female,19,23.533016631
2020,Other,age_5564,Female,20,22.807354593
2020,NHW,age_5564,Male,21,0
2020,NHB,age_5564,Male,22,0
2020,HIS,age_5564,Male,23,0
2020,Other,age_5564,Male,24,0
2020,NHW,age_65+,Female,25,35.763221433
2020,NHB,age_65+,Female,26,29.150391393
2020,HIS,age_65+,Female,27,29.491649584
2020,Other,age_65+,Female,28,24.032374787
2020,NHW,age_65+,Male,29,0
2020,NHB,age_65+,Male,30,0
2020,HIS,age_65+,Male,31,0
2020,Other,age_65+,Male,32,0
2021,NHW,age_2044,Female,1,5.8603101142
2021,NHB,age_2044,Female,2,4.6220429648
2021,HIS,age_2044,Female,3,5.591277029
2021,Other,age_2044,Female,4,7.1764591494
2021,NHW,age_2044,Male,5,0
2021,NHB,age_2044,Male,6,0
2021,HIS,age_2044,Male,7,0
2021,Other,age_2044,Male,8,0
2021,NHW,age_4554,Female,9,18.09330833
2021,NHB,age_4554,Female,10,14.491917611
2021,HIS,age_4554,Female,11,16.51582982
2021,Other,age_4554,Female,12,20.265812258
2021,NHW,age_4554,Male,13,0
2021,NHB,age_4554,Male,14,0
2021,HIS,age_4554,Male,15,0
2021,Other,age_4554,Male,16,0
2021,NHW,age_5564,Female,17,27.214411048
2021,NHB,age_5564,Female,18,22.461715813
2021,HIS,age_5564,Female,19,23.841066929
2021,Other,age_5564,Female,20,22.758753895
2021,NHW,age_5564,Male,21,0
2021,NHB,age_5564,Male,22,0
2021,HIS,age_5564,Male,23,0
2021,Other,age_5564,Male,24,0
2021,NHW,age_65+,Female,25,35.008355508
2021,NHB,age_65+,Female,26,28.643101412
2021,HIS,age_65+,Female,27,28.817208464
2021,Other,age_65+,Female,28,23.620030475
2021,NHW,age_65+,Male,29,0
2021,NHB,age_65+,Male,30,0
2021,HIS,age_65+,Male,31,0
2021,Other,age_65+,Male,32,0
2022,NHW,age_2044,Female,1,6.1838405888
2022,NHB,age_2044,Female,2,4.8912080039
2022,HIS,age_2044,Female,3,5.9071862647
2022,Other,age_2044,Female,4,7.7121166512
2022,NHW,age_2044,Male,5,0
2022,NHB,age_2044,Male,6,0
2022,HIS,age_2044,Male,7,0
2022,Other,age_2044,Male,8,0
2022,NHW,age_4554,Female,9,18.376318925
2022,NHB,age_4554,Female,10,15.07881206
2022,HIS,age_4554,Female,11,17.035229717
2022,Other,age_4554,Female,12,20.585572261
2022,NHW,age_4554,Male,13,0
2022,NHB,age_4554,Male,14,0
2022,HIS,age_4554,Male,15,0
2022,Other,age_4554,Male,16,0
2022,NHW,age_5564,Female,17,27.837122696
2022,NHB,age_5564,Female,18,23.093337205
2022,HIS,age_5564,Female,19,24.120362873
2022,Other,age_5564,Female,20,22.653438356
2022,NHW,age_5564,Male,21,0
2022,NHB,age_5564,Male,22,0
2022,HIS,age_5564,Male,23,0
2022,Other,age_5564,Male,24,0
2022,NHW,age_65+,Female,25,34.269422704
2022,NHB,age_65+,Female,26,28.144638389
2022,HIS,age_65+,Female,27,28.158192048
2022,Other,age_65+,Female,28,23.214761628
2022,NHW,age_65+,Male,29,0
2022,NHB,age_65+,Male,30,0
2022,HIS,age_65+,Male,31,0
2022,Other,age_65+,Male,32,0
2023,NHW,age_2044,Female,1,6.4947897968
2023,NHB,age_2044,Female,2,5.1575161231
2023,HIS,age_2044,Female,3,6.2125618591
2023,Other,age_2044,Female,4,8.2509257666
2023,NHW,age_2044,Male,5,0
2023,NHB,age_2044,Male,6,0
2023,HIS,age_2044,Male,7,0
2023,Other,age_2044,Male,8,0
2023,NHW,age_4554,Female,9,18.595638125
2023,NHB,age_4554,Female,10,15.641315777
2023,HIS,age_4554,Female,11,17.550756326
2023,Other,age_4554,Female,12,20.882463478
2023,NHW,age_4554,Male,13,0
2023,NHB,age_4554,Male,14,0
2023,HIS,age_4554,Male,15,0
2023,Other,age_4554,Male,16,0
2023,NHW,age_5564,Female,17,28.451536307
2023,NHB,age_5564,Female,18,23.678285852
2023,HIS,age_5564,Female,19,24.362852098
2023,Other,age_5564,Female,20,22.493754475
2023,NHW,age_5564,Male,21,0
2023,NHB,age_5564,Male,22,0
2023,HIS,age_5564,Male,23,0
2023,Other,age_5564,Male,24,0
2023,NHW,age_65+,Female,25,33.546087149
2023,NHB,age_65+,Female,26,27.654851788
2023,HIS,age_65+,Female,27,27.514243651
2023,Other,age_65+,Female,28,22.816446022
2023,NHW,age_65+,Male,29,0
2023,NHB,age_65+,Male,30,0
2023,HIS,age_65+,Male,31,0
2023,Other,age_65+,Male,32,0
2024,NHW,age_2044,Female,1,6.7967203454
2024,NHB,age_2044,Female,2,5.4288040665
2024,HIS,age_2044,Female,3,6.5086602845
2024,Other,age_2044,Female,4,8.8096339341
2024,NHW,age_2044,Male,5,0
2024,NHB,age_2044,Male,6,0
2024,HIS,age_2044,Male,7,0
2024,Other,age_2044,Male,8,0
2024,NHW,age_4554,Female,9,18.784065453
2024,NHB,age_4554,Female,10,16.175969767
2024,HIS,age_4554,Female,11,18.054477012
2024,Other,age_4554,Female,12,21.146261296
2024,NHW,age_4554,Male,13,0
2024,NHB,age_4554,Male,14,0
2024,HIS,age_4554,Male,15,0
2024,Other,age_4554,Male,16,0
2024,NHW,age_5564,Female,17,29.045194656
2024,NHB,age_5564,Female,18,24.247162916
2024,HIS,age_5564,Female,19,24.581122989
2024,Other,age_5564,Female,20,22.27754005
2024,NHW,age_5564,Male,21,0
2024,NHB,age_5564,Male,22,0
2024,HIS,age_5564,Male,23,0
2024,Other,age_5564,Male,24,0
2024,NHW,age_65+,Female,25,32.838019255
2024,NHB,age_65+,Female,26,27.17358648
2024,HIS,age_65+,Female,27,26.885023038
2024,Other,age_65+,Female,28,22.424966334
2024,NHW,age_65+,Male,29,0
2024,NHB,age_65+,Male,30,0
2024,HIS,age_65+,Male,31,0
2024,Other,age_65+,Male,32,0
2025,NHW,age_2044,Female,1,7.1045991779
2025,NHB,age_2044,Female,2,5.7134122408
2025,HIS,age_2044,Female,3,6.8167500112
2025,Other,age_2044,Female,4,9.4015537318
2025,NHW,age_2044,Male,5,0
2025,NHB,age_2044,Male,6,0
2025,HIS,age_2044,Male,7,0
2025,Other,age_2044,Male,8,0
2025,NHW,age_4554,Female,9,18.95507489
2025,NHB,age_4554,Female,10,16.73972975
2025,HIS,age_4554,Female,11,18.575773053
2025,Other,age_4554,Female,12,21.379032504
2025,NHW,age_4554,Male,13,0
2025,NHB,age_4554,Male,14,0
2025,HIS,age_4554,Male,15,0
2025,Other,age_4554,Male,16,0
2025,NHW,age_5564,Female,17,29.649721187
2025,NHB,age_5564,Female,18,24.811644606
2025,HIS,age_5564,Female,19,24.797270603
2025,Other,age_5564,Female,20,22.006447605
2025,NHW,age_5564,Male,21,0
2025,NHB,age_5564,Male,22,0
2025,HIS,age_5564,Male,23,0
2025,Other,age_5564,Male,24,0
2025,NHW,age_65+,Female,25,32.144896343
2025,NHB,age_65+,Female,26,26.700699688
2025,HIS,age_65+,Female,27,26.270195141
2025,Other,age_65+,Female,28,22.040202015
2025,NHW,age_65+,Male,29,0
2025,NHB,age_65+,Male,30,0
2025,HIS,age_65+,Male,31,0
2025,Other,age_65+,Male,32,0
2026,NHW,age_2044,Female,1,7.3929483106
2026,NHB,age_2044,Female,2,5.9823115833
2026,HIS,age_2044,Female,3,7.109645767
2026,Other,age_2044,Female,4,9.9955862668
2026,NHW,age_2044,Male,5,0
2026,NHB,age_2044,Male,6,0
2026,HIS,age_2044,Male,7,0
2026,Other,age_2044,Male,8,0
2026,NHW,age_4554,Female,9,19.072329087
2026,NHB,age_4554,Female,10,17.287254331
2026,HIS,age_4554,Female,11,19.079463367
2026,Other,age_4554,Female,12,21.563750986
2026,NHW,age_4554,Male,13,0
2026,NHB,age_4554,Male,14,0
2026,HIS,age_4554,Male,15,0
2026,Other,age_4554,Male,16,0
2026,NHW,age_5564,Female,17,30.244421241
2026,NHB,age_5564,Female,18,25.316195017
2026,HIS,age_5564,Female,19,24.957063869
2026,Other,age_5564,Female,20,21.676774669
2026,NHW,age_5564,Male,21,0
2026,NHB,age_5564,Male,22,0
2026,HIS,age_5564,Male,23,0
2026,Other,age_5564,Male,24,0
2026,NHW,age_65+,Female,25,31.466403732
2026,NHB,age_65+,Female,26,26.23604054
2026,HIS,age_65+,Female,27,25.669425612
2026,Other,age_65+,Female,28,21.662039987
2026,NHW,age_65+,Male,29,0
2026,NHB,age_65+,Male,30,0
2026,HIS,age_65+,Male,31,0
2026,Other,age_65+,Male,32,0
2027,NHW,age_2044,Female,1,7.6685902815
2027,NHB,age_2044,Female,2,6.2485090233
2027,HIS,age_2044,Female,3,7.3987429984
2027,Other,age_2044,Female,4,10.615783927
2027,NHW,age_2044,Male,5,0
2027,NHB,age_2044,Male,6,0
2027,HIS,age_2044,Male,7,0
2027,Other,age_2044,Male,8,0
2027,NHW,age_4554,Female,9,19.105127997
2027,NHB,age_4554,Female,10,17.782356568
2027,HIS,age_4554,Female,11,19.559216917
2027,Other,age_4554,Female,12,21.704651378
2027,NHW,age_4554,Male,13,0
2027,NHB,age_4554,Male,14,0
2027,HIS,age_4554,Male,15,0
2027,Other,age_4554,Male,16,0
2027,NHW,age_5564,Female,17,30.802232182
2027,NHB,age_5564,Female,18,25.779467226
2027,HIS,age_5564,Female,19,25.082392636
2027,Other,age_5564,Female,20,21.290366766
2027,NHW,age_5564,Male,21,0
2027,NHB,age_5564,Male,22,0
2027,HIS,age_5564,Male,23,0
2027,Other,age_5564,Male,24,0
2027,NHW,age_65+,Female,25,30.802232268
2027,NHB,age_65+,Female,26,25.779469224
2027,HIS,age_65+,Female,27,25.082392549
2027,Other,age_65+,Female,28,21.290365589
2027,NHW,age_65+,Male,29,0
2027,NHB,age_65+,Male,30,0
2027,HIS,age_65+,Male,31,0
2027,Other,age_65+,Male,32,0
2028,NHW,age_2044,Female,1,8.1300604482
2028,NHB,age_2044,Female,2,6.7335403808
2028,HIS,age_2044,Female,3,7.8918765663
2028,Other,age_2044,Female,4,11.307084995
2028,NHW,age_2044,Male,5,0
2028,NHB,age_2044,Male,6,0
2028,HIS,age_2044,Male,7,0
2028,Other,age_2044,Male,8,0
2028,NHW,age_4554,Female,9,19.880427492
2028,NHB,age_4554,Female,10,18.36109206
2028,HIS,age_4554,Female,11,19.74885456
2028,Other,age_4554,Female,12,21.55027328
2028,NHW,age_4554,Male,13,0
2028,NHB,age_4554,Male,14,0
2028,HIS,age_4554,Male,15,0
2028,Other,age_4554,Male,16,0
2028,NHW,age_5564,Female,17,30.15207951
2028,NHB,age_5564,Female,18,25.33084046
2028,HIS,age_5564,Female,19,24.508785856
2028,Other,age_5564,Female,20,20.925069483
2028,NHW,age_5564,Male,21,0
2028,NHB,age_5564,Male,22,0
2028,HIS,age_5564,Male,23,0
2028,Other,age_5564,Male,24,0
2028,NHW,age_65+,Female,25,30.152079649
2028,NHB,age_65+,Female,26,25.330838818
2028,HIS,age_65+,Female,27,24.508785857
2028,Other,age_65+,Female,28,20.925070174
2028,NHW,age_65+,Male,29,0
2028,NHB,age_65+,Male,30,0
2028,HIS,age_65+,Male,31,0
2028,Other,age_65+,Male,32,0
2029,NHW,age_2044,Female,1,8.5474527111
2029,NHB,age_2044,Female,2,7.1945298231
2029,HIS,age_2044,Female,3,8.3644092648
2029,Other,age_2044,Female,4,11.991281767
2029,NHW,age_2044,Male,5,0
2029,NHB,age_2044,Male,6,0
2029,HIS,age_2044,Male,7,0
2029,Other,age_2044,Male,8,0
2029,NHW,age_4554,Female,9,20.618177223
2029,NHB,age_4554,Female,10,18.901953892
2029,HIS,age_4554,Female,11,19.9072313
2029,Other,age_4554,Female,12,21.345335733
2029,NHW,age_4554,Male,13,0
2029,NHB,age_4554,Male,14,0
2029,HIS,age_4554,Male,15,0
2029,Other,age_4554,Male,16,0
2029,NHW,age_5564,Female,17,29.515649886
2029,NHB,age_5564,Female,18,24.890019659
2029,HIS,age_5564,Female,19,23.948297269
2029,Other,age_5564,Female,20,20.566040302
2029,NHW,age_5564,Male,21,0
2029,NHB,age_5564,Male,22,0
2029,HIS,age_5564,Male,23,0
2029,Other,age_5564,Male,24,0
2029,NHW,age_65+,Female,25,29.515650071
2029,NHB,age_65+,Female,26,24.890018905
2029,HIS,age_65+,Female,27,23.948295951
2029,Other,age_65+,Female,28,20.566038867
2029,NHW,age_65+,Male,29,0
2029,NHB,age_65+,Male,30,0
2029,HIS,age_65+,Male,31,0
2029,Other,age_65+,Male,32,0
2030,NHW,age_2044,Female,1,8.9498517611
2030,NHB,age_2044,Female,2,7.6597091386
2030,HIS,age_2044,Female,3,8.8347310428
2030,Other,age_2044,Female,4,12.682046441
2030,NHW,age_2044,Male,5,0
2030,NHB,age_2044,Male,6,0
2030,HIS,age_2044,Male,7,0
2030,Other,age_2044,Male,8,0
2030,NHW,age_4554,Female,9,21.28979216
2030,NHB,age_4554,Female,10,19.400954953
2030,HIS,age_4554,Female,11,20.030622053
2030,Other,age_4554,Female,12,21.093076542
2030,NHW,age_4554,Male,13,0
2030,NHB,age_4554,Male,14,0
2030,HIS,age_4554,Male,15,0
2030,Other,age_4554,Male,16,0
2030,NHW,age_5564,Female,17,28.89265349
2030,NHB,age_5564,Female,18,24.456871488
2030,HIS,age_5564,Female,19,23.400626415
2030,Other,age_5564,Female,20,20.213173312
2030,NHW,age_5564,Male,21,0
2030,NHB,age_5564,Male,22,0
2030,HIS,age_5564,Male,23,0
2030,Other,age_5564,Male,24,0
2030,NHW,age_65+,Female,25,28.892653553
2030,NHB,age_65+,Female,26,24.456869625
2030,HIS,age_65+,Female,27,23.400626415
2030,Other,age_65+,Female,28,20.213173813
2030,NHW,age_65+,Male,29,0
2030,NHB,age_65+,Male,30,0
2030,HIS,age_65+,Male,31,0
2030,Other,age_65+,Male,32,0
2031,NHW,age_2044,Female,1,9.3116024443
2031,NHB,age_2044,Female,2,8.1067679943
2031,HIS,age_2044,Female,3,9.286806134
2031,Other,age_2044,Female,4,13.364477644
2031,NHW,age_2044,Male,5,0
2031,NHB,age_2044,Male,6,0
2031,HIS,age_2044,Male,7,0
2031,Other,age_2044,Male,8,0
2031,NHW,age_4554,Female,9,21.858955317
2031,NHB,age_4554,Female,10,19.824982829
2031,HIS,age_4554,Female,11,20.104659445
2031,Other,age_4554,Female,12,20.796533429
2031,NHW,age_4554,Male,13,0
2031,NHB,age_4554,Male,14,0
2031,HIS,age_4554,Male,15,0
2031,Other,age_4554,Male,16,0
2031,NHW,age_5564,Female,17,28.282806981
2031,NHB,age_5564,Female,18,24.031261033
2031,HIS,age_5564,Female,19,22.865480071
2031,Other,age_5564,Female,20,19.866358572
2031,NHW,age_5564,Male,21,0
2031,NHB,age_5564,Male,22,0
2031,HIS,age_5564,Male,23,0
2031,Other,age_5564,Male,24,0
2031,NHW,age_65+,Female,25,28.282806794
2031,NHB,age_65+,Female,26,24.031259694
2031,HIS,age_65+,Female,27,22.865481395
2031,Other,age_65+,Female,28,19.866358376
2031,NHW,age_65+,Male,29,0
2031,NHB,age_65+,Male,30,0
2031,HIS,age_65+,Male,31,0
2031,Other,age_65+,Male,32,0
2032,NHW,age_2044,Female,1,9.6477800489
2032,NHB,age_2044,Female,2,8.5542353452
2032,HIS,age_2044,Female,3,9.7270054824
2032,Other,age_2044,Female,4,14.048350666
2032,NHW,age_2044,Male,5,0
2032,NHB,age_2044,Male,6,0
2032,HIS,age_2044,Male,7,0
2032,Other,age_2044,Male,8,0
2032,NHW,age_4554,Female,9,22.39072654
2032,NHB,age_4554,Female,10,20.188504051
2032,HIS,age_4554,Female,11,20.141331582
2032,Other,age_4554,Female,12,20.455921073
2032,NHW,age_4554,Male,13,0
2032,NHB,age_4554,Male,14,0
2032,HIS,age_4554,Male,15,0
2032,Other,age_4554,Male,16,0
2032,NHW,age_5564,Female,17,27.685832596
2032,NHB,age_5564,Female,18,23.61305649
2032,HIS,age_5564,Female,19,22.342571678
2032,Other,age_5564,Female,20,19.52549458
2032,NHW,age_5564,Male,21,0
2032,NHB,age_5564,Male,22,0
2032,HIS,age_5564,Male,23,0
2032,Other,age_5564,Male,24,0
2032,NHW,age_65+,Female,25,27.685832673
2032,NHB,age_65+,Female,26,23.613056485
2032,HIS,age_65+,Female,27,22.342572071
2032,Other,age_65+,Female,28,19.525495099
2032,NHW,age_65+,Male,29,0
2032,NHB,age_65+,Male,30,0
2032,HIS,age_65+,Male,31,0
2032,Other,age_65+,Male,32,0
2033,NHW,age_2044,Female,1,10.157419374
2033,NHB,age_2044,Female,2,9.0595444511
2033,HIS,age_2044,Female,3,10.254363291
2033,Other,age_2044,Female,4,14.699799477
2033,NHW,age_2044,Male,5,0
2033,NHB,age_2044,Male,6,0
2033,HIS,age_2044,Male,7,0
2033,Other,age_2044,Male,8,0
2033,NHW,age_4554,Female,9,23.412682988
2033,NHB,age_4554,Female,10,20.833886463
2033,HIS,age_4554,Female,11,20.546372351
2033,Other,age_4554,Female,12,20.286312576
2033,NHW,age_4554,Male,13,0
2033,NHB,age_4554,Male,14,0
2033,HIS,age_4554,Male,15,0
2033,Other,age_4554,Male,16,0
2033,NHW,age_5564,Female,17,27.685832862
2033,NHB,age_5564,Female,18,23.613056608
2033,HIS,age_5564,Female,19,22.342571725
2033,Other,age_5564,Female,20,19.525494221
2033,NHW,age_5564,Male,21,0
2033,NHB,age_5564,Male,22,0
2033,HIS,age_5564,Male,23,0
2033,Other,age_5564,Male,24,0
2033,NHW,age_65+,Female,25,27.685832669
2033,NHB,age_65+,Female,26,23.613058803
2033,HIS,age_65+,Female,27,22.342572072
2033,Other,age_65+,Female,28,19.525489269
2033,NHW,age_65+,Male,29,0
2033,NHB,age_65+,Male,30,0
2033,HIS,age_65+,Male,31,0
2033,Other,age_65+,Male,32,0
2034,NHW,age_2044,Female,1,10.676717866
2034,NHB,age_2044,Female,2,9.5932632678
2034,HIS,age_2044,Female,3,10.791438084
2034,Other,age_2044,Female,4,15.375041405
2034,NHW,age_2044,Male,5,0
2034,NHB,age_2044,Male,6,0
2034,HIS,age_2044,Male,7,0
2034,Other,age_2044,Male,8,0
2034,NHW,age_4554,Female,9,24.464260209
2034,NHB,age_4554,Female,10,21.481560791
2034,HIS,age_4554,Female,11,20.964438132
2034,Other,age_4554,Female,12,20.108368683
2034,NHW,age_4554,Male,13,0
2034,NHB,age_4554,Male,14,0
2034,HIS,age_4554,Male,15,0
2034,Other,age_4554,Male,16,0
2034,NHW,age_5564,Female,17,27.685832575
2034,NHB,age_5564,Female,18,23.61305733
2034,HIS,age_5564,Female,19,22.342571412
2034,Other,age_5564,Female,20,19.52549432
2034,NHW,age_5564,Male,21,0
2034,NHB,age_5564,Male,22,0
2034,HIS,age_5564,Male,23,0
2034,Other,age_5564,Male,24,0
2034,NHW,age_65+,Female,25,27.685832795
2034,NHB,age_65+,Female,26,23.613055143
2034,HIS,age_65+,Female,27,22.34257165
2034,Other,age_65+,Female,28,19.525491928
2034,NHW,age_65+,Male,29,0
2034,NHB,age_65+,Male,30,0
2034,HIS,age_65+,Male,31,0
2034,Other,age_65+,Male,32,0
2035,NHW,age_2044,Female,1,11.219496228
2035,NHB,age_2044,Female,2,10.162434471
2035,HIS,age_2044,Female,3,11.36298194
2035,Other,age_2044,Female,4,16.065154187
2035,NHW,age_2044,Male,5,0
2035,NHB,age_2044,Male,6,0
2035,HIS,age_2044,Male,7,0
2035,Other,age_2044,Male,8,0
2035,NHW,age_4554,Female,9,25.569845642
2035,NHB,age_4554,Female,10,22.186898632
2035,HIS,age_4554,Female,11,21.41330283
2035,Other,age_4554,Female,12,19.918152496
2035,NHW,age_4554,Male,13,0
2035,NHB,age_4554,Male,14,0
2035,HIS,age_4554,Male,15,0
2035,Other,age_4554,Male,16,0
2035,NHW,age_5564,Female,17,27.685832794
2035,NHB,age_5564,Female,18,23.613056233
2035,HIS,age_5564,Female,19,22.342571319
2035,Other,age_5564,Female,20,19.525495311
2035,NHW,age_5564,Male,21,0
2035,NHB,age_5564,Male,22,0
2035,HIS,age_5564,Male,23,0
2035,Other,age_5564,Male,24,0
2035,NHW,age_65+,Female,25,27.685832768
2035,NHB,age_65+,Female,26,23.61305681
2035,HIS,age_65+,Female,27,22.342571249
2035,Other,age_65+,Female,28,19.525493521
2035,NHW,age_65+,Male,29,0
2035,NHB,age_65+,Male,30,0
2035,HIS,age_65+,Male,31,0
2035,Other,age_65+,Male,32,0
2036,NHW,age_2044,Female,1,11.759926035
2036,NHB,age_2044,Female,2,10.729647703
2036,HIS,age_2044,Female,3,11.942414513
2036,Other,age_2044,Female,4,16.759301413
2036,NHW,age_2044,Male,5,0
2036,NHB,age_2044,Male,6,0
2036,HIS,age_2044,Male,7,0
2036,Other,age_2044,Male,8,0
2036,NHW,age_4554,Female,9,26.665826244
2036,NHB,age_4554,Female,10,22.909263234
2036,HIS,age_4554,Female,11,21.873962163
2036,Other,age_4554,Female,12,19.725170187
2036,NHW,age_4554,Male,13,0
2036,NHB,age_4554,Male,14,0
2036,HIS,age_4554,Male,15,0
2036,Other,age_4554,Male,16,0
2036,NHW,age_5564,Female,17,27.685832518
2036,NHB,age_5564,Female,18,23.613055836
2036,HIS,age_5564,Female,19,22.342571874
2036,Other,age_5564,Female,20,19.525493416
2036,NHW,age_5564,Male,21,0
2036,NHB,age_5564,Male,22,0
2036,HIS,age_5564,Male,23,0
2036,Other,age_5564,Male,24,0
2036,NHW,age_65+,Female,25,27.685832837
2036,NHB,age_65+,Female,26,23.61305519
2036,HIS,age_65+,Female,27,22.342572494
2036,Other,age_65+,Female,28,19.525495623
2036,NHW,age_65+,Male,29,0
2036,NHB,age_65+,Male,30,0
2036,HIS,age_65+,Male,31,0
2036,Other,age_65+,Male,32,0
2037,NHW,age_2044,Female,1,12.291539975
2037,NHB,age_2044,Female,2,11.295776752
2037,HIS,age_2044,Female,3,12.535028314
2037,Other,age_2044,Female,4,17.445710474
2037,NHW,age_2044,Male,5,0
2037,NHB,age_2044,Male,6,0
2037,HIS,age_2044,Male,7,0
2037,Other,age_2044,Male,8,0
2037,NHW,age_4554,Female,9,27.685832637
2037,NHB,age_4554,Female,10,23.61305602
2037,HIS,age_4554,Female,11,22.342571718
2037,Other,age_4554,Female,12,19.525495063
2037,NHW,age_4554,Male,13,0
2037,NHB,age_4554,Male,14,0
2037,HIS,age_4554,Male,15,0
2037,Other,age_4554,Male,16,0
2037,NHW,age_5564,Female,17,27.685832655
2037,NHB,age_5564,Female,18,23.613056764
2037,HIS,age_5564,Female,19,22.3425712
2037,Other,age_5564,Female,20,19.525493639
2037,NHW,age_5564,Male,21,0
2037,NHB,age_5564,Male,22,0
2037,HIS,age_5564,Male,23,0
2037,Other,age_5564,Male,24,0
2037,NHW,age_65+,Female,25,27.685832476
2037,NHB,age_65+,Female,26,23.613056544
2037,HIS,age_65+,Female,27,22.342571906
2037,Other,age_65+,Female,28,19.525496811
2037,NHW,age_65+,Male,29,0
2037,NHB,age_65+,Male,30,0
2037,HIS,age_65+,Male,31,0
2037,Other,age_65+,Male,32,0
2038,NHW,age_2044,Female,1,13.207008478
2038,NHB,age_2044,Female,2,12.077669954
2038,HIS,age_2044,Female,3,13.259648279
2038,Other,age_2044,Female,4,18.074583749
2038,NHW,age_2044,Male,5,0
2038,NHB,age_2044,Male,6,0
2038,HIS,age_2044,Male,7,0
2038,Other,age_2044,Male,8,0
2038,NHW,age_4554,Female,9,27.685832649
2038,NHB,age_4554,Female,10,23.61305681
2038,HIS,age_4554,Female,11,22.342571795
2038,Other,age_4554,Female,12,19.525493659
2038,NHW,age_4554,Male,13,0
2038,NHB,age_4554,Male,14,0
2038,HIS,age_4554,Male,15,0
2038,Other,age_4554,Male,16,0
2038,NHW,age_5564,Female,17,27.685832617
2038,NHB,age_5564,Female,18,23.613056704
2038,HIS,age_5564,Female,19,22.34257288
2038,Other,age_5564,Female,20,19.525493586
2038,NHW,age_5564,Male,21,0
2038,NHB,age_5564,Male,22,0
2038,HIS,age_5564,Male,23,0
2038,Other,age_5564,Male,24,0
2038,NHW,age_65+,Female,25,27.685832909
2038,NHB,age_65+,Female,26,23.613054366
2038,HIS,age_65+,Female,27,22.342570423
2038,Other,age_65+,Female,28,19.525493763
2038,NHW,age_65+,Male,29,0
2038,NHB,age_65+,Male,30,0
2038,HIS,age_65+,Male,31,0
2038,Other,age_65+,Male,32,0
2039,NHW,age_2044,Female,1,14.106412932
2039,NHB,age_2044,Female,2,12.845562703
2039,HIS,age_2044,Female,3,13.989973336
2039,Other,age_2044,Female,4,18.707241782
2039,NHW,age_2044,Male,5,0
2039,NHB,age_2044,Male,6,0
2039,HIS,age_2044,Male,7,0
2039,Other,age_2044,Male,8,0
2039,NHW,age_4554,Female,9,27.685832682
2039,NHB,age_4554,Female,10,23.613056347
2039,HIS,age_4554,Female,11,22.342571404
2039,Other,age_4554,Female,12,19.525493778
2039,NHW,age_4554,Male,13,0
2039,NHB,age_4554,Male,14,0
2039,HIS,age_4554,Male,15,0
2039,Other,age_4554,Male,16,0
2039,NHW,age_5564,Female,17,27.685832777
2039,NHB,age_5564,Female,18,23.613056178
2039,HIS,age_5564,Female,19,22.342571094
2039,Other,age_5564,Female,20,19.525494564
2039,NHW,age_5564,Male,21,0
2039,NHB,age_5564,Male,22,0
2039,HIS,age_5564,Male,23,0
2039,Other,age_5564,Male,24,0
2039,NHW,age_65+,Female,25,27.685832497
2039,NHB,age_65+,Female,26,23.613055083
2039,HIS,age_65+,Female,27,22.342573769
2039,Other,age_65+,Female,28,19.525494477
2039,NHW,age_65+,Male,29,0
2039,NHB,age_65+,Male,30,0
2039,HIS,age_65+,Male,31,0
2039,Other,age_65+,Male,32,0
2040,NHW,age_2044,Female,1,15.018441463
2040,NHB,age_2044,Female,2,13.618037144
2040,HIS,age_2044,Female,3,14.735031544
2040,Other,age_2044,Female,4,19.344235792
2040,NHW,age_2044,Male,5,0
2040,NHB,age_2044,Male,6,0
2040,HIS,age_2044,Male,7,0
2040,Other,age_2044,Male,8,0
2040,NHW,age_4554,Female,9,27.685832618
2040,NHB,age_4554,Female,10,23.613055872
2040,HIS,age_4554,Female,11,22.342572322
2040,Other,age_4554,Female,12,19.525494893
2040,NHW,age_4554,Male,13,0
2040,NHB,age_4554,Male,14,0
2040,HIS,age_4554,Male,15,0
2040,Other,age_4554,Male,16,0
2040,NHW,age_5564,Female,17,27.685832719
2040,NHB,age_5564,Female,18,23.613055698
2040,HIS,age_5564,Female,19,22.342572394
2040,Other,age_5564,Female,20,19.52549375
2040,NHW,age_5564,Male,21,0
2040,NHB,age_5564,Male,22,0
2040,HIS,age_5564,Male,23,0
2040,Other,age_5564,Male,24,0
2040,NHW,age_65+,Female,25,27.685832741
2040,NHB,age_65+,Female,26,23.613056163
2040,HIS,age_65+,Female,27,22.342571632
2040,Other,age_65+,Female,28,19.525496448
2040,NHW,age_65+,Male,29,0
2040,NHB,age_65+,Male,30,0
2040,HIS,age_65+,Male,31,0
2040,Other,age_65+,Male,32,0
2041,NHW,age_2044,Female,1,15.910839113
2041,NHB,age_2044,Female,2,14.37618346
2041,HIS,age_2044,Female,3,15.484079985
2041,Other,age_2044,Female,4,19.991951947
2041,NHW,age_2044,Male,5,0
2041,NHB,age_2044,Male,6,0
2041,HIS,age_2044,Male,7,0
2041,Other,age_2044,Male,8,0
2041,NHW,age_4554,Female,9,27.685832735
2041,NHB,age_4554,Female,10,23.613055775
2041,HIS,age_4554,Female,11,22.342571823
2041,Other,age_4554,Female,12,19.525493724
2041,NHW,age_4554,Male,13,0
2041,NHB,age_4554,Male,14,0
2041,HIS,age_4554,Male,15,0
2041,Other,age_4554,Male,16,0
2041,NHW,age_5564,Female,17,27.685832694
2041,NHB,age_5564,Female,18,23.613055655
2041,HIS,age_5564,Female,19,22.3425725
2041,Other,age_5564,Female,20,19.525492655
2041,NHW,age_5564,Male,21,0
2041,NHB,age_5564,Male,22,0
2041,HIS,age_5564,Male,23,0
2041,Other,age_5564,Male,24,0
2041,NHW,age_65+,Female,25,27.685832173
2041,NHB,age_65+,Female,26,23.613057492
2041,HIS,age_65+,Female,27,22.342573261
2041,Other,age_65+,Female,28,19.525495289
2041,NHW,age_65+,Male,29,0
2041,NHB,age_65+,Male,30,0
2041,HIS,age_65+,Male,31,0
2041,Other,age_65+,Male,32,0
2042,NHW,age_2044,Female,1,16.815075155
2042,NHB,age_2044,Female,2,15.150335687
2042,HIS,age_2044,Female,3,16.244998272
2042,Other,age_2044,Female,4,20.647123186
2042,NHW,age_2044,Male,5,0
2042,NHB,age_2044,Male,6,0
2042,HIS,age_2044,Male,7,0
2042,Other,age_2044,Male,8,0
2042,NHW,age_4554,Female,9,27.685832552
2042,NHB,age_4554,Female,10,23.613056749
2042,HIS,age_4554,Female,11,22.342572354
2042,Other,age_4554,Female,12,19.52549529
2042,NHW,age_4554,Male,13,0
2042,NHB,age_4554,Male,14,0
2042,HIS,age_4554,Male,15,0
2042,Other,age_4554,Male,16,0
2042,NHW,age_5564,Female,17,27.68583258
2042,NHB,age_5564,Female,18,23.613056384
2042,HIS,age_5564,Female,19,22.342571217
2042,Other,age_5564,Female,20,19.525494631
2042,NHW,age_5564,Male,21,0
2042,NHB,age_5564,Male,22,0
2042,HIS,age_5564,Male,23,0
2042,Other,age_5564,Male,24,0
2042,NHW,age_65+,Female,25,27.685832523
2042,NHB,age_65+,Female,26,23.61305369
2042,HIS,age_65+,Female,27,22.342571237
2042,Other,age_65+,Female,28,19.525492529
2042,NHW,age_65+,Male,29,0
2042,NHB,age_65+,Male,30,0
2042,HIS,age_65+,Male,31,0
2042,Other,age_65+,Male,32,0
2043,NHW,age_2044,Female,1,17.395240583
2043,NHB,age_2044,Female,2,15.624894782
2043,HIS,age_2044,Female,3,16.617369058
2043,Other,age_2044,Female,4,20.620320135
2043,NHW,age_2044,Male,5,0
2043,NHB,age_2044,Male,6,0
2043,HIS,age_2044,Male,7,0
2043,Other,age_2044,Male,8,0
2043,NHW,age_4554,Female,9,27.685832604
2043,NHB,age_4554,Female,10,23.613056356
2043,HIS,age_4554,Female,11,22.342571684
2043,Other,age_4554,Female,12,19.525493692
2043,NHW,age_4554,Male,13,0
2043,NHB,age_4554,Male,14,0
2043,HIS,age_4554,Male,15,0
2043,Other,age_4554,Male,16,0
2043,NHW,age_5564,Female,17,27.685832848
2043,NHB,age_5564,Female,18,23.613056219
2043,HIS,age_5564,Female,19,22.342571911
2043,Other,age_5564,Female,20,19.525496237
2043,NHW,age_5564,Male,21,0
2043,NHB,age_5564,Male,22,0
2043,HIS,age_5564,Male,23,0
2043,Other,age_5564,Male,24,0
2043,NHW,age_65+,Female,25,27.685832603
2043,NHB,age_65+,Female,26,23.613058027
2043,HIS,age_65+,Female,27,22.342570466
2043,Other,age_65+,Female,28,19.525494196
2043,NHW,age_65+,Male,29,0
2043,NHB,age_65+,Male,30,0
2043,HIS,age_65+,Male,31,0
2043,Other,age_65+,Male,32,0
2044,NHW,age_2044,Female,1,17.986973658
2044,NHB,age_2044,Female,2,16.125928904
2044,HIS,age_2044,Female,3,16.997461471
2044,Other,age_2044,Female,4,20.59293023
2044,NHW,age_2044,Male,5,0
2044,NHB,age_2044,Male,6,0
2044,HIS,age_2044,Male,7,0
2044,Other,age_2044,Male,8,0
2044,NHW,age_4554,Female,9,27.685832712
2044,NHB,age_4554,Female,10,23.613055607
2044,HIS,age_4554,Female,11,22.342571229
2044,Other,age_4554,Female,12,19.525495143
2044,NHW,age_4554,Male,13,0
2044,NHB,age_4554,Male,14,0
2044,HIS,age_4554,Male,15,0
2044,Other,age_4554,Male,16,0
2044,NHW,age_5564,Female,17,27.68583288
2044,NHB,age_5564,Female,18,23.613055087
2044,HIS,age_5564,Female,19,22.342571428
2044,Other,age_5564,Female,20,19.525493088
2044,NHW,age_5564,Male,21,0
2044,NHB,age_5564,Male,22,0
2044,HIS,age_5564,Male,23,0
2044,Other,age_5564,Male,24,0
2044,NHW,age_65+,Female,25,27.685833414
2044,NHB,age_65+,Female,26,23.613057866
2044,HIS,age_65+,Female,27,22.34257185
2044,Other,age_65+,Female,28,19.525495046
2044,NHW,age_65+,Male,29,0
2044,NHB,age_65+,Male,30,0
2044,HIS,age_65+,Male,31,0
2044,Other,age_65+,Male,32,0
2045,NHW,age_2044,Female,1,18.610416509
2045,NHB,age_2044,Female,2,16.661143524
2045,HIS,age_2044,Female,3,17.402226697
2045,Other,age_2044,Female,4,20.563330904
2045,NHW,age_2044,Male,5,0
2045,NHB,age_2044,Male,6,0
2045,HIS,age_2044,Male,7,0
2045,Other,age_2044,Male,8,0
2045,NHW,age_4554,Female,9,27.685832646
2045,NHB,age_4554,Female,10,23.613056383
2045,HIS,age_4554,Female,11,22.342571766
2045,Other,age_4554,Female,12,19.525494834
2045,NHW,age_4554,Male,13,0
2045,NHB,age_4554,Male,14,0
2045,HIS,age_4554,Male,15,0
2045,Other,age_4554,Male,16,0
2045,NHW,age_5564,Female,17,27.6858326
2045,NHB,age_5564,Female,18,23.613056404
2045,HIS,age_5564,Female,19,22.342571045
2045,Other,age_5564,Female,20,19.525494074
2045,NHW,age_5564,Male,21,0
2045,NHB,age_5564,Male,22,0
2045,HIS,age_5564,Male,23,0
2045,Other,age_5564,Male,24,0
2045,NHW,age_65+,Female,25,27.685833505
2045,NHB,age_65+,Female,26,23.613057132
2045,HIS,age_65+,Female,27,22.342572775
2045,Other,age_65+,Female,28,19.525505797
2045,NHW,age_65+,Male,29,0
2045,NHB,age_65+,Male,30,0
2045,HIS,age_65+,Male,31,0
2045,Other,age_65+,Male,32,0
2046,NHW,age_2044,Female,1,19.230774201
2046,NHB,age_2044,Female,2,17.194314555
2046,HIS,age_2044,Female,3,17.813803037
2046,Other,age_2044,Female,4,20.534164664
2046,NHW,age_2044,Male,5,0
2046,NHB,age_2044,Male,6,0
2046,HIS,age_2044,Male,7,0
2046,Other,age_2044,Male,8,0
2046,NHW,age_4554,Female,9,27.685832716
2046,NHB,age_4554,Female,10,23.613055758
2046,HIS,age_4554,Female,11,22.342571887
2046,Other,age_4554,Female,12,19.525494221
2046,NHW,age_4554,Male,13,0
2046,NHB,age_4554,Male,14,0
2046,HIS,age_4554,Male,15,0
2046,Other,age_4554,Male,16,0
2046,NHW,age_5564,Female,17,27.685832662
2046,NHB,age_5564,Female,18,23.613055716
2046,HIS,age_5564,Female,19,22.342572216
2046,Other,age_5564,Female,20,19.52549427
2046,NHW,age_5564,Male,21,0
2046,NHB,age_5564,Male,22,0
2046,HIS,age_5564,Male,23,0
2046,Other,age_5564,Male,24,0
2046,NHW,age_65+,Female,25,27.685832756
2046,NHB,age_65+,Female,26,23.613059694
2046,HIS,age_65+,Female,27,22.342570875
2046,Other,age_65+,Female,28,19.525487911
2046,NHW,age_65+,Male,29,0
2046,NHB,age_65+,Male,30,0
2046,HIS,age_65+,Male,31,0
2046,Other,age_65+,Male,32,0
2047,NHW,age_2044,Female,1,19.850063969
2047,NHB,age_2044,Female,2,17.728656617
2047,HIS,age_2044,Female,3,18.235656165
2047,Other,age_2044,Female,4,20.502619879
2047,NHW,age_2044,Male,5,0
2047,NHB,age_2044,Male,6,0
2047,HIS,age_2044,Male,7,0
2047,Other,age_2044,Male,8,0
2047,NHW,age_4554,Female,9,27.685832682
2047,NHB,age_4554,Female,10,23.613055845
2047,HIS,age_4554,Female,11,22.342572585
2047,Other,age_4554,Female,12,19.525492037
2047,NHW,age_4554,Male,13,0
2047,NHB,age_4554,Male,14,0
2047,HIS,age_4554,Male,15,0
2047,Other,age_4554,Male,16,0
2047,NHW,age_5564,Female,17,27.685832698
2047,NHB,age_5564,Female,18,23.6130561
2047,HIS,age_5564,Female,19,22.342571564
2047,Other,age_5564,Female,20,19.525495352
2047,NHW,age_5564,Male,21,0
2047,NHB,age_5564,Male,22,0
2047,HIS,age_5564,Male,23,0
2047,Other,age_5564,Male,24,0
2047,NHW,age_65+,Female,25,27.685832853
2047,NHB,age_65+,Female,26,23.613059652
2047,HIS,age_65+,Female,27,22.342567017
2047,Other,age_65+,Female,28,19.525494994
2047,NHW,age_65+,Male,29,0
2047,NHB,age_65+,Male,30,0
2047,HIS,age_65+,Male,31,0
2047,Other,age_65+,Male,32,0
2048,NHW,age_2044,Female,1,20.466252401
2048,NHB,age_2044,Female,2,18.260716916
2048,HIS,age_2044,Female,3,18.659300239
2048,Other,age_2044,Female,4,20.470170648
2048,NHW,age_2044,Male,5,0
2048,NHB,age_2044,Male,6,0
2048,HIS,age_2044,Male,7,0
2048,Other,age_2044,Male,8,0
2048,NHW,age_4554,Female,9,27.685832681
2048,NHB,age_4554,Female,10,23.613056145
2048,HIS,age_4554,Female,11,22.342571612
2048,Other,age_4554,Female,12,19.525495134
2048,NHW,age_4554,Male,13,0
2048,NHB,age_4554,Male,14,0
2048,HIS,age_4554,Male,15,0
2048,Other,age_4554,Male,16,0
2048,NHW,age_5564,Female,17,27.685832805
2048,NHB,age_5564,Female,18,23.61305629
2048,HIS,age_5564,Female,19,22.342571325
2048,Other,age_5564,Female,20,19.525492234
2048,NHW,age_5564,Male,21,0
2048,NHB,age_5564,Male,22,0
2048,HIS,age_5564,Male,23,0
2048,Other,age_5564,Male,24,0
2048,NHW,age_65+,Female,25,27.685832931
2048,NHB,age_65+,Female,26,23.613050668
2048,HIS,age_65+,Female,27,22.342568694
2048,Other,age_65+,Female,28,19.525490316
2048,NHW,age_65+,Male,29,0
2048,NHB,age_65+,Male,30,0
2048,HIS,age_65+,Male,31,0
2048,Other,age_65+,Male,32,0
2049,NHW,age_2044,Female,1,21.075659724
2049,NHB,age_2044,Female,2,18.788688286
2049,HIS,age_2044,Female,3,19.087470957
2049,Other,age_2044,Female,4,20.43754754
2049,NHW,age_2044,Male,5,0
2049,NHB,age_2044,Male,6,0
2049,HIS,age_2044,Male,7,0
2049,Other,age_2044,Male,8,0
2049,NHW,age_4554,Female,9,27.685832799
2049,NHB,age_4554,Female,10,23.613056663
2049,HIS,age_4554,Female,11,22.342571856
2049,Other,age_4554,Female,12,19.5254951
2049,NHW,age_4554,Male,13,0
2049,NHB,age_4554,Male,14,0
2049,HIS,age_4554,Male,15,0
2049,Other,age_4554,Male,16,0
2049,NHW,age_5564,Female,17,27.685832447
2049,NHB,age_5564,Female,18,23.613057642
2049,HIS,age_5564,Female,19,22.342571019
2049,Other,age_5564,Female,20,19.525497288
2049,NHW,age_5564,Male,21,0
2049,NHB,age_5564,Male,22,0
2049,HIS,age_5564,Male,23,0
2049,Other,age_5564,Male,24,0
2049,NHW,age_65+,Female,25,27.685831599
2049,NHB,age_65+,Female,26,23.613066442
2049,HIS,age_65+,Female,27,22.342575939
2049,Other,age_65+,Female,28,19.525500966
2049,NHW,age_65+,Male,29,0
2049,NHB,age_65+,Male,30,0
2049,HIS,age_65+,Male,31,0
2049,Other,age_65+,Male,32,0
2050,NHW,age_2044,Female,1,21.699954177
2050,NHB,age_2044,Female,2,19.320142921
2050,HIS,age_2044,Female,3,19.524171111
2050,Other,age_2044,Female,4,20.403603341
2050,NHW,age_2044,Male,5,0
2050,NHB,age_2044,Male,6,0
2050,HIS,age_2044,Male,7,0
2050,Other,age_2044,Male,8,0
2050,NHW,age_4554,Female,9,27.685832721
2050,NHB,age_4554,Female,10,23.613056032
2050,HIS,age_4554,Female,11,22.342571523
2050,Other,age_4554,Female,12,19.525494946
2050,NHW,age_4554,Male,13,0
2050,NHB,age_4554,Male,14,0
2050,HIS,age_4554,Male,15,0
2050,Other,age_4554,Male,16,0
2050,NHW,age_5564,Female,17,27.685832903
2050,NHB,age_5564,Female,18,23.613056234
2050,HIS,age_5564,Female,19,22.342571684
2050,Other,age_5564,Female,20,19.525492202
2050,NHW,age_5564,Male,21,0
2050,NHB,age_5564,Male,22,0
2050,HIS,age_5564,Male,23,0
2050,Other,age_5564,Male,24,0
2050,NHW,age_65+,Female,25,27.685830905
2050,NHB,age_65+,Female,26,23.613046146
2050,HIS,age_65+,Female,27,22.342568082
2050,Other,age_65+,Female,28,19.525507222
2050,NHW,age_65+,Male,29,0
2050,NHB,age_65+,Male,30,0
2050,HIS,age_65+,Male,31,0
2050,Other,age_65+,Male,32,0
2051,NHW,age_2044,Female,1,22.320523688
2051,NHB,age_2044,Female,2,19.847665187
2051,HIS,age_2044,Female,3,19.965533613
2051,Other,age_2044,Female,4,20.369900954
2051,NHW,age_2044,Male,5,0
2051,NHB,age_2044,Male,6,0
2051,HIS,age_2044,Male,7,0
2051,Other,age_2044,Male,8,0
2051,NHW,age_4554,Female,9,27.685832574
2051,NHB,age_4554,Female,10,23.613055981
2051,HIS,age_4554,Female,11,22.342572034
2051,Other,age_4554,Female,12,19.525494995
2051,NHW,age_4554,Male,13,0
2051,NHB,age_4554,Male,14,0
2051,HIS,age_4554,Male,15,0
2051,Other,age_4554,Male,16,0
2051,NHW,age_5564,Female,17,27.685832912
2051,NHB,age_5564,Female,18,23.613056289
2051,HIS,age_5564,Female,19,22.34257027
2051,Other,age_5564,Female,20,19.525495379
2051,NHW,age_5564,Male,21,0
2051,NHB,age_5564,Male,22,0
2051,HIS,age_5564,Male,23,0
2051,Other,age_5564,Male,24,0
2051,NHW,age_65+,Female,25,27.685831798
2051,NHB,age_65+,Female,26,23.613050969
2051,HIS,age_65+,Female,27,22.342586207
2051,Other,age_65+,Female,28,19.525482121
2051,NHW,age_65+,Male,29,0
2051,NHB,age_65+,Male,30,0
2051,HIS,age_65+,Male,31,0
2051,Other,age_65+,Male,32,0
2052,NHW,age_2044,Female,1,22.940815391
2052,NHB,age_2044,Female,2,20.385691667
2052,HIS,age_2044,Female,3,20.415440444
2052,Other,age_2044,Female,4,20.335541874
2052,NHW,age_2044,Male,5,0
2052,NHB,age_2044,Male,6,0
2052,HIS,age_2044,Male,7,0
2052,Other,age_2044,Male,8,0
2052,NHW,age_4554,Female,9,27.68583276
2052,NHB,age_4554,Female,10,23.613056662
2052,HIS,age_4554,Female,11,22.342571992
2052,Other,age_4554,Female,12,19.525492995
2052,NHW,age_4554,Male,13,0
2052,NHB,age_4554,Male,14,0
2052,HIS,age_4554,Male,15,0
2052,Other,age_4554,Male,16,0
2052,NHW,age_5564,Female,17,27.685832614
2052,NHB,age_5564,Female,18,23.613056629
2052,HIS,age_5564,Female,19,22.342572855
2052,Other,age_5564,Female,20,19.525495423
2052,NHW,age_5564,Male,21,0
2052,NHB,age_5564,Male,22,0
2052,HIS,age_5564,Male,23,0
2052,Other,age_5564,Male,24,0
2052,NHW,age_65+,Female,25,27.68583458
2052,NHB,age_65+,Female,26,23.613058119
2052,HIS,age_65+,Female,27,22.342587219
2052,Other,age_65+,Female,28,19.525495329
2052,NHW,age_65+,Male,29,0
2052,NHB,age_65+,Male,30,0
2052,HIS,age_65+,Male,31,0
2052,Other,age_65+,Male,32,0
2053,NHW,age_2044,Female,1,23.38635168
2053,NHB,age_2044,Female,2,20.661185022
2053,HIS,age_2044,Female,3,20.57637217
2053,Other,age_2044,Female,4,20.263880945
2053,NHW,age_2044,Male,5,0
2053,NHB,age_2044,Male,6,0
2053,HIS,age_2044,Male,7,0
2053,Other,age_2044,Male,8,0
2053,NHW,age_4554,Female,9,27.68583271
2053,NHB,age_4554,Female,10,23.613056392
2053,HIS,age_4554,Female,11,22.342571434
2053,Other,age_4554,Female,12,19.525495378
2053,NHW,age_4554,Male,13,0
2053,NHB,age_4554,Male,14,0
2053,HIS,age_4554,Male,15,0
2053,Other,age_4554,Male,16,0
2053,NHW,age_5564,Female,17,27.685832839
2053,NHB,age_5564,Female,18,23.613057403
2053,HIS,age_5564,Female,19,22.342573273
2053,Other,age_5564,Female,20,19.525492454
2053,NHW,age_5564,Male,21,0
2053,NHB,age_5564,Male,22,0
2053,HIS,age_5564,Male,23,0
2053,Other,age_5564,Male,24,0
2053,NHW,age_65+,Female,25,0
2053,NHB,age_65+,Female,26,0
2053,HIS,age_65+,Female,27,0
2053,Other,age_65+,Female,28,0
2053,NHW,age_65+,Male,29,0
2053,NHB,age_65+,Male,30,0
2053,HIS,age_65+,Male,31,0
2053,Other,age_65+,Male,32,0
2054,NHW,age_2044,Female,1,23.843460943
2054,NHB,age_2044,Female,2,20.958494367
2054,HIS,age_2044,Female,3,20.742363835
2054,Other,age_2044,Female,4,20.18903236
2054,NHW,age_2044,Male,5,0
2054,NHB,age_2044,Male,6,0
2054,HIS,age_2044,Male,7,0
2054,Other,age_2044,Male,8,0
2054,NHW,age_4554,Female,9,27.685832644
2054,NHB,age_4554,Female,10,23.613055804
2054,HIS,age_4554,Female,11,22.342571001
2054,Other,age_4554,Female,12,19.525494592
2054,NHW,age_4554,Male,13,0
2054,NHB,age_4554,Male,14,0
2054,HIS,age_4554,Male,15,0
2054,Other,age_4554,Male,16,0
2054,NHW,age_5564,Female,17,27.685832632
2054,NHB,age_5564,Female,18,23.613052782
2054,HIS,age_5564,Female,19,22.342572142
2054,Other,age_5564,Female,20,19.525493195
2054,NHW,age_5564,Male,21,0
2054,NHB,age_5564,Male,22,0
2054,HIS,age_5564,Male,23,0
2054,Other,age_5564,Male,24,0
2054,NHW,age_65+,Female,25,0
2054,NHB,age_65+,Female,26,0
2054,HIS,age_65+,Female,27,0
2054,Other,age_65+,Female,28,0
2054,NHW,age_65+,Male,29,0
2054,NHB,age_65+,Male,30,0
2054,HIS,age_65+,Male,31,0
2054,Other,age_65+,Male,32,0
2055,NHW,age_2044,Female,1,24.322758486
2055,NHB,age_2044,Female,2,21.279056682
2055,HIS,age_2044,Female,3,20.919904514
2055,Other,age_2044,Female,4,20.111806831
2055,NHW,age_2044,Male,5,0
2055,NHB,age_2044,Male,6,0
2055,HIS,age_2044,Male,7,0
2055,Other,age_2044,Male,8,0
2055,NHW,age_4554,Female,9,27.685832502
2055,NHB,age_4554,Female,10,23.613057009
2055,HIS,age_4554,Female,11,22.342571902
2055,Other,age_4554,Female,12,19.525494078
2055,NHW,age_4554,Male,13,0
2055,NHB,age_4554,Male,14,0
2055,HIS,age_4554,Male,15,0
2055,Other,age_4554,Male,16,0
2055,NHW,age_5564,Female,17,27.685832923
2055,NHB,age_5564,Female,18,23.613055675
2055,HIS,age_5564,Female,19,22.342570129
2055,Other,age_5564,Female,20,19.525493051
2055,NHW,age_5564,Male,21,0
2055,NHB,age_5564,Male,22,0
2055,HIS,age_5564,Male,23,0
2055,Other,age_5564,Male,24,0
2055,NHW,age_65+,Female,25,0
2055,NHB,age_65+,Female,26,0
2055,HIS,age_65+,Female,27,0
2055,Other,age_65+,Female,28,0
2055,NHW,age_65+,Male,29,0
2055,NHB,age_65+,Male,30,0
2055,HIS,age_65+,Male,31,0
2055,Other,age_65+,Male,32,0
2056,NHW,age_2044,Female,1,24.805664469
2056,NHB,age_2044,Female,2,21.609270518
2056,HIS,age_2044,Female,3,21.104569569
2056,Other,age_2044,Female,4,20.033062224
2056,NHW,age_2044,Male,5,0
2056,NHB,age_2044,Male,6,0
2056,HIS,age_2044,Male,7,0
2056,Other,age_2044,Male,8,0
2056,NHW,age_4554,Female,9,27.685832722
2056,NHB,age_4554,Female,10,23.613056254
2056,HIS,age_4554,Female,11,22.342571863
2056,Other,age_4554,Female,12,19.525494802
2056,NHW,age_4554,Male,13,0
2056,NHB,age_4554,Male,14,0
2056,HIS,age_4554,Male,15,0
2056,Other,age_4554,Male,16,0
2056,NHW,age_5564,Female,17,27.685832364
2056,NHB,age_5564,Female,18,23.613056866
2056,HIS,age_5564,Female,19,22.342569621
2056,Other,age_5564,Female,20,19.525498628
2056,NHW,age_5564,Male,21,0
2056,NHB,age_5564,Male,22,0
2056,HIS,age_5564,Male,23,0
2056,Other,age_5564,Male,24,0
2056,NHW,age_65+,Female,25,0
2056,NHB,age_65+,Female,26,0
2056,HIS,age_65+,Female,27,0
2056,Other,age_65+,Female,28,0
2056,NHW,age_65+,Male,29,0
2056,NHB,age_65+,Male,30,0
2056,HIS,age_65+,Male,31,0
2056,Other,age_65+,Male,32,0
2057,NHW,age_2044,Female,1,25.280341386
2057,NHB,age_2044,Female,2,21.941306251
2057,HIS,age_2044,Female,3,21.296308098
2057,Other,age_2044,Female,4,19.954018195
2057,NHW,age_2044,Male,5,0
2057,NHB,age_2044,Male,6,0
2057,HIS,age_2044,Male,7,0
2057,Other,age_2044,Male,8,0
2057,NHW,age_4554,Female,9,27.685832875
2057,NHB,age_4554,Female,10,23.613057368
2057,HIS,age_4554,Female,11,22.34257201
2057,Other,age_4554,Female,12,19.525495037
2057,NHW,age_4554,Male,13,0
2057,NHB,age_4554,Male,14,0
2057,HIS,age_4554,Male,15,0
2057,Other,age_4554,Male,16,0
2057,NHW,age_5564,Female,17,27.685832647
2057,NHB,age_5564,Female,18,23.613055001
2057,HIS,age_5564,Female,19,22.342571129
2057,Other,age_5564,Female,20,19.525498036
2057,NHW,age_5564,Male,21,0
2057,NHB,age_5564,Male,22,0
2057,HIS,age_5564,Male,23,0
2057,Other,age_5564,Male,24,0
2057,NHW,age_65+,Female,25,0
2057,NHB,age_65+,Female,26,0
2057,HIS,age_65+,Female,27,0
2057,Other,age_65+,Female,28,0
2057,NHW,age_65+,Male,29,0
2057,NHB,age_65+,Male,30,0
2057,HIS,age_65+,Male,31,0
2057,Other,age_65+,Male,32,0
2058,NHW,age_2044,Female,1,25.748734649
2058,NHB,age_2044,Female,2,22.274354588
2058,HIS,age_2044,Female,3,21.491413012
2058,Other,age_2044,Female,4,19.873688919
2058,NHW,age_2044,Male,5,0
2058,NHB,age_2044,Male,6,0
2058,HIS,age_2044,Male,7,0
2058,Other,age_2044,Male,8,0
2058,NHW,age_4554,Female,9,27.685832692
2058,NHB,age_4554,Female,10,23.613058315
2058,HIS,age_4554,Female,11,22.342571269
2058,Other,age_4554,Female,12,19.525494533
2058,NHW,age_4554,Male,13,0
2058,NHB,age_4554,Male,14,0
2058,HIS,age_4554,Male,15,0
2058,Other,age_4554,Male,16,0
2058,NHW,age_5564,Female,17,27.685833537
2058,NHB,age_5564,Female,18,23.613059982
2058,HIS,age_5564,Female,19,22.342578082
2058,Other,age_5564,Female,20,19.525509688
2058,NHW,age_5564,Male,21,0
2058,NHB,age_5564,Male,22,0
2058,HIS,age_5564,Male,23,0
2058,Other,age_5564,Male,24,0
2058,NHW,age_65+,Female,25,0
2058,NHB,age_65+,Female,26,0
2058,HIS,age_65+,Female,27,0
2058,Other,age_65+,Female,28,0
2058,NHW,age_65+,Male,29,0
2058,NHB,age_65+,Male,30,0
2058,HIS,age_65+,Male,31,0
2058,Other,age_65+,Male,32,0
2059,NHW,age_2044,Female,1,26.221420847
2059,NHB,age_2044,Female,2,22.609127523
2059,HIS,age_2044,Female,3,21.693460966
2059,Other,age_2044,Female,4,19.791282065
2059,NHW,age_2044,Male,5,0
2059,NHB,age_2044,Male,6,0
2059,HIS,age_2044,Male,7,0
2059,Other,age_2044,Male,8,0
2059,NHW,age_4554,Female,9,27.685832601
2059,NHB,age_4554,Female,10,23.613057841
2059,HIS,age_4554,Female,11,22.342571683
2059,Other,age_4554,Female,12,19.525494528
2059,NHW,age_4554,Male,13,0
2059,NHB,age_4554,Male,14,0
2059,HIS,age_4554,Male,15,0
2059,Other,age_4554,Male,16,0
2059,NHW,age_5564,Female,17,27.685833
2059,NHB,age_5564,Female,18,23.613058353
2059,HIS,age_5564,Female,19,22.342567756
2059,Other,age_5564,Female,20,19.525492027
2059,NHW,age_5564,Male,21,0
2059,NHB,age_5564,Male,22,0
2059,HIS,age_5564,Male,23,0
2059,Other,age_5564,Male,24,0
2059,NHW,age_65+,Female,25,0
2059,NHB,age_65+,Female,26,0
2059,HIS,age_65+,Female,27,0
2059,Other,age_65+,Female,28,0
2059,NHW,age_65+,Male,29,0
2059,NHB,age_65+,Male,30,0
2059,HIS,age_65+,Male,31,0
2059,Other,age_65+,Male,32,0
2060,NHW,age_2044,Female,1,26.699904608
2060,NHB,age_2044,Female,2,22.940336735
2060,HIS,age_2044,Female,3,21.901934764
2060,Other,age_2044,Female,4,19.70631435
2060,NHW,age_2044,Male,5,0
2060,NHB,age_2044,Male,6,0
2060,HIS,age_2044,Male,7,0
2060,Other,age_2044,Male,8,0
2060,NHW,age_4554,Female,9,27.685832692
2060,NHB,age_4554,Female,10,23.613057873
2060,HIS,age_4554,Female,11,22.342572244
2060,Other,age_4554,Female,12,19.525498726
2060,NHW,age_4554,Male,13,0
2060,NHB,age_4554,Male,14,0
2060,HIS,age_4554,Male,15,0
2060,Other,age_4554,Male,16,0
2060,NHW,age_5564,Female,17,27.685831916
2060,NHB,age_5564,Female,18,23.613054927
2060,HIS,age_5564,Female,19,22.34256807
2060,Other,age_5564,Female,20,19.525487637
2060,NHW,age_5564,Male,21,0
2060,NHB,age_5564,Male,22,0
2060,HIS,age_5564,Male,23,0
2060,Other,age_5564,Male,24,0
2060,NHW,age_65+,Female,25,0
2060,NHB,age_65+,Female,26,0
2060,HIS,age_65+,Female,27,0
2060,Other,age_65+,Female,28,0
2060,NHW,age_65+,Male,29,0
2060,NHB,age_65+,Male,30,0
2060,HIS,age_65+,Male,31,0
2060,Other,age_65+,Male,32,0
2061,NHW,age_2044,Female,1,26.699904608
2061,NHB,age_2044,Female,2,22.940336735
2061,HIS,age_2044,Female,3,21.901934764
2061,Other,age_2044,Female,4,19.70631435
2061,NHW,age_2044,Male,5,0
2061,NHB,age_2044,Male,6,0
2061,HIS,age_2044,Male,7,0
2061,Other,age_2044,Male,8,0
2061,NHW,age_4554,Female,9,27.685832692
2061,NHB,age_4554,Female,10,23.613057873
2061,HIS,age_4554,Female,11,22.342572244
2061,Other,age_4554,Female,12,19.525498726
2061,NHW,age_4554,Male,13,0
2061,NHB,age_4554,Male,14,0
2061,HIS,age_4554,Male,15,0
2061,Other,age_4554,Male,16,0
2061,NHW,age_5564,Female,17,27.685831916
2061,NHB,age_5564,Female,18,23.613054927
2061,HIS,age_5564,Female,19,22.34256807
2061,Other,age_5564,Female,20,19.525487637
2061,NHW,age_5564,Male,21,0
2061,NHB,age_5564,Male,22,0
2061,HIS,age_5564,Male,23,0
2061,Other,age_5564,Male,24,0
2061,NHW,age_65+,Female,25,0
2061,NHB,age_65+,Female,26,0
2061,HIS,age_65+,Female,27,0
2061,Other,age_65+,Female,28,0
2061,NHW,age_65+,Male,29,0
2061,NHB,age_65+,Male,30,0
2061,HIS,age_65+,Male,31,0
2061,Other,age_65+,Male,32,0
2062,NHW,age_2044,Female,1,26.699904608
2062,NHB,age_2044,Female,2,22.940336735
2062,HIS,age_2044,Female,3,21.901934764
2062,Other,age_2044,Female,4,19.70631435
2062,NHW,age_2044,Male,5,0
2062,NHB,age_2044,Male,6,0
2062,HIS,age_2044,Male,7,0
2062,Other,age_2044,Male,8,0
2062,NHW,age_4554,Female,9,27.685832692
2062,NHB,age_4554,Female,10,23.613057873
2062,HIS,age_4554,Female,11,22.342572244
2062,Other,age_4554,Female,12,19.525498726
2062,NHW,age_4554,Male,13,0
2062,NHB,age_4554,Male,14,0
2062,HIS,age_4554,Male,15,0
2062,Other,age_4554,Male,16,0
2062,NHW,age_5564,Female,17,27.685831916
2062,NHB,age_5564,Female,18,23.613054927
2062,HIS,age_5564,Female,19,22.34256807
2062,Other,age_5564,Female,20,19.525487637
2062,NHW,age_5564,Male,21,0
2062,NHB,age_5564,Male,22,0
2062,HIS,age_5564,Male,23,0
2062,Other,age_5564,Male,24,0
2062,NHW,age_65+,Female,25,0
2062,NHB,age_65+,Female,26,0
2062,HIS,age_65+,Female,27,0
2062,Other,age_65+,Female,28,0
2062,NHW,age_65+,Male,29,0
2062,NHB,age_65+,Male,30,0
2062,HIS,age_65+,Male,31,0
2062,Other,age_65+,Male,32,0
2063,NHW,age_2044,Female,1,26.699904608
2063,NHB,age_2044,Female,2,22.940336735
2063,HIS,age_2044,Female,3,21.901934764
2063,Other,age_2044,Female,4,19.70631435
2063,NHW,age_2044,Male,5,0
2063,NHB,age_2044,Male,6,0
2063,HIS,age_2044,Male,7,0
2063,Other,age_2044,Male,8,0
2063,NHW,age_4554,Female,9,27.685832692
2063,NHB,age_4554,Female,10,23.613057873
2063,HIS,age_4554,Female,11,22.342572244
2063,Other,age_4554,Female,12,19.525498726
2063,NHW,age_4554,Male,13,0
2063,NHB,age_4554,Male,14,0
2063,HIS,age_4554,Male,15,0
2063,Other,age_4554,Male,16,0
2063,NHW,age_5564,Female,17,27.685831916
2063,NHB,age_5564,Female,18,23.613054927
2063,HIS,age_5564,Female,19,22.34256807
2063,Other,age_5564,Female,20,19.525487637
2063,NHW,age_5564,Male,21,0
2063,NHB,age_5564,Male,22,0
2063,HIS,age_5564,Male,23,0
2063,Other,age_5564,Male,24,0
2063,NHW,age_65+,Female,25,0
2063,NHB,age_65+,Female,26,0
2063,HIS,age_65+,Female,27,0
2063,Other,age_65+,Female,28,0
2063,NHW,age_65+,Male,29,0
2063,NHB,age_65+,Male,30,0
2063,HIS,age_65+,Male,31,0
2063,Other,age_65+,Male,32,0
2064,NHW,age_2044,Female,1,26.699904608
2064,NHB,age_2044,Female,2,22.940336735
2064,HIS,age_2044,Female,3,21.901934764
2064,Other,age_2044,Female,4,19.70631435
2064,NHW,age_2044,Male,5,0
2064,NHB,age_2044,Male,6,0
2064,HIS,age_2044,Male,7,0
2064,Other,age_2044,Male,8,0
2064,NHW,age_4554,Female,9,27.685832692
2064,NHB,age_4554,Female,10,23.613057873
2064,HIS,age_4554,Female,11,22.342572244
2064,Other,age_4554,Female,12,19.525498726
2064,NHW,age_4554,Male,13,0
2064,NHB,age_4554,Male,14,0
2064,HIS,age_4554,Male,15,0
2064,Other,age_4554,Male,16,0
2064,NHW,age_5564,Female,17,27.685831916
2064,NHB,age_5564,Female,18,23.613054927
2064,HIS,age_5564,Female,19,22.34256807
2064,Other,age_5564,Female,20,19.525487637
2064,NHW,age_5564,Male,21,0
2064,NHB,age_5564,Male,22,0
2064,HIS,age_5564,Male,23,0
2064,Other,age_5564,Male,24,0
2064,NHW,age_65+,Female,25,0
2064,NHB,age_65+,Female,26,0
2064,HIS,age_65+,Female,27,0
2064,Other,age_65+,Female,28,0
2064,NHW,age_65+,Male,29,0
2064,NHB,age_65+,Male,30,0
2064,HIS,age_65+,Male,31,0
2064,Other,age_65+,Male,32,0
2065,NHW,age_2044,Female,1,26.699904608
2065,NHB,age_2044,Female,2,22.940336735
2065,HIS,age_2044,Female,3,21.901934764
2065,Other,age_2044,Female,4,19.70631435
2065,NHW,age_2044,Male,5,0
2065,NHB,age_2044,Male,6,0
2065,HIS,age_2044,Male,7,0
2065,Other,age_2044,Male,8,0
2065,NHW,age_4554,Female,9,27.685832692
2065,NHB,age_4554,Female,10,23.613057873
2065,HIS,age_4554,Female,11,22.342572244
2065,Other,age_4554,Female,12,19.525498726
2065,NHW,age_4554,Male,13,0
2065,NHB,age_4554,Male,14,0
2065,HIS,age_4554,Male,15,0
2065,Other,age_4554,Male,16,0
2065,NHW,age_5564,Female,17,27.685831916
2065,NHB,age_5564,Female,18,23.613054927
2065,HIS,age_5564,Female,19,22.34256807
2065,Other,age_5564,Female,20,19.525487637
2065,NHW,age_5564,Male,21,0
2065,NHB,age_5564,Male,22,0
2065,HIS,age_5564,Male,23,0
2065,Other,age_5564,Male,24,0
2065,NHW,age_65+,Female,25,0
2065,NHB,age_65+,Female,26,0
2065,HIS,age_65+,Female,27,0
2065,Other,age_65+,Female,28,0
2065,NHW,age_65+,Male,29,0
2065,NHB,age_65+,Male,30,0
2065,HIS,age_65+,Male,31,0
2065,Other,age_65+,Male,32,0
2066,NHW,age_2044,Female,1,26.699904608
2066,NHB,age_2044,Female,2,22.940336735
2066,HIS,age_2044,Female,3,21.901934764
2066,Other,age_2044,Female,4,19.70631435
2066,NHW,age_2044,Male,5,0
2066,NHB,age_2044,Male,6,0
2066,HIS,age_2044,Male,7,0
2066,Other,age_2044,Male,8,0
2066,NHW,age_4554,Female,9,27.685832692
2066,NHB,age_4554,Female,10,23.613057873
2066,HIS,age_4554,Female,11,22.342572244
2066,Other,age_4554,Female,12,19.525498726
2066,NHW,age_4554,Male,13,0
2066,NHB,age_4554,Male,14,0
2066,HIS,age_4554,Male,15,0
2066,Other,age_4554,Male,16,0
2066,NHW,age_5564,Female,17,27.685831916
2066,NHB,age_5564,Female,18,23.613054927
2066,HIS,age_5564,Female,19,22.34256807
2066,Other,age_5564,Female,20,19.525487637
2066,NHW,age_5564,Male,21,0
2066,NHB,age_5564,Male,22,0
2066,HIS,age_5564,Male,23,0
2066,Other,age_5564,Male,24,0
2066,NHW,age_65+,Female,25,0
2066,NHB,age_65+,Female,26,0
2066,HIS,age_65+,Female,27,0
2066,Other,age_65+,Female,28,0
2066,NHW,age_65+,Male,29,0
2066,NHB,age_65+,Male,30,0
2066,HIS,age_65+,Male,31,0
2066,Other,age_65+,Male,32,0
2067,NHW,age_2044,Female,1,26.699904608
2067,NHB,age_2044,Female,2,22.940336735
2067,HIS,age_2044,Female,3,21.901934764
2067,Other,age_2044,Female,4,19.70631435
2067,NHW,age_2044,Male,5,0
2067,NHB,age_2044,Male,6,0
2067,HIS,age_2044,Male,7,0
2067,Other,age_2044,Male,8,0
2067,NHW,age_4554,Female,9,27.685832692
2067,NHB,age_4554,Female,10,23.613057873
2067,HIS,age_4554,Female,11,22.342572244
2067,Other,age_4554,Female,12,19.525498726
2067,NHW,age_4554,Male,13,0
2067,NHB,age_4554,Male,14,0
2067,HIS,age_4554,Male,15,0
2067,Other,age_4554,Male,16,0
2067,NHW,age_5564,Female,17,27.685831916
2067,NHB,age_5564,Female,18,23.613054927
2067,HIS,age_5564,Female,19,22.34256807
2067,Other,age_5564,Female,20,19.525487637
2067,NHW,age_5564,Male,21,0
2067,NHB,age_5564,Male,22,0
2067,HIS,age_5564,Male,23,0
2067,Other,age_5564,Male,24,0
2067,NHW,age_65+,Female,25,0
2067,NHB,age_65+,Female,26,0
2067,HIS,age_65+,Female,27,0
2067,Other,age_65+,Female,28,0
2067,NHW,age_65+,Male,29,0
2067,NHB,age_65+,Male,30,0
2067,HIS,age_65+,Male,31,0
2067,Other,age_65+,Male,32,0
2068,NHW,age_2044,Female,1,26.699904608
2068,NHB,age_2044,Female,2,22.940336735
2068,HIS,age_2044,Female,3,21.901934764
2068,Other,age_2044,Female,4,19.70631435
2068,NHW,age_2044,Male,5,0
2068,NHB,age_2044,Male,6,0
2068,HIS,age_2044,Male,7,0
2068,Other,age_2044,Male,8,0
2068,NHW,age_4554,Female,9,27.685832692
2068,NHB,age_4554,Female,10,23.613057873
2068,HIS,age_4554,Female,11,22.342572244
2068,Other,age_4554,Female,12,19.525498726
2068,NHW,age_4554,Male,13,0
2068,NHB,age_4554,Male,14,0
2068,HIS,age_4554,Male,15,0
2068,Other,age_4554,Male,16,0
2068,NHW,age_5564,Female,17,27.685831916
2068,NHB,age_5564,Female,18,23.613054927
2068,HIS,age_5564,Female,19,22.34256807
2068,Other,age_5564,Female,20,19.525487637
2068,NHW,age_5564,Male,21,0
2068,NHB,age_5564,Male,22,0
2068,HIS,age_5564,Male,23,0
2068,Other,age_5564,Male,24,0
2068,NHW,age_65+,Female,25,0
2068,NHB,age_65+,Female,26,0
2068,HIS,age_65+,Female,27,0
2068,Other,age_65+,Female,28,0
2068,NHW,age_65+,Male,29,0
2068,NHB,age_65+,Male,30,0
2068,HIS,age_65+,Male,31,0
2068,Other,age_65+,Male,32,0
2069,NHW,age_2044,Female,1,26.699904608
2069,NHB,age_2044,Female,2,22.940336735
2069,HIS,age_2044,Female,3,21.901934764
2069,Other,age_2044,Female,4,19.70631435
2069,NHW,age_2044,Male,5,0
2069,NHB,age_2044,Male,6,0
2069,HIS,age_2044,Male,7,0
2069,Other,age_2044,Male,8,0
2069,NHW,age_4554,Female,9,27.685832692
2069,NHB,age_4554,Female,10,23.613057873
2069,HIS,age_4554,Female,11,22.342572244
2069,Other,age_4554,Female,12,19.525498726
2069,NHW,age_4554,Male,13,0
2069,NHB,age_4554,Male,14,0
2069,HIS,age_4554,Male,15,0
2069,Other,age_4554,Male,16,0
2069,NHW,age_5564,Female,17,27.685831916
2069,NHB,age_5564,Female,18,23.613054927
2069,HIS,age_5564,Female,19,22.34256807
2069,Other,age_5564,Female,20,19.525487637
2069,NHW,age_5564,Male,21,0
2069,NHB,age_5564,Male,22,0
2069,HIS,age_5564,Male,23,0
2069,Other,age_5564,Male,24,0
2069,NHW,age_65+,Female,25,0
2069,NHB,age_65+,Female,26,0
2069,HIS,age_65+,Female,27,0
2069,Other,age_65+,Female,28,0
2069,NHW,age_65+,Male,29,0
2069,NHB,age_65+,Male,30,0
2069,HIS,age_65+,Male,31,0
2069,Other,age_65+,Male,32,0
2070,NHW,age_2044,Female,1,26.699904608
2070,NHB,age_2044,Female,2,22.940336735
2070,HIS,age_2044,Female,3,21.901934764
2070,Other,age_2044,Female,4,19.70631435
2070,NHW,age_2044,Male,5,0
2070,NHB,age_2044,Male,6,0
2070,HIS,age_2044,Male,7,0
2070,Other,age_2044,Male,8,0
2070,NHW,age_4554,Female,9,27.685832692
2070,NHB,age_4554,Female,10,23.613057873
2070,HIS,age_4554,Female,11,22.342572244
2070,Other,age_4554,Female,12,19.525498726
2070,NHW,age_4554,Male,13,0
2070,NHB,age_4554,Male,14,0
2070,HIS,age_4554,Male,15,0
2070,Other,age_4554,Male,16,0
2070,NHW,age_5564,Female,17,27.685831916
2070,NHB,age_5564,Female,18,23.613054927
2070,HIS,age_5564,Female,19,22.34256807
2070,Other,age_5564,Female,20,19.525487637
2070,NHW,age_5564,Male,21,0
2070,NHB,age_5564,Male,22,0
2070,HIS,age_5564,Male,23,0
2070,Other,age_5564,Male,24,0
2070,NHW,age_65+,Female,25,0
2070,NHB,age_65+,Female,26,0
2070,HIS,age_65+,Female,27,0
2070,Other,age_65+,Female,28,0
2070,NHW,age_65+,Male,29,0
2070,NHB,age_65+,Male,30,0
2070,HIS,age_65+,Male,31,0
2070,Other,age_65+,Male,32,0
2071,NHW,age_2044,Female,1,26.699904608
2071,NHB,age_2044,Female,2,22.940336735
2071,HIS,age_2044,Female,3,21.901934764
2071,Other,age_2044,Female,4,19.70631435
2071,NHW,age_2044,Male,5,0
2071,NHB,age_2044,Male,6,0
2071,HIS,age_2044,Male,7,0
2071,Other,age_2044,Male,8,0
2071,NHW,age_4554,Female,9,27.685832692
2071,NHB,age_4554,Female,10,23.613057873
2071,HIS,age_4554,Female,11,22.342572244
2071,Other,age_4554,Female,12,19.525498726
2071,NHW,age_4554,Male,13,0
2071,NHB,age_4554,Male,14,0
2071,HIS,age_4554,Male,15,0
2071,Other,age_4554,Male,16,0
2071,NHW,age_5564,Female,17,27.685831916
2071,NHB,age_5564,Female,18,23.613054927
2071,HIS,age_5564,Female,19,22.34256807
2071,Other,age_5564,Female,20,19.525487637
2071,NHW,age_5564,Male,21,0
2071,NHB,age_5564,Male,22,0
2071,HIS,age_5564,Male,23,0
2071,Other,age_5564,Male,24,0
2071,NHW,age_65+,Female,25,0
2071,NHB,age_65+,Female,26,0
2071,HIS,age_65+,Female,27,0
2071,Other,age_65+,Female,28,0
2071,NHW,age_65+,Male,29,0
2071,NHB,age_65+,Male,30,0
2071,HIS,age_65+,Male,31,0
2071,Other,age_65+,Male,32,0
2072,NHW,age_2044,Female,1,26.699904608
2072,NHB,age_2044,Female,2,22.940336735
2072,HIS,age_2044,Female,3,21.901934764
2072,Other,age_2044,Female,4,19.70631435
2072,NHW,age_2044,Male,5,0
2072,NHB,age_2044,Male,6,0
2072,HIS,age_2044,Male,7,0
2072,Other,age_2044,Male,8,0
2072,NHW,age_4554,Female,9,27.685832692
2072,NHB,age_4554,Female,10,23.613057873
2072,HIS,age_4554,Female,11,22.342572244
2072,Other,age_4554,Female,12,19.525498726
2072,NHW,age_4554,Male,13,0
2072,NHB,age_4554,Male,14,0
2072,HIS,age_4554,Male,15,0
2072,Other,age_4554,Male,16,0
2072,NHW,age_5564,Female,17,27.685831916
2072,NHB,age_5564,Female,18,23.613054927
2072,HIS,age_5564,Female,19,22.34256807
2072,Other,age_5564,Female,20,19.525487637
2072,NHW,age_5564,Male,21,0
2072,NHB,age_5564,Male,22,0
2072,HIS,age_5564,Male,23,0
2072,Other,age_5564,Male,24,0
2072,NHW,age_65+,Female,25,0
2072,NHB,age_65+,Female,26,0
2072,HIS,age_65+,Female,27,0
2072,Other,age_65+,Female,28,0
2072,NHW,age_65+,Male,29,0
2072,NHB,age_65+,Male,30,0
2072,HIS,age_65+,Male,31,0
2072,Other,age_65+,Male,32,0
2073,NHW,age_2044,Female,1,26.699904608
2073,NHB,age_2044,Female,2,22.940336735
2073,HIS,age_2044,Female,3,21.901934764
2073,Other,age_2044,Female,4,19.70631435
2073,NHW,age_2044,Male,5,0
2073,NHB,age_2044,Male,6,0
2073,HIS,age_2044,Male,7,0
2073,Other,age_2044,Male,8,0
2073,NHW,age_4554,Female,9,27.685832692
2073,NHB,age_4554,Female,10,23.613057873
2073,HIS,age_4554,Female,11,22.342572244
2073,Other,age_4554,Female,12,19.525498726
2073,NHW,age_4554,Male,13,0
2073,NHB,age_4554,Male,14,0
2073,HIS,age_4554,Male,15,0
2073,Other,age_4554,Male,16,0
2073,NHW,age_5564,Female,17,27.685831916
2073,NHB,age_5564,Female,18,23.613054927
2073,HIS,age_5564,Female,19,22.34256807
2073,Other,age_5564,Female,20,19.525487637
2073,NHW,age_5564,Male,21,0
2073,NHB,age_5564,Male,22,0
2073,HIS,age_5564,Male,23,0
2073,Other,age_5564,Male,24,0
2073,NHW,age_65+,Female,25,0
2073,NHB,age_65+,Female,26,0
2073,HIS,age_65+,Female,27,0
2073,Other,age_65+,Female,28,0
2073,NHW,age_65+,Male,29,0
2073,NHB,age_65+,Male,30,0
2073,HIS,age_65+,Male,31,0
2073,Other,age_65+,Male,32,0
2074,NHW,age_2044,Female,1,26.699904608
2074,NHB,age_2044,Female,2,22.940336735
2074,HIS,age_2044,Female,3,21.901934764
2074,Other,age_2044,Female,4,19.70631435
2074,NHW,age_2044,Male,5,0
2074,NHB,age_2044,Male,6,0
2074,HIS,age_2044,Male,7,0
2074,Other,age_2044,Male,8,0
2074,NHW,age_4554,Female,9,27.685832692
2074,NHB,age_4554,Female,10,23.613057873
2074,HIS,age_4554,Female,11,22.342572244
2074,Other,age_4554,Female,12,19.525498726
2074,NHW,age_4554,Male,13,0
2074,NHB,age_4554,Male,14,0
2074,HIS,age_4554,Male,15,0
2074,Other,age_4554,Male,16,0
2074,NHW,age_5564,Female,17,27.685831916
2074,NHB,age_5564,Female,18,23.613054927
2074,HIS,age_5564,Female,19,22.34256807
2074,Other,age_5564,Female,20,19.525487637
2074,NHW,age_5564,Male,21,0
2074,NHB,age_5564,Male,22,0
2074,HIS,age_5564,Male,23,0
2074,Other,age_5564,Male,24,0
2074,NHW,age_65+,Female,25,0
2074,NHB,age_65+,Female,26,0
2074,HIS,age_65+,Female,27,0
2074,Other,age_65+,Female,28,0
2074,NHW,age_65+,Male,29,0
2074,NHB,age_65+,Male,30,0
2074,HIS,age_65+,Male,31,0
2074,Other,age_65+,Male,32,0
2075,NHW,age_2044,Female,1,26.699904608
2075,NHB,age_2044,Female,2,22.940336735
2075,HIS,age_2044,Female,3,21.901934764
2075,Other,age_2044,Female,4,19.70631435
2075,NHW,age_2044,Male,5,0
2075,NHB,age_2044,Male,6,0
2075,HIS,age_2044,Male,7,0
2075,Other,age_2044,Male,8,0
2075,NHW,age_4554,Female,9,27.685832692
2075,NHB,age_4554,Female,10,23.613057873
2075,HIS,age_4554,Female,11,22.342572244
2075,Other,age_4554,Female,12,19.525498726
2075,NHW,age_4554,Male,13,0
2075,NHB,age_4554,Male,14,0
2075,HIS,age_4554,Male,15,0
2075,Other,age_4554,Male,16,0
2075,NHW,age_5564,Female,17,27.685831916
2075,NHB,age_5564,Female,18,23.613054927
2075,HIS,age_5564,Female,19,22.34256807
2075,Other,age_5564,Female,20,19.525487637
2075,NHW,age_5564,Male,21,0
2075,NHB,age_5564,Male,22,0
2075,HIS,age_5564,Male,23,0
2075,Other,age_5564,Male,24,0
2075,NHW,age_65+,Female,25,0
2075,NHB,age_65+,Female,26,0
2075,HIS,age_65+,Female,27,0
2075,Other,age_65+,Female,28,0
2075,NHW,age_65+,Male,29,0
2075,NHB,age_65+,Male,30,0
2075,HIS,age_65+,Male,31,0
2075,Other,age_65+,Male,32,0
2076,NHW,age_2044,Female,1,26.699904608
2076,NHB,age_2044,Female,2,22.940336735
2076,HIS,age_2044,Female,3,21.901934764
2076,Other,age_2044,Female,4,19.70631435
2076,NHW,age_2044,Male,5,0
2076,NHB,age_2044,Male,6,0
2076,HIS,age_2044,Male,7,0
2076,Other,age_2044,Male,8,0
2076,NHW,age_4554,Female,9,27.685832692
2076,NHB,age_4554,Female,10,23.613057873
2076,HIS,age_4554,Female,11,22.342572244
2076,Other,age_4554,Female,12,19.525498726
2076,NHW,age_4554,Male,13,0
2076,NHB,age_4554,Male,14,0
2076,HIS,age_4554,Male,15,0
2076,Other,age_4554,Male,16,0
2076,NHW,age_5564,Female,17,27.685831916
2076,NHB,age_5564,Female,18,23.613054927
2076,HIS,age_5564,Female,19,22.34256807
2076,Other,age_5564,Female,20,19.525487637
2076,NHW,age_5564,Male,21,0
2076,NHB,age_5564,Male,22,0
2076,HIS,age_5564,Male,23,0
2076,Other,age_5564,Male,24,0
2076,NHW,age_65+,Female,25,0
2076,NHB,age_65+,Female,26,0
2076,HIS,age_65+,Female,27,0
2076,Other,age_65+,Female,28,0
2076,NHW,age_65+,Male,29,0
2076,NHB,age_65+,Male,30,0
2076,HIS,age_65+,Male,31,0
2076,Other,age_65+,Male,32,0
2077,NHW,age_2044,Female,1,26.699904608
2077,NHB,age_2044,Female,2,22.940336735
2077,HIS,age_2044,Female,3,21.901934764
2077,Other,age_2044,Female,4,19.70631435
2077,NHW,age_2044,Male,5,0
2077,NHB,age_2044,Male,6,0
2077,HIS,age_2044,Male,7,0
2077,Other,age_2044,Male,8,0
2077,NHW,age_4554,Female,9,27.685832692
2077,NHB,age_4554,Female,10,23.613057873
2077,HIS,age_4554,Female,11,22.342572244
2077,Other,age_4554,Female,12,19.525498726
2077,NHW,age_4554,Male,13,0
2077,NHB,age_4554,Male,14,0
2077,HIS,age_4554,Male,15,0
2077,Other,age_4554,Male,16,0
2077,NHW,age_5564,Female,17,27.685831916
2077,NHB,age_5564,Female,18,23.613054927
2077,HIS,age_5564,Female,19,22.34256807
2077,Other,age_5564,Female,20,19.525487637
2077,NHW,age_5564,Male,21,0
2077,NHB,age_5564,Male,22,0
2077,HIS,age_5564,Male,23,0
2077,Other,age_5564,Male,24,0
2077,NHW,age_65+,Female,25,0
2077,NHB,age_65+,Female,26,0
2077,HIS,age_65+,Female,27,0
2077,Other,age_65+,Female,28,0
2077,NHW,age_65+,Male,29,0
2077,NHB,age_65+,Male,30,0
2077,HIS,age_65+,Male,31,0
2077,Other,age_65+,Male,32,0
2078,NHW,age_2044,Female,1,26.699904608
2078,NHB,age_2044,Female,2,22.940336735
2078,HIS,age_2044,Female,3,21.901934764
2078,Other,age_2044,Female,4,19.70631435
2078,NHW,age_2044,Male,5,0
2078,NHB,age_2044,Male,6,0
2078,HIS,age_2044,Male,7,0
2078,Other,age_2044,Male,8,0
2078,NHW,age_4554,Female,9,27.685832692
2078,NHB,age_4554,Female,10,23.613057873
2078,HIS,age_4554,Female,11,22.342572244
2078,Other,age_4554,Female,12,19.525498726
2078,NHW,age_4554,Male,13,0
2078,NHB,age_4554,Male,14,0
2078,HIS,age_4554,Male,15,0
2078,Other,age_4554,Male,16,0
2078,NHW,age_5564,Female,17,27.685831916
2078,NHB,age_5564,Female,18,23.613054927
2078,HIS,age_5564,Female,19,22.34256807
2078,Other,age_5564,Female,20,19.525487637
2078,NHW,age_5564,Male,21,0
2078,NHB,age_5564,Male,22,0
2078,HIS,age_5564,Male,23,0
2078,Other,age_5564,Male,24,0
2078,NHW,age_65+,Female,25,0
2078,NHB,age_65+,Female,26,0
2078,HIS,age_65+,Female,27,0
2078,Other,age_65+,Female,28,0
2078,NHW,age_65+,Male,29,0
2078,NHB,age_65+,Male,30,0
2078,HIS,age_65+,Male,31,0
2078,Other,age_65+,Male,32,0
2079,NHW,age_2044,Female,1,26.699904608
2079,NHB,age_2044,Female,2,22.940336735
2079,HIS,age_2044,Female,3,21.901934764
2079,Other,age_2044,Female,4,19.70631435
2079,NHW,age_2044,Male,5,0
2079,NHB,age_2044,Male,6,0
2079,HIS,age_2044,Male,7,0
2079,Other,age_2044,Male,8,0
2079,NHW,age_4554,Female,9,27.685832692
2079,NHB,age_4554,Female,10,23.613057873
2079,HIS,age_4554,Female,11,22.342572244
2079,Other,age_4554,Female,12,19.525498726
2079,NHW,age_4554,Male,13,0
2079,NHB,age_4554,Male,14,0
2079,HIS,age_4554,Male,15,0
2079,Other,age_4554,Male,16,0
2079,NHW,age_5564,Female,17,27.685831916
2079,NHB,age_5564,Female,18,23.613054927
2079,HIS,age_5564,Female,19,22.34256807
2079,Other,age_5564,Female,20,19.525487637
2079,NHW,age_5564,Male,21,0
2079,NHB,age_5564,Male,22,0
2079,HIS,age_5564,Male,23,0
2079,Other,age_5564,Male,24,0
2079,NHW,age_65+,Female,25,0
2079,NHB,age_65+,Female,26,0
2079,HIS,age_65+,Female,27,0
2079,Other,age_65+,Female,28,0
2079,NHW,age_65+,Male,29,0
2079,NHB,age_65+,Male,30,0
2079,HIS,age_65+,Male,31,0
2079,Other,age_65+,Male,32,0
2080,NHW,age_2044,Female,1,26.699904608
2080,NHB,age_2044,Female,2,22.940336735
2080,HIS,age_2044,Female,3,21.901934764
2080,Other,age_2044,Female,4,19.70631435
2080,NHW,age_2044,Male,5,0
2080,NHB,age_2044,Male,6,0
2080,HIS,age_2044,Male,7,0
2080,Other,age_2044,Male,8,0
2080,NHW,age_4554,Female,9,27.685832692
2080,NHB,age_4554,Female,10,23.613057873
2080,HIS,age_4554,Female,11,22.342572244
2080,Other,age_4554,Female,12,19.525498726
2080,NHW,age_4554,Male,13,0
2080,NHB,age_4554,Male,14,0
2080,HIS,age_4554,Male,15,0
2080,Other,age_4554,Male,16,0
2080,NHW,age_5564,Female,17,27.685831916
2080,NHB,age_5564,Female,18,23.613054927
2080,HIS,age_5564,Female,19,22.34256807
2080,Other,age_5564,Female,20,19.525487637
2080,NHW,age_5564,Male,21,0
2080,NHB,age_5564,Male,22,0
2080,HIS,age_5564,Male,23,0
2080,Other,age_5564,Male,24,0
2080,NHW,age_65+,Female,25,0
2080,NHB,age_65+,Female,26,0
2080,HIS,age_65+,Female,27,0
2080,Other,age_65+,Female,28,0
2080,NHW,age_65+,Male,29,0
2080,NHB,age_65+,Male,30,0
2080,HIS,age_65+,Male,31,0
2080,Other,age_65+,Male,32,0
2081,NHW,age_2044,Female,1,26.699904608
2081,NHB,age_2044,Female,2,22.940336735
2081,HIS,age_2044,Female,3,21.901934764
2081,Other,age_2044,Female,4,19.70631435
2081,NHW,age_2044,Male,5,0
2081,NHB,age_2044,Male,6,0
2081,HIS,age_2044,Male,7,0
2081,Other,age_2044,Male,8,0
2081,NHW,age_4554,Female,9,27.685832692
2081,NHB,age_4554,Female,10,23.613057873
2081,HIS,age_4554,Female,11,22.342572244
2081,Other,age_4554,Female,12,19.525498726
2081,NHW,age_4554,Male,13,0
2081,NHB,age_4554,Male,14,0
2081,HIS,age_4554,Male,15,0
2081,Other,age_4554,Male,16,0
2081,NHW,age_5564,Female,17,27.685831916
2081,NHB,age_5564,Female,18,23.613054927
2081,HIS,age_5564,Female,19,22.34256807
2081,Other,age_5564,Female,20,19.525487637
2081,NHW,age_5564,Male,21,0
2081,NHB,age_5564,Male,22,0
2081,HIS,age_5564,Male,23,0
2081,Other,age_5564,Male,24,0
2081,NHW,age_65+,Female,25,0
2081,NHB,age_65+,Female,26,0
2081,HIS,age_65+,Female,27,0
2081,Other,age_65+,Female,28,0
2081,NHW,age_65+,Male,29,0
2081,NHB,age_65+,Male,30,0
2081,HIS,age_65+,Male,31,0
2081,Other,age_65+,Male,32,0
2082,NHW,age_2044,Female,1,26.699904608
2082,NHB,age_2044,Female,2,22.940336735
2082,HIS,age_2044,Female,3,21.901934764
2082,Other,age_2044,Female,4,19.70631435
2082,NHW,age_2044,Male,5,0
2082,NHB,age_2044,Male,6,0
2082,HIS,age_2044,Male,7,0
2082,Other,age_2044,Male,8,0
2082,NHW,age_4554,Female,9,27.685832692
2082,NHB,age_4554,Female,10,23.613057873
2082,HIS,age_4554,Female,11,22.342572244
2082,Other,age_4554,Female,12,19.525498726
2082,NHW,age_4554,Male,13,0
2082,NHB,age_4554,Male,14,0
2082,HIS,age_4554,Male,15,0
2082,Other,age_4554,Male,16,0
2082,NHW,age_5564,Female,17,27.685831916
2082,NHB,age_5564,Female,18,23.613054927
2082,HIS,age_5564,Female,19,22.34256807
2082,Other,age_5564,Female,20,19.525487637
2082,NHW,age_5564,Male,21,0
2082,NHB,age_5564,Male,22,0
2082,HIS,age_5564,Male,23,0
2082,Other,age_5564,Male,24,0
2082,NHW,age_65+,Female,25,0
2082,NHB,age_65+,Female,26,0
2082,HIS,age_65+,Female,27,0
2082,Other,age_65+,Female,28,0
2082,NHW,age_65+,Male,29,0
2082,NHB,age_65+,Male,30,0
2082,HIS,age_65+,Male,31,0
2082,Other,age_65+,Male,32,0
2083,NHW,age_2044,Female,1,26.699904608
2083,NHB,age_2044,Female,2,22.940336735
2083,HIS,age_2044,Female,3,21.901934764
2083,Other,age_2044,Female,4,19.70631435
2083,NHW,age_2044,Male,5,0
2083,NHB,age_2044,Male,6,0
2083,HIS,age_2044,Male,7,0
2083,Other,age_2044,Male,8,0
2083,NHW,age_4554,Female,9,27.685832692
2083,NHB,age_4554,Female,10,23.613057873
2083,HIS,age_4554,Female,11,22.342572244
2083,Other,age_4554,Female,12,19.525498726
2083,NHW,age_4554,Male,13,0
2083,NHB,age_4554,Male,14,0
2083,HIS,age_4554,Male,15,0
2083,Other,age_4554,Male,16,0
2083,NHW,age_5564,Female,17,27.685831916
2083,NHB,age_5564,Female,18,23.613054927
2083,HIS,age_5564,Female,19,22.34256807
2083,Other,age_5564,Female,20,19.525487637
2083,NHW,age_5564,Male,21,0
2083,NHB,age_5564,Male,22,0
2083,HIS,age_5564,Male,23,0
2083,Other,age_5564,Male,24,0
2083,NHW,age_65+,Female,25,0
2083,NHB,age_65+,Female,26,0
2083,HIS,age_65+,Female,27,0
2083,Other,age_65+,Female,28,0
2083,NHW,age_65+,Male,29,0
2083,NHB,age_65+,Male,30,0
2083,HIS,age_65+,Male,31,0
2083,Other,age_65+,Male,32,0
2084,NHW,age_2044,Female,1,26.699904608
2084,NHB,age_2044,Female,2,22.940336735
2084,HIS,age_2044,Female,3,21.901934764
2084,Other,age_2044,Female,4,19.70631435
2084,NHW,age_2044,Male,5,0
2084,NHB,age_2044,Male,6,0
2084,HIS,age_2044,Male,7,0
2084,Other,age_2044,Male,8,0
2084,NHW,age_4554,Female,9,27.685832692
2084,NHB,age_4554,Female,10,23.613057873
2084,HIS,age_4554,Female,11,22.342572244
2084,Other,age_4554,Female,12,19.525498726
2084,NHW,age_4554,Male,13,0
2084,NHB,age_4554,Male,14,0
2084,HIS,age_4554,Male,15,0
2084,Other,age_4554,Male,16,0
2084,NHW,age_5564,Female,17,27.685831916
2084,NHB,age_5564,Female,18,23.613054927
2084,HIS,age_5564,Female,19,22.34256807
2084,Other,age_5564,Female,20,19.525487637
2084,NHW,age_5564,Male,21,0
2084,NHB,age_5564,Male,22,0
2084,HIS,age_5564,Male,23,0
2084,Other,age_5564,Male,24,0
2084,NHW,age_65+,Female,25,0
2084,NHB,age_65+,Female,26,0
2084,HIS,age_65+,Female,27,0
2084,Other,age_65+,Female,28,0
2084,NHW,age_65+,Male,29,0
2084,NHB,age_65+,Male,30,0
2084,HIS,age_65+,Male,31,0
2084,Other,age_65+,Male,32,0
2085,NHW,age_2044,Female,1,26.699904608
2085,NHB,age_2044,Female,2,22.940336735
2085,HIS,age_2044,Female,3,21.901934764
2085,Other,age_2044,Female,4,19.70631435
2085,NHW,age_2044,Male,5,0
2085,NHB,age_2044,Male,6,0
2085,HIS,age_2044,Male,7,0
2085,Other,age_2044,Male,8,0
2085,NHW,age_4554,Female,9,27.685832692
2085,NHB,age_4554,Female,10,23.613057873
2085,HIS,age_4554,Female,11,22.342572244
2085,Other,age_4554,Female,12,19.525498726
2085,NHW,age_4554,Male,13,0
2085,NHB,age_4554,Male,14,0
2085,HIS,age_4554,Male,15,0
2085,Other,age_4554,Male,16,0
2085,NHW,age_5564,Female,17,27.685831916
2085,NHB,age_5564,Female,18,23.613054927
2085,HIS,age_5564,Female,19,22.34256807
2085,Other,age_5564,Female,20,19.525487637
2085,NHW,age_5564,Male,21,0
2085,NHB,age_5564,Male,22,0
2085,HIS,age_5564,Male,23,0
2085,Other,age_5564,Male,24,0
2085,NHW,age_65+,Female,25,0
2085,NHB,age_65+,Female,26,0
2085,HIS,age_65+,Female,27,0
2085,Other,age_65+,Female,28,0
2085,NHW,age_65+,Male,29,0
2085,NHB,age_65+,Male,30,0
2085,HIS,age_65+,Male,31,0
2085,Other,age_65+,Male,32,0
2086,NHW,age_2044,Female,1,26.699904608
2086,NHB,age_2044,Female,2,22.940336735
2086,HIS,age_2044,Female,3,21.901934764
2086,Other,age_2044,Female,4,19.70631435
2086,NHW,age_2044,Male,5,0
2086,NHB,age_2044,Male,6,0
2086,HIS,age_2044,Male,7,0
2086,Other,age_2044,Male,8,0
2086,NHW,age_4554,Female,9,27.685832692
2086,NHB,age_4554,Female,10,23.613057873
2086,HIS,age_4554,Female,11,22.342572244
2086,Other,age_4554,Female,12,19.525498726
2086,NHW,age_4554,Male,13,0
2086,NHB,age_4554,Male,14,0
2086,HIS,age_4554,Male,15,0
2086,Other,age_4554,Male,16,0
2086,NHW,age_5564,Female,17,27.685831916
2086,NHB,age_5564,Female,18,23.613054927
2086,HIS,age_5564,Female,19,22.34256807
2086,Other,age_5564,Female,20,19.525487637
2086,NHW,age_5564,Male,21,0
2086,NHB,age_5564,Male,22,0
2086,HIS,age_5564,Male,23,0
2086,Other,age_5564,Male,24,0
2086,NHW,age_65+,Female,25,0
2086,NHB,age_65+,Female,26,0
2086,HIS,age_65+,Female,27,0
2086,Other,age_65+,Female,28,0
2086,NHW,age_65+,Male,29,0
2086,NHB,age_65+,Male,30,0
2086,HIS,age_65+,Male,31,0
2086,Other,age_65+,Male,32,0
2087,NHW,age_2044,Female,1,26.699904608
2087,NHB,age_2044,Female,2,22.940336735
2087,HIS,age_2044,Female,3,21.901934764
2087,Other,age_2044,Female,4,19.70631435
2087,NHW,age_2044,Male,5,0
2087,NHB,age_2044,Male,6,0
2087,HIS,age_2044,Male,7,0
2087,Other,age_2044,Male,8,0
2087,NHW,age_4554,Female,9,27.685832692
2087,NHB,age_4554,Female,10,23.613057873
2087,HIS,age_4554,Female,11,22.342572244
2087,Other,age_4554,Female,12,19.525498726
2087,NHW,age_4554,Male,13,0
2087,NHB,age_4554,Male,14,0
2087,HIS,age_4554,Male,15,0
2087,Other,age_4554,Male,16,0
2087,NHW,age_5564,Female,17,27.685831916
2087,NHB,age_5564,Female,18,23.613054927
2087,HIS,age_5564,Female,19,22.34256807
2087,Other,age_5564,Female,20,19.525487637
2087,NHW,age_5564,Male,21,0
2087,NHB,age_5564,Male,22,0
2087,HIS,age_5564,Male,23,0
2087,Other,age_5564,Male,24,0
2087,NHW,age_65+,Female,25,0
2087,NHB,age_65+,Female,26,0
2087,HIS,age_65+,Female,27,0
2087,Other,age_65+,Female,28,0
2087,NHW,age_65+,Male,29,0
2087,NHB,age_65+,Male,30,0
2087,HIS,age_65+,Male,31,0
2087,Other,age_65+,Male,32,0
2088,NHW,age_2044,Female,1,26.699904608
2088,NHB,age_2044,Female,2,22.940336735
2088,HIS,age_2044,Female,3,21.901934764
2088,Other,age_2044,Female,4,19.70631435
2088,NHW,age_2044,Male,5,0
2088,NHB,age_2044,Male,6,0
2088,HIS,age_2044,Male,7,0
2088,Other,age_2044,Male,8,0
2088,NHW,age_4554,Female,9,27.685832692
2088,NHB,age_4554,Female,10,23.613057873
2088,HIS,age_4554,Female,11,22.342572244
2088,Other,age_4554,Female,12,19.525498726
2088,NHW,age_4554,Male,13,0
2088,NHB,age_4554,Male,14,0
2088,HIS,age_4554,Male,15,0
2088,Other,age_4554,Male,16,0
2088,NHW,age_5564,Female,17,27.685831916
2088,NHB,age_5564,Female,18,23.613054927
2088,HIS,age_5564,Female,19,22.34256807
2088,Other,age_5564,Female,20,19.525487637
2088,NHW,age_5564,Male,21,0
2088,NHB,age_5564,Male,22,0
2088,HIS,age_5564,Male,23,0
2088,Other,age_5564,Male,24,0
2088,NHW,age_65+,Female,25,0
2088,NHB,age_65+,Female,26,0
2088,HIS,age_65+,Female,27,0
2088,Other,age_65+,Female,28,0
2088,NHW,age_65+,Male,29,0
2088,NHB,age_65+,Male,30,0
2088,HIS,age_65+,Male,31,0
2088,Other,age_65+,Male,32,0
2089,NHW,age_2044,Female,1,26.699904608
2089,NHB,age_2044,Female,2,22.940336735
2089,HIS,age_2044,Female,3,21.901934764
2089,Other,age_2044,Female,4,19.70631435
2089,NHW,age_2044,Male,5,0
2089,NHB,age_2044,Male,6,0
2089,HIS,age_2044,Male,7,0
2089,Other,age_2044,Male,8,0
2089,NHW,age_4554,Female,9,27.685832692
2089,NHB,age_4554,Female,10,23.613057873
2089,HIS,age_4554,Female,11,22.342572244
2089,Other,age_4554,Female,12,19.525498726
2089,NHW,age_4554,Male,13,0
2089,NHB,age_4554,Male,14,0
2089,HIS,age_4554,Male,15,0
2089,Other,age_4554,Male,16,0
2089,NHW,age_5564,Female,17,27.685831916
2089,NHB,age_5564,Female,18,23.613054927
2089,HIS,age_5564,Female,19,22.34256807
2089,Other,age_5564,Female,20,19.525487637
2089,NHW,age_5564,Male,21,0
2089,NHB,age_5564,Male,22,0
2089,HIS,age_5564,Male,23,0
2089,Other,age_5564,Male,24,0
2089,NHW,age_65+,Female,25,0
2089,NHB,age_65+,Female,26,0
2089,HIS,age_65+,Female,27,0
2089,Other,age_65+,Female,28,0
2089,NHW,age_65+,Male,29,0
2089,NHB,age_65+,Male,30,0
2089,HIS,age_65+,Male,31,0
2089,Other,age_65+,Male,32,0
2090,NHW,age_2044,Female,1,26.699904608
2090,NHB,age_2044,Female,2,22.940336735
2090,HIS,age_2044,Female,3,21.901934764
2090,Other,age_2044,Female,4,19.70631435
2090,NHW,age_2044,Male,5,0
2090,NHB,age_2044,Male,6,0
2090,HIS,age_2044,Male,7,0
2090,Other,age_2044,Male,8,0
2090,NHW,age_4554,Female,9,27.685832692
2090,NHB,age_4554,Female,10,23.613057873
2090,HIS,age_4554,Female,11,22.342572244
2090,Other,age_4554,Female,12,19.525498726
2090,NHW,age_4554,Male,13,0
2090,NHB,age_4554,Male,14,0
2090,HIS,age_4554,Male,15,0
2090,Other,age_4554,Male,16,0
2090,NHW,age_5564,Female,17,27.685831916
2090,NHB,age_5564,Female,18,23.613054927
2090,HIS,age_5564,Female,19,22.34256807
2090,Other,age_5564,Female,20,19.525487637
2090,NHW,age_5564,Male,21,0
2090,NHB,age_5564,Male,22,0
2090,HIS,age_5564,Male,23,0
2090,Other,age_5564,Male,24,0
2090,NHW,age_65+,Female,25,0
2090,NHB,age_65+,Female,26,0
2090,HIS,age_65+,Female,27,0
2090,Other,age_65+,Female,28,0
2090,NHW,age_65+,Male,29,0
2090,NHB,age_65+,Male,30,0
2090,HIS,age_65+,Male,31,0
2090,Other,age_65+,Male,32,0
2091,NHW,age_2044,Female,1,26.699904608
2091,NHB,age_2044,Female,2,22.940336735
2091,HIS,age_2044,Female,3,21.901934764
2091,Other,age_2044,Female,4,19.70631435
2091,NHW,age_2044,Male,5,0
2091,NHB,age_2044,Male,6,0
2091,HIS,age_2044,Male,7,0
2091,Other,age_2044,Male,8,0
2091,NHW,age_4554,Female,9,27.685832692
2091,NHB,age_4554,Female,10,23.613057873
2091,HIS,age_4554,Female,11,22.342572244
2091,Other,age_4554,Female,12,19.525498726
2091,NHW,age_4554,Male,13,0
2091,NHB,age_4554,Male,14,0
2091,HIS,age_4554,Male,15,0
2091,Other,age_4554,Male,16,0
2091,NHW,age_5564,Female,17,27.685831916
2091,NHB,age_5564,Female,18,23.613054927
2091,HIS,age_5564,Female,19,22.34256807
2091,Other,age_5564,Female,20,19.525487637
2091,NHW,age_5564,Male,21,0
2091,NHB,age_5564,Male,22,0
2091,HIS,age_5564,Male,23,0
2091,Other,age_5564,Male,24,0
2091,NHW,age_65+,Female,25,0
2091,NHB,age_65+,Female,26,0
2091,HIS,age_65+,Female,27,0
2091,Other,age_65+,Female,28,0
2091,NHW,age_65+,Male,29,0
2091,NHB,age_65+,Male,30,0
2091,HIS,age_65+,Male,31,0
2091,Other,age_65+,Male,32,0
2092,NHW,age_2044,Female,1,26.699904608
2092,NHB,age_2044,Female,2,22.940336735
2092,HIS,age_2044,Female,3,21.901934764
2092,Other,age_2044,Female,4,19.70631435
2092,NHW,age_2044,Male,5,0
2092,NHB,age_2044,Male,6,0
2092,HIS,age_2044,Male,7,0
2092,Other,age_2044,Male,8,0
2092,NHW,age_4554,Female,9,27.685832692
2092,NHB,age_4554,Female,10,23.613057873
2092,HIS,age_4554,Female,11,22.342572244
2092,Other,age_4554,Female,12,19.525498726
2092,NHW,age_4554,Male,13,0
2092,NHB,age_4554,Male,14,0
2092,HIS,age_4554,Male,15,0
2092,Other,age_4554,Male,16,0
2092,NHW,age_5564,Female,17,27.685831916
2092,NHB,age_5564,Female,18,23.613054927
2092,HIS,age_5564,Female,19,22.34256807
2092,Other,age_5564,Female,20,19.525487637
2092,NHW,age_5564,Male,21,0
2092,NHB,age_5564,Male,22,0
2092,HIS,age_5564,Male,23,0
2092,Other,age_5564,Male,24,0
2092,NHW,age_65+,Female,25,0
2092,NHB,age_65+,Female,26,0
2092,HIS,age_65+,Female,27,0
2092,Other,age_65+,Female,28,0
2092,NHW,age_65+,Male,29,0
2092,NHB,age_65+,Male,30,0
2092,HIS,age_65+,Male,31,0
2092,Other,age_65+,Male,32,0
2093,NHW,age_2044,Female,1,26.699904608
2093,NHB,age_2044,Female,2,22.940336735
2093,HIS,age_2044,Female,3,21.901934764
2093,Other,age_2044,Female,4,19.70631435
2093,NHW,age_2044,Male,5,0
2093,NHB,age_2044,Male,6,0
2093,HIS,age_2044,Male,7,0
2093,Other,age_2044,Male,8,0
2093,NHW,age_4554,Female,9,27.685832692
2093,NHB,age_4554,Female,10,23.613057873
2093,HIS,age_4554,Female,11,22.342572244
2093,Other,age_4554,Female,12,19.525498726
2093,NHW,age_4554,Male,13,0
2093,NHB,age_4554,Male,14,0
2093,HIS,age_4554,Male,15,0
2093,Other,age_4554,Male,16,0
2093,NHW,age_5564,Female,17,27.685831916
2093,NHB,age_5564,Female,18,23.613054927
2093,HIS,age_5564,Female,19,22.34256807
2093,Other,age_5564,Female,20,19.525487637
2093,NHW,age_5564,Male,21,0
2093,NHB,age_5564,Male,22,0
2093,HIS,age_5564,Male,23,0
2093,Other,age_5564,Male,24,0
2093,NHW,age_65+,Female,25,0
2093,NHB,age_65+,Female,26,0
2093,HIS,age_65+,Female,27,0
2093,Other,age_65+,Female,28,0
2093,NHW,age_65+,Male,29,0
2093,NHB,age_65+,Male,30,0
2093,HIS,age_65+,Male,31,0
2093,Other,age_65+,Male,32,0
2094,NHW,age_2044,Female,1,26.699904608
2094,NHB,age_2044,Female,2,22.940336735
2094,HIS,age_2044,Female,3,21.901934764
2094,Other,age_2044,Female,4,19.70631435
2094,NHW,age_2044,Male,5,0
2094,NHB,age_2044,Male,6,0
2094,HIS,age_2044,Male,7,0
2094,Other,age_2044,Male,8,0
2094,NHW,age_4554,Female,9,27.685832692
2094,NHB,age_4554,Female,10,23.613057873
2094,HIS,age_4554,Female,11,22.342572244
2094,Other,age_4554,Female,12,19.525498726
2094,NHW,age_4554,Male,13,0
2094,NHB,age_4554,Male,14,0
2094,HIS,age_4554,Male,15,0
2094,Other,age_4554,Male,16,0
2094,NHW,age_5564,Female,17,27.685831916
2094,NHB,age_5564,Female,18,23.613054927
2094,HIS,age_5564,Female,19,22.34256807
2094,Other,age_5564,Female,20,19.525487637
2094,NHW,age_5564,Male,21,0
2094,NHB,age_5564,Male,22,0
2094,HIS,age_5564,Male,23,0
2094,Other,age_5564,Male,24,0
2094,NHW,age_65+,Female,25,0
2094,NHB,age_65+,Female,26,0
2094,HIS,age_65+,Female,27,0
2094,Other,age_65+,Female,28,0
2094,NHW,age_65+,Male,29,0
2094,NHB,age_65+,Male,30,0
2094,HIS,age_65+,Male,31,0
2094,Other,age_65+,Male,32,0
2095,NHW,age_2044,Female,1,26.699904608
2095,NHB,age_2044,Female,2,22.940336735
2095,HIS,age_2044,Female,3,21.901934764
2095,Other,age_2044,Female,4,19.70631435
2095,NHW,age_2044,Male,5,0
2095,NHB,age_2044,Male,6,0
2095,HIS,age_2044,Male,7,0
2095,Other,age_2044,Male,8,0
2095,NHW,age_4554,Female,9,27.685832692
2095,NHB,age_4554,Female,10,23.613057873
2095,HIS,age_4554,Female,11,22.342572244
2095,Other,age_4554,Female,12,19.525498726
2095,NHW,age_4554,Male,13,0
2095,NHB,age_4554,Male,14,0
2095,HIS,age_4554,Male,15,0
2095,Other,age_4554,Male,16,0
2095,NHW,age_5564,Female,17,27.685831916
2095,NHB,age_5564,Female,18,23.613054927
2095,HIS,age_5564,Female,19,22.34256807
2095,Other,age_5564,Female,20,19.525487637
2095,NHW,age_5564,Male,21,0
2095,NHB,age_5564,Male,22,0
2095,HIS,age_5564,Male,23,0
2095,Other,age_5564,Male,24,0
2095,NHW,age_65+,Female,25,0
2095,NHB,age_65+,Female,26,0
2095,HIS,age_65+,Female,27,0
2095,Other,age_65+,Female,28,0
2095,NHW,age_65+,Male,29,0
2095,NHB,age_65+,Male,30,0
2095,HIS,age_65+,Male,31,0
2095,Other,age_65+,Male,32,0
2096,NHW,age_2044,Female,1,26.699904608
2096,NHB,age_2044,Female,2,22.940336735
2096,HIS,age_2044,Female,3,21.901934764
2096,Other,age_2044,Female,4,19.70631435
2096,NHW,age_2044,Male,5,0
2096,NHB,age_2044,Male,6,0
2096,HIS,age_2044,Male,7,0
2096,Other,age_2044,Male,8,0
2096,NHW,age_4554,Female,9,27.685832692
2096,NHB,age_4554,Female,10,23.613057873
2096,HIS,age_4554,Female,11,22.342572244
2096,Other,age_4554,Female,12,19.525498726
2096,NHW,age_4554,Male,13,0
2096,NHB,age_4554,Male,14,0
2096,HIS,age_4554,Male,15,0
2096,Other,age_4554,Male,16,0
2096,NHW,age_5564,Female,17,27.685831916
2096,NHB,age_5564,Female,18,23.613054927
2096,HIS,age_5564,Female,19,22.34256807
2096,Other,age_5564,Female,20,19.525487637
2096,NHW,age_5564,Male,21,0
2096,NHB,age_5564,Male,22,0
2096,HIS,age_5564,Male,23,0
2096,Other,age_5564,Male,24,0
2096,NHW,age_65+,Female,25,0
2096,NHB,age_65+,Female,26,0
2096,HIS,age_65+,Female,27,0
2096,Other,age_65+,Female,28,0
2096,NHW,age_65+,Male,29,0
2096,NHB,age_65+,Male,30,0
2096,HIS,age_65+,Male,31,0
2096,Other,age_65+,Male,32,0
2097,NHW,age_2044,Female,1,26.699904608
2097,NHB,age_2044,Female,2,22.940336735
2097,HIS,age_2044,Female,3,21.901934764
2097,Other,age_2044,Female,4,19.70631435
2097,NHW,age_2044,Male,5,0
2097,NHB,age_2044,Male,6,0
2097,HIS,age_2044,Male,7,0
2097,Other,age_2044,Male,8,0
2097,NHW,age_4554,Female,9,27.685832692
2097,NHB,age_4554,Female,10,23.613057873
2097,HIS,age_4554,Female,11,22.342572244
2097,Other,age_4554,Female,12,19.525498726
2097,NHW,age_4554,Male,13,0
2097,NHB,age_4554,Male,14,0
2097,HIS,age_4554,Male,15,0
2097,Other,age_4554,Male,16,0
2097,NHW,age_5564,Female,17,27.685831916
2097,NHB,age_5564,Female,18,23.613054927
2097,HIS,age_5564,Female,19,22.34256807
2097,Other,age_5564,Female,20,19.525487637
2097,NHW,age_5564,Male,21,0
2097,NHB,age_5564,Male,22,0
2097,HIS,age_5564,Male,23,0
2097,Other,age_5564,Male,24,0
2097,NHW,age_65+,Female,25,0
2097,NHB,age_65+,Female,26,0
2097,HIS,age_65+,Female,27,0
2097,Other,age_65+,Female,28,0
2097,NHW,age_65+,Male,29,0
2097,NHB,age_65+,Male,30,0
2097,HIS,age_65+,Male,31,0
2097,Other,age_65+,Male,32,0
