year,race_gp,age_gp,sex,subgroup_id,crude_rate
2017,NHW,age_2044,Female,1,0
2017,NHB,age_2044,Female,2,0
2017,HIS,age_2044,Female,3,0
2017,Other,age_2044,Female,4,0
2017,NHW,age_2044,Male,5,0.2949999441
2017,NHB,age_2044,Male,6,0.737999839
2017,HIS,age_2044,Male,7,0.1989999556
2017,Other,age_2044,Male,8,0.133999439
2017,NHW,age_4554,Female,9,0
2017,NHB,age_4554,Female,10,0
2017,HIS,age_4554,Female,11,0
2017,Other,age_4554,Female,12,0
2017,NHW,age_4554,Male,13,13.447999955
2017,NHB,age_4554,Male,14,28.256000114
2017,HIS,age_4554,Male,15,9.0350004163
2017,Other,age_4554,Male,16,6.8549989112
2017,NHW,age_5564,Female,17,0
2017,NHB,age_5564,Female,18,0
2017,HIS,age_5564,Female,19,0
2017,Other,age_5564,Female,20,0
2017,NHW,age_5564,Male,21,62.21499994
2017,NHB,age_5564,Male,22,110.93100039
2017,HIS,age_5564,Male,23,49.067000323
2017,Other,age_5564,Male,24,36.679999295
2017,NHW,age_65+,Female,25,0
2017,NHB,age_65+,Female,26,0
2017,HIS,age_65+,Female,27,0
2017,Other,age_65+,Female,28,0
2017,NHW,age_65+,Male,29,103.16299982
2017,NHB,age_65+,Male,30,147.96200105
2017,HIS,age_65+,Male,31,95.787999417
2017,Other,age_65+,Male,32,79.397000219
2018,NHW,age_2044,Female,1,0
2018,NHB,age_2044,Female,2,0
2018,HIS,age_2044,Female,3,0
2018,Other,age_2044,Female,4,0
2018,NHW,age_2044,Male,5,0.7662826947
2018,NHB,age_2044,Male,6,1.6029995838
2018,HIS,age_2044,Male,7,0.4783354527
2018,Other,age_2044,Male,8,0.3813491676
2018,NHW,age_4554,Female,9,0
2018,NHB,age_4554,Female,10,0
2018,HIS,age_4554,Female,11,0
2018,Other,age_4554,Female,12,0
2018,NHW,age_4554,Male,13,18.538402494
2018,NHB,age_4554,Male,14,36.507813258
2018,HIS,age_4554,Male,15,12.182511902
2018,Other,age_4554,Male,16,9.7083491016
2018,NHW,age_5564,Female,17,0
2018,NHB,age_5564,Female,18,0
2018,HIS,age_5564,Female,19,0
2018,Other,age_5564,Female,20,0
2018,NHW,age_5564,Male,21,65.457637866
2018,NHB,age_5564,Male,22,113.11822021
2018,HIS,age_5564,Male,23,51.130008632
2018,Other,age_5564,Male,24,40.097462498
2018,NHW,age_65+,Female,25,0
2018,NHB,age_65+,Female,26,0
2018,HIS,age_65+,Female,27,0
2018,Other,age_65+,Female,28,0
2018,NHW,age_65+,Male,29,105.00008314
2018,NHB,age_65+,Male,30,144.72385284
2018,HIS,age_65+,Male,31,93.721222166
2018,Other,age_65+,Male,32,79.496194138
2019,NHW,age_2044,Female,1,0
2019,NHB,age_2044,Female,2,0
2019,HIS,age_2044,Female,3,0
2019,Other,age_2044,Female,4,0
2019,NHW,age_2044,Male,5,1.2228664688
2019,NHB,age_2044,Male,6,2.4504184674
2019,HIS,age_2044,Male,7,0.7595345179
2019,Other,age_2044,Male,8,0.6235205837
2019,NHW,age_4554,Female,9,0
2019,NHB,age_4554,Female,10,0
2019,HIS,age_4554,Female,11,0
2019,Other,age_4554,Female,12,0
2019,NHW,age_4554,Male,13,23.61746946
2019,NHB,age_4554,Male,14,44.83170388
2019,HIS,age_4554,Male,15,15.496216139
2019,Other,age_4554,Male,16,12.514433526
2019,NHW,age_5564,Female,17,0
2019,NHB,age_5564,Female,18,0
2019,HIS,age_5564,Female,19,0
2019,Other,age_5564,Female,20,0
2019,NHW,age_5564,Male,21,69.396558304
2019,NHB,age_5564,Male,22,115.52982245
2019,HIS,age_5564,Male,23,54.057874846
2019,Other,age_5564,Male,24,43.805483158
2019,NHW,age_65+,Female,25,0
2019,NHB,age_65+,Female,26,0
2019,HIS,age_65+,Female,27,0
2019,Other,age_65+,Female,28,0
2019,NHW,age_65+,Male,29,105.93085623
2019,NHB,age_65+,Male,30,143.13145153
2019,HIS,age_65+,Male,31,92.70461738
2019,Other,age_65+,Male,32,79.54583019
2020,NHW,age_2044,Female,1,0
2020,NHB,age_2044,Female,2,0
2020,HIS,age_2044,Female,3,0
2020,Other,age_2044,Female,4,0
2020,NHW,age_2044,Male,5,1.6860444673
2020,NHB,age_2044,Male,6,3.327684822
2020,HIS,age_2044,Male,7,1.046101291
2020,Other,age_2044,Male,8,0.8673262857
2020,NHW,age_4554,Female,9,0
2020,NHB,age_4554,Female,10,0
2020,HIS,age_4554,Female,11,0
2020,Other,age_4554,Female,12,0
2020,NHW,age_4554,Male,13,28.466734856
2020,NHB,age_4554,Male,14,53.193195005
2020,HIS,age_4554,Male,15,18.892543201
2020,Other,age_4554,Male,16,15.30090793
2020,NHW,age_5564,Female,17,0
2020,NHB,age_5564,Female,18,0
2020,HIS,age_5564,Female,19,0
2020,Other,age_5564,Female,20,0
2020,NHW,age_5564,Male,21,73.720193323
2020,NHB,age_5564,Male,22,117.93880161
2020,HIS,age_5564,Male,23,57.298094535
2020,Other,age_5564,Male,24,47.791710429
2020,NHW,age_65+,Female,25,0
2020,NHB,age_65+,Female,26,0
2020,HIS,age_65+,Female,27,0
2020,Other,age_65+,Female,28,0
2020,NHW,age_65+,Male,29,106.86988045
2020,NHB,age_65+,Male,30,141.55657257
2020,HIS,age_65+,Male,31,91.699037238
2020,Other,age_65+,Male,32,79.595502731
2021,NHW,age_2044,Female,1,0
2021,NHB,age_2044,Female,2,0
2021,HIS,age_2044,Female,3,0
2021,Other,age_2044,Female,4,0
2021,NHW,age_2044,Male,5,2.1221355975
2021,NHB,age_2044,Male,6,4.1736819586
2021,HIS,age_2044,Male,7,1.3198113521
2021,Other,age_2044,Male,8,1.1002586643
2021,NHW,age_4554,Female,9,0
2021,NHB,age_4554,Female,10,0
2021,HIS,age_4554,Female,11,0
2021,Other,age_4554,Female,12,0
2021,NHW,age_4554,Male,13,32.913995035
2021,NHB,age_4554,Male,14,61.087424043
2021,HIS,age_4554,Male,15,22.178865952
2021,Other,age_4554,Male,16,18.003144927
2021,NHW,age_5564,Female,17,0
2021,NHB,age_5564,Female,18,0
2021,HIS,age_5564,Female,19,0
2021,Other,age_5564,Female,20,0
2021,NHW,age_5564,Male,21,78.313541443
2021,NHB,age_5564,Male,22,120.20058778
2021,HIS,age_5564,Male,23,60.625216213
2021,Other,age_5564,Male,24,51.857532459
2021,NHW,age_65+,Female,25,0
2021,NHB,age_65+,Female,26,0
2021,HIS,age_65+,Female,27,0
2021,Other,age_65+,Female,28,0
2021,NHW,age_65+,Male,29,107.81722816
2021,NHB,age_65+,Male,30,139.99902295
2021,HIS,age_65+,Male,31,90.704366469
2021,Other,age_65+,Male,32,79.645210835
2022,NHW,age_2044,Female,1,0
2022,NHB,age_2044,Female,2,0
2022,HIS,age_2044,Female,3,0
2022,Other,age_2044,Female,4,0
2022,NHW,age_2044,Male,5,2.5670122841
2022,NHB,age_2044,Male,6,5.0487234543
2022,HIS,age_2044,Male,7,1.5904587327
2022,Other,age_2044,Male,8,1.330648202
2022,NHW,age_4554,Female,9,0
2022,NHB,age_4554,Female,10,0
2022,HIS,age_4554,Female,11,0
2022,Other,age_4554,Female,12,0
2022,NHW,age_4554,Male,13,37.221208441
2022,NHB,age_4554,Male,14,68.652092135
2022,HIS,age_4554,Male,15,25.4101529
2022,Other,age_4554,Male,16,20.648097058
2022,NHW,age_5564,Female,17,0
2022,NHB,age_5564,Female,18,0
2022,HIS,age_5564,Female,19,0
2022,Other,age_5564,Female,20,0
2022,NHW,age_5564,Male,21,83.354876659
2022,NHB,age_5564,Male,22,122.37822813
2022,HIS,age_5564,Male,23,64.123913276
2022,Other,age_5564,Male,24,56.063026036
2022,NHW,age_65+,Female,25,0
2022,NHB,age_65+,Female,26,0
2022,HIS,age_65+,Female,27,0
2022,Other,age_65+,Female,28,0
2022,NHW,age_65+,Male,29,108.77297356
2022,NHB,age_65+,Male,30,138.45861155
2022,HIS,age_65+,Male,31,89.720482613
2022,Other,age_65+,Male,32,79.694945436
2023,NHW,age_2044,Female,1,0
2023,NHB,age_2044,Female,2,0
2023,HIS,age_2044,Female,3,0
2023,Other,age_2044,Female,4,0
2023,NHW,age_2044,Male,5,3.0101296027
2023,NHB,age_2044,Male,6,5.9357905996
2023,HIS,age_2044,Male,7,1.8576122328
2023,Other,age_2044,Male,8,1.561557229
2023,NHW,age_4554,Female,9,0
2023,NHB,age_4554,Female,10,0
2023,HIS,age_4554,Female,11,0
2023,Other,age_4554,Female,12,0
2023,NHW,age_4554,Male,13,41.423372857
2023,NHB,age_4554,Male,14,76.257609297
2023,HIS,age_4554,Male,15,28.712535763
2023,Other,age_4554,Male,16,23.449178066
2023,NHW,age_5564,Female,17,0
2023,NHB,age_5564,Female,18,0
2023,HIS,age_5564,Female,19,0
2023,Other,age_5564,Female,20,0
2023,NHW,age_5564,Male,21,88.729325302
2023,NHB,age_5564,Male,22,124.3934176
2023,HIS,age_5564,Male,23,67.755979012
2023,Other,age_5564,Male,24,60.489695502
2023,NHW,age_65+,Female,25,0
2023,NHB,age_65+,Female,26,0
2023,HIS,age_65+,Female,27,0
2023,Other,age_65+,Female,28,0
2023,NHW,age_65+,Male,29,109.73719163
2023,NHB,age_65+,Male,30,136.93514946
2023,HIS,age_65+,Male,31,88.747276851
2023,Other,age_65+,Male,32,79.744711021
2024,NHW,age_2044,Female,1,0
2024,NHB,age_2044,Female,2,0
2024,HIS,age_2044,Female,3,0
2024,Other,age_2044,Female,4,0
2024,NHW,age_2044,Male,5,3.4557584342
2024,NHB,age_2044,Male,6,6.8542949917
2024,HIS,age_2044,Male,7,2.1193393578
2024,Other,age_2044,Male,8,1.800481678
2024,NHW,age_4554,Female,9,0
2024,NHB,age_4554,Female,10,0
2024,HIS,age_4554,Female,11,0
2024,Other,age_4554,Female,12,0
2024,NHW,age_4554,Male,13,45.701916143
2024,NHB,age_4554,Male,14,83.84107963
2024,HIS,age_4554,Male,15,32.02657434
2024,Other,age_4554,Male,16,26.372226533
2024,NHW,age_5564,Female,17,0
2024,NHB,age_5564,Female,18,0
2024,HIS,age_5564,Female,19,0
2024,Other,age_5564,Female,20,0
2024,NHW,age_5564,Male,21,94.394232021
2024,NHB,age_5564,Male,22,126.28546605
2024,HIS,age_5564,Male,23,71.64953707
2024,Other,age_5564,Male,24,65.00554839
2024,NHW,age_65+,Female,25,0
2024,NHB,age_65+,Female,26,0
2024,HIS,age_65+,Female,27,0
2024,Other,age_65+,Female,28,0
2024,NHW,age_65+,Male,29,110.70995707
2024,NHB,age_65+,Male,30,135.42844841
2024,HIS,age_65+,Male,31,87.784623155
2024,Other,age_65+,Male,32,79.794511396
2025,NHW,age_2044,Female,1,0
2025,NHB,age_2044,Female,2,0
2025,HIS,age_2044,Female,3,0
2025,Other,age_2044,Female,4,0
2025,NHW,age_2044,Male,5,3.9231454223
2025,NHB,age_2044,Male,6,7.846446877
2025,HIS,age_2044,Male,7,2.4005738311
2025,Other,age_2044,Male,8,2.0529360295
2025,NHW,age_4554,Female,9,0
2025,NHB,age_4554,Female,10,0
2025,HIS,age_4554,Female,11,0
2025,Other,age_4554,Female,12,0
2025,NHW,age_4554,Male,13,50.175656304
2025,NHB,age_4554,Male,14,92.071837943
2025,HIS,age_4554,Male,15,35.522647211
2025,Other,age_4554,Male,16,29.438884264
2025,NHW,age_5564,Female,17,0
2025,NHB,age_5564,Female,18,0
2025,HIS,age_5564,Female,19,0
2025,Other,age_5564,Female,20,0
2025,NHW,age_5564,Male,21,100.51960327
2025,NHB,age_5564,Male,22,128.11578152
2025,HIS,age_5564,Male,23,76.016066688
2025,Other,age_5564,Male,24,69.952461541
2025,NHW,age_65+,Female,25,0
2025,NHB,age_65+,Female,26,0
2025,HIS,age_65+,Female,27,0
2025,Other,age_65+,Female,28,0
2025,NHW,age_65+,Male,29,111.69134527
2025,NHB,age_65+,Male,30,133.93832155
2025,HIS,age_65+,Male,31,86.832411373
2025,Other,age_65+,Male,32,79.844336667
2026,NHW,age_2044,Female,1,0
2026,NHB,age_2044,Female,2,0
2026,HIS,age_2044,Female,3,0
2026,Other,age_2044,Female,4,0
2026,NHW,age_2044,Male,5,4.3762282287
2026,NHB,age_2044,Male,6,8.7943328623
2026,HIS,age_2044,Male,7,2.6655433015
2026,Other,age_2044,Male,8,2.3031605267
2026,NHW,age_4554,Female,9,0
2026,NHB,age_4554,Female,10,0
2026,HIS,age_4554,Female,11,0
2026,Other,age_4554,Female,12,0
2026,NHW,age_4554,Male,13,54.532635079
2026,NHB,age_4554,Male,14,100.26198474
2026,HIS,age_4554,Male,15,38.921058223
2026,Other,age_4554,Male,16,32.482828636
2026,NHW,age_5564,Female,17,0
2026,NHB,age_5564,Female,18,0
2026,HIS,age_5564,Female,19,0
2026,Other,age_5564,Female,20,0
2026,NHW,age_5564,Male,21,106.9748235
2026,NHB,age_5564,Male,22,129.66150013
2026,HIS,age_5564,Male,23,80.357962563
2026,Other,age_5564,Male,24,74.810537374
2026,NHW,age_65+,Female,25,0
2026,NHB,age_65+,Female,26,0
2026,HIS,age_65+,Female,27,0
2026,Other,age_65+,Female,28,0
2026,NHW,age_65+,Male,29,112.68143321
2026,NHB,age_65+,Male,30,132.46459954
2026,HIS,age_65+,Male,31,85.890529532
2026,Other,age_65+,Male,32,79.894196339
2027,NHW,age_2044,Female,1,0
2027,NHB,age_2044,Female,2,0
2027,HIS,age_2044,Female,3,0
2027,Other,age_2044,Female,4,0
2027,NHW,age_2044,Male,5,4.8263307302
2027,NHB,age_2044,Male,6,9.7531219726
2027,HIS,age_2044,Male,7,2.93046899
2027,Other,age_2044,Male,8,2.5680438981
2027,NHW,age_4554,Female,9,0
2027,NHB,age_4554,Female,10,0
2027,HIS,age_4554,Female,11,0
2027,Other,age_4554,Female,12,0
2027,NHW,age_4554,Male,13,58.504022035
2027,NHB,age_4554,Male,14,108.1998789
2027,HIS,age_4554,Male,15,42.282725385
2027,Other,age_4554,Male,16,35.568166183
2027,NHW,age_5564,Female,17,0
2027,NHB,age_5564,Female,18,0
2027,HIS,age_5564,Female,19,0
2027,Other,age_5564,Female,20,0
2027,NHW,age_5564,Male,21,113.68029784
2027,NHB,age_5564,Male,22,131.00708569
2027,HIS,age_5564,Male,23,84.958863439
2027,Other,age_5564,Male,24,79.94408798
2027,NHW,age_65+,Female,25,0
2027,NHB,age_65+,Female,26,0
2027,HIS,age_65+,Female,27,0
2027,Other,age_65+,Female,28,0
2027,NHW,age_65+,Male,29,113.68029783
2027,NHB,age_65+,Male,30,131.00708295
2027,HIS,age_65+,Male,31,84.958862129
2027,Other,age_65+,Male,32,79.944086734
2028,NHW,age_2044,Female,1,0
2028,NHB,age_2044,Female,2,0
2028,HIS,age_2044,Female,3,0
2028,Other,age_2044,Female,4,0
2028,NHW,age_2044,Male,5,6.9102260685
2028,NHB,age_2044,Male,6,13.198004829
2028,HIS,age_2044,Male,7,4.2301088345
2028,Other,age_2044,Male,8,3.7606445671
2028,NHW,age_4554,Female,9,0
2028,NHB,age_4554,Female,10,0
2028,HIS,age_4554,Female,11,0
2028,Other,age_4554,Female,12,0
2028,NHW,age_4554,Male,13,64.213289623
2028,NHB,age_4554,Male,14,110.04928853
2028,HIS,age_4554,Male,15,45.288395407
2028,Other,age_4554,Male,16,39.612861994
2028,NHW,age_5564,Female,17,0
2028,NHB,age_5564,Female,18,0
2028,HIS,age_5564,Female,19,0
2028,Other,age_5564,Female,20,0
2028,NHW,age_5564,Male,21,114.68801658
2028,NHB,age_5564,Male,22,129.56561033
2028,HIS,age_5564,Male,23,84.037304462
2028,Other,age_5564,Male,24,79.994009101
2028,NHW,age_65+,Female,25,0
2028,NHB,age_65+,Female,26,0
2028,HIS,age_65+,Female,27,0
2028,Other,age_65+,Female,28,0
2028,NHW,age_65+,Male,29,114.6880167
2028,NHB,age_65+,Male,30,129.56561
2028,HIS,age_65+,Male,31,84.037305971
2028,Other,age_65+,Male,32,79.994007709
2029,NHW,age_2044,Female,1,0
2029,NHB,age_2044,Female,2,0
2029,HIS,age_2044,Female,3,0
2029,Other,age_2044,Female,4,0
2029,NHW,age_2044,Male,5,8.927404582
2029,NHB,age_2044,Male,6,16.542010731
2029,HIS,age_2044,Male,7,5.5053632079
2029,Other,age_2044,Male,8,4.9469447922
2029,NHW,age_4554,Female,9,0
2029,NHB,age_4554,Female,10,0
2029,HIS,age_4554,Female,11,0
2029,Other,age_4554,Female,12,0
2029,NHW,age_4554,Male,13,70.170751135
2029,NHB,age_4554,Male,14,111.7064219
2029,HIS,age_4554,Male,15,48.423720857
2029,Other,age_4554,Male,16,43.681274754
2029,NHW,age_5564,Female,17,0
2029,NHB,age_5564,Female,18,0
2029,HIS,age_5564,Female,19,0
2029,Other,age_5564,Female,20,0
2029,NHW,age_5564,Male,21,115.70466853
2029,NHB,age_5564,Male,22,128.13999743
2029,HIS,age_5564,Male,23,83.125740385
2029,Other,age_5564,Male,24,80.043962024
2029,NHW,age_65+,Female,25,0
2029,NHB,age_65+,Female,26,0
2029,HIS,age_65+,Female,27,0
2029,Other,age_65+,Female,28,0
2029,NHW,age_65+,Male,29,115.70466868
2029,NHB,age_65+,Male,30,128.1399968
2029,HIS,age_65+,Male,31,83.125740759
2029,Other,age_65+,Male,32,80.043962118
2030,NHW,age_2044,Female,1,0
2030,NHB,age_2044,Female,2,0
2030,HIS,age_2044,Female,3,0
2030,Other,age_2044,Female,4,0
2030,NHW,age_2044,Male,5,10.987261362
2030,NHB,age_2044,Male,6,20.018836423
2030,HIS,age_2044,Male,7,6.8052974872
2030,Other,age_2044,Male,8,6.1532774335
2030,NHW,age_4554,Female,9,0
2030,NHB,age_4554,Female,10,0
2030,HIS,age_4554,Female,11,0
2030,Other,age_4554,Female,12,0
2030,NHW,age_4554,Male,13,76.22839823
2030,NHB,age_4554,Male,14,113.16875527
2030,HIS,age_4554,Male,15,51.697250008
2030,Other,age_4554,Male,16,47.787062279
2030,NHW,age_5564,Female,17,0
2030,NHB,age_5564,Female,18,0
2030,HIS,age_5564,Female,19,0
2030,Other,age_5564,Female,20,0
2030,NHW,age_5564,Male,21,116.73033239
2030,NHB,age_5564,Male,22,126.73006889
2030,HIS,age_5564,Male,23,82.224065546
2030,Other,age_5564,Male,24,80.09394754
2030,NHW,age_65+,Female,25,0
2030,NHB,age_65+,Female,26,0
2030,HIS,age_65+,Female,27,0
2030,Other,age_65+,Female,28,0
2030,NHW,age_65+,Male,29,116.73033241
2030,NHB,age_65+,Male,30,126.73006877
2030,HIS,age_65+,Male,31,82.224066084
2030,Other,age_65+,Male,32,80.093945817
2031,NHW,age_2044,Female,1,0
2031,NHB,age_2044,Female,2,0
2031,HIS,age_2044,Female,3,0
2031,Other,age_2044,Female,4,0
2031,NHW,age_2044,Male,5,12.95409929
2031,NHB,age_2044,Male,6,23.417346219
2031,HIS,age_2044,Male,7,8.0579412736
2031,Other,age_2044,Male,8,7.3309502436
2031,NHW,age_4554,Female,9,0
2031,NHB,age_4554,Female,10,0
2031,HIS,age_4554,Female,11,0
2031,Other,age_4554,Female,12,0
2031,NHW,age_4554,Male,13,82.155487834
2031,NHB,age_4554,Male,14,114.32687723
2031,HIS,age_4554,Male,15,54.906213643
2031,Other,age_4554,Male,16,51.842140048
2031,NHW,age_5564,Female,17,0
2031,NHB,age_5564,Female,18,0
2031,HIS,age_5564,Female,19,0
2031,Other,age_5564,Female,20,0
2031,NHW,age_5564,Male,21,117.76508827
2031,NHB,age_5564,Male,22,125.33565562
2031,HIS,age_5564,Male,23,81.332171027
2031,Other,age_5564,Male,24,80.143961595
2031,NHW,age_65+,Female,25,0
2031,NHB,age_65+,Female,26,0
2031,HIS,age_65+,Female,27,0
2031,Other,age_65+,Female,28,0
2031,NHW,age_65+,Male,29,117.76508843
2031,NHB,age_65+,Male,30,125.33565551
2031,HIS,age_65+,Male,31,81.33217034
2031,Other,age_65+,Male,32,80.143965187
2032,NHW,age_2044,Female,1,0
2032,NHB,age_2044,Female,2,0
2032,HIS,age_2044,Female,3,0
2032,Other,age_2044,Female,4,0
2032,NHW,age_2044,Male,5,14.952415302
2032,NHB,age_2044,Male,6,26.92227255
2032,HIS,age_2044,Male,7,9.2970230043
2032,Other,age_2044,Male,8,8.5079057216
2032,NHW,age_4554,Female,9,0
2032,NHB,age_4554,Female,10,0
2032,HIS,age_4554,Female,11,0
2032,Other,age_4554,Female,12,0
2032,NHW,age_4554,Male,13,88.258169408
2032,NHB,age_4554,Male,14,115.22729361
2032,HIS,age_4554,Male,15,58.112329736
2032,Other,age_4554,Male,16,55.894682683
2032,NHW,age_5564,Female,17,0
2032,NHB,age_5564,Female,18,0
2032,HIS,age_5564,Female,19,0
2032,Other,age_5564,Female,20,0
2032,NHW,age_5564,Male,21,118.80901669
2032,NHB,age_5564,Male,22,123.95658354
2032,HIS,age_5564,Male,23,80.449949954
2032,Other,age_5564,Male,24,80.194008911
2032,NHW,age_65+,Female,25,0
2032,NHB,age_65+,Female,26,0
2032,HIS,age_65+,Female,27,0
2032,Other,age_65+,Female,28,0
2032,NHW,age_65+,Male,29,118.80901662
2032,NHB,age_65+,Male,30,123.95658665
2032,HIS,age_65+,Male,31,80.449952373
2032,Other,age_65+,Male,32,80.194005669
2033,NHW,age_2044,Female,1,0
2033,NHB,age_2044,Female,2,0
2033,HIS,age_2044,Female,3,0
2033,Other,age_2044,Female,4,0
2033,NHW,age_2044,Male,5,17.058511092
2033,NHB,age_2044,Male,6,30.571848554
2033,HIS,age_2044,Male,7,10.662981692
2033,Other,age_2044,Male,8,9.7083111593
2033,NHW,age_4554,Female,9,0
2033,NHB,age_4554,Female,10,0
2033,HIS,age_4554,Female,11,0
2033,Other,age_4554,Female,12,0
2033,NHW,age_4554,Male,13,94.074178301
2033,NHB,age_4554,Male,14,116.8487022
2033,HIS,age_4554,Male,15,62.181520869
2033,Other,age_4554,Male,16,60.28480364
2033,NHW,age_5564,Female,17,0
2033,NHB,age_5564,Female,18,0
2033,HIS,age_5564,Female,19,0
2033,Other,age_5564,Female,20,0
2033,NHW,age_5564,Male,21,118.80901685
2033,NHB,age_5564,Male,22,123.95658267
2033,HIS,age_5564,Male,23,80.449950659
2033,Other,age_5564,Male,24,80.194007886
2033,NHW,age_65+,Female,25,0
2033,NHB,age_65+,Female,26,0
2033,HIS,age_65+,Female,27,0
2033,Other,age_65+,Female,28,0
2033,NHW,age_65+,Male,29,118.80901702
2033,NHB,age_65+,Male,30,123.95658023
2033,HIS,age_65+,Male,31,80.449949588
2033,Other,age_65+,Male,32,80.19400745
2034,NHW,age_2044,Female,1,0
2034,NHB,age_2044,Female,2,0
2034,HIS,age_2044,Female,3,0
2034,Other,age_2044,Female,4,0
2034,NHW,age_2044,Male,5,19.212391803
2034,NHB,age_2044,Male,6,34.409246293
2034,HIS,age_2044,Male,7,12.04639617
2034,Other,age_2044,Male,8,10.956669927
2034,NHW,age_4554,Female,9,0
2034,NHB,age_4554,Female,10,0
2034,HIS,age_4554,Female,11,0
2034,Other,age_4554,Female,12,0
2034,NHW,age_4554,Male,13,100.09187913
2034,NHB,age_4554,Male,14,118.49191027
2034,HIS,age_4554,Male,15,66.40361449
2034,Other,age_4554,Male,16,64.938126495
2034,NHW,age_5564,Female,17,0
2034,NHB,age_5564,Female,18,0
2034,HIS,age_5564,Female,19,0
2034,Other,age_5564,Female,20,0
2034,NHW,age_5564,Male,21,118.80901677
2034,NHB,age_5564,Male,22,123.95658527
2034,HIS,age_5564,Male,23,80.449950324
2034,Other,age_5564,Male,24,80.19400922
2034,NHW,age_65+,Female,25,0
2034,NHB,age_65+,Female,26,0
2034,HIS,age_65+,Female,27,0
2034,Other,age_65+,Female,28,0
2034,NHW,age_65+,Male,29,118.8090169
2034,NHB,age_65+,Male,30,123.95658528
2034,HIS,age_65+,Male,31,80.449951445
2034,Other,age_65+,Male,32,80.194004158
2035,NHW,age_2044,Female,1,0
2035,NHB,age_2044,Female,2,0
2035,HIS,age_2044,Female,3,0
2035,Other,age_2044,Female,4,0
2035,NHW,age_2044,Male,5,21.49018577
2035,NHB,age_2044,Male,6,38.563742357
2035,HIS,age_2044,Male,7,13.548939304
2035,Other,age_2044,Male,8,12.266062239
2035,NHW,age_4554,Female,9,0
2035,NHB,age_4554,Female,10,0
2035,HIS,age_4554,Female,11,0
2035,Other,age_4554,Female,12,0
2035,NHW,age_4554,Male,13,106.48455209
2035,NHB,age_4554,Male,14,120.30220659
2035,HIS,age_4554,Male,15,70.990999358
2035,Other,age_4554,Male,16,69.906785488
2035,NHW,age_5564,Female,17,0
2035,NHB,age_5564,Female,18,0
2035,HIS,age_5564,Female,19,0
2035,Other,age_5564,Female,20,0
2035,NHW,age_5564,Male,21,118.80901685
2035,NHB,age_5564,Male,22,123.9565844
2035,HIS,age_5564,Male,23,80.449950323
2035,Other,age_5564,Male,24,80.194006421
2035,NHW,age_65+,Female,25,0
2035,NHB,age_65+,Female,26,0
2035,HIS,age_65+,Female,27,0
2035,Other,age_65+,Female,28,0
2035,NHW,age_65+,Male,29,118.80901722
2035,NHB,age_65+,Male,30,123.95658215
2035,HIS,age_65+,Male,31,80.449951562
2035,Other,age_65+,Male,32,80.194001564
2036,NHW,age_2044,Female,1,0
2036,NHB,age_2044,Female,2,0
2036,HIS,age_2044,Female,3,0
2036,Other,age_2044,Female,4,0
2036,NHW,age_2044,Male,5,23.747169038
2036,NHB,age_2044,Male,6,42.650977332
2036,HIS,age_2044,Male,7,15.030449983
2036,Other,age_2044,Male,8,13.575070993
2036,NHW,age_4554,Female,9,0
2036,NHB,age_4554,Female,10,0
2036,HIS,age_4554,Female,11,0
2036,Other,age_4554,Female,12,0
2036,NHW,age_4554,Male,13,112.84537639
2036,NHB,age_4554,Male,14,122.1381166
2036,HIS,age_4554,Male,15,75.645329518
2036,Other,age_4554,Male,16,74.95455235
2036,NHW,age_5564,Female,17,0
2036,NHB,age_5564,Female,18,0
2036,HIS,age_5564,Female,19,0
2036,Other,age_5564,Female,20,0
2036,NHW,age_5564,Male,21,118.80901683
2036,NHB,age_5564,Male,22,123.95658454
2036,HIS,age_5564,Male,23,80.449951058
2036,Other,age_5564,Male,24,80.194009817
2036,NHW,age_65+,Female,25,0
2036,NHB,age_65+,Female,26,0
2036,HIS,age_65+,Female,27,0
2036,Other,age_65+,Female,28,0
2036,NHW,age_65+,Male,29,118.80901689
2036,NHB,age_65+,Male,30,123.95657821
2036,HIS,age_65+,Male,31,80.449947502
2036,Other,age_65+,Male,32,80.194003217
2037,NHW,age_2044,Female,1,0
2037,NHB,age_2044,Female,2,0
2037,HIS,age_2044,Female,3,0
2037,Other,age_2044,Female,4,0
2037,NHW,age_2044,Male,5,26.014444092
2037,NHB,age_2044,Male,6,46.792166596
2037,HIS,age_2044,Male,7,16.548674945
2037,Other,age_2044,Male,8,14.933226114
2037,NHW,age_4554,Female,9,0
2037,NHB,age_4554,Female,10,0
2037,HIS,age_4554,Female,11,0
2037,Other,age_4554,Female,12,0
2037,NHW,age_4554,Male,13,118.80901686
2037,NHB,age_4554,Male,14,123.9565831
2037,HIS,age_4554,Male,15,80.449950326
2037,Other,age_4554,Male,16,80.194007539
2037,NHW,age_5564,Female,17,0
2037,NHB,age_5564,Female,18,0
2037,HIS,age_5564,Female,19,0
2037,Other,age_5564,Female,20,0
2037,NHW,age_5564,Male,21,118.80901675
2037,NHB,age_5564,Male,22,123.95658338
2037,HIS,age_5564,Male,23,80.449951212
2037,Other,age_5564,Male,24,80.194009099
2037,NHW,age_65+,Female,25,0
2037,NHB,age_65+,Female,26,0
2037,HIS,age_65+,Female,27,0
2037,Other,age_65+,Female,28,0
2037,NHW,age_65+,Male,29,118.80901668
2037,NHB,age_65+,Male,30,123.95658988
2037,HIS,age_65+,Male,31,80.449954677
2037,Other,age_65+,Male,32,80.193994644
2038,NHW,age_2044,Female,1,0
2038,NHB,age_2044,Female,2,0
2038,HIS,age_2044,Female,3,0
2038,Other,age_2044,Female,4,0
2038,NHW,age_2044,Male,5,30.391918973
2038,NHB,age_2044,Male,6,51.451856533
2038,HIS,age_2044,Male,7,19.275542652
2038,Other,age_2044,Male,8,17.707145447
2038,NHW,age_4554,Female,9,0
2038,NHB,age_4554,Female,10,0
2038,HIS,age_4554,Female,11,0
2038,Other,age_4554,Female,12,0
2038,NHW,age_4554,Male,13,118.80901674
2038,NHB,age_4554,Male,14,123.9565829
2038,HIS,age_4554,Male,15,80.44995078
2038,Other,age_4554,Male,16,80.194007725
2038,NHW,age_5564,Female,17,0
2038,NHB,age_5564,Female,18,0
2038,HIS,age_5564,Female,19,0
2038,Other,age_5564,Female,20,0
2038,NHW,age_5564,Male,21,118.80901697
2038,NHB,age_5564,Male,22,123.95658261
2038,HIS,age_5564,Male,23,80.449949988
2038,Other,age_5564,Male,24,80.194008183
2038,NHW,age_65+,Female,25,0
2038,NHB,age_65+,Female,26,0
2038,HIS,age_65+,Female,27,0
2038,Other,age_65+,Female,28,0
2038,NHW,age_65+,Male,29,118.80901693
2038,NHB,age_65+,Male,30,123.95658334
2038,HIS,age_65+,Male,31,80.449949083
2038,Other,age_65+,Male,32,80.194011464
2039,NHW,age_2044,Female,1,0
2039,NHB,age_2044,Female,2,0
2039,HIS,age_2044,Female,3,0
2039,Other,age_2044,Female,4,0
2039,NHW,age_2044,Male,5,34.700818454
2039,NHB,age_2044,Male,6,56.070172759
2039,HIS,age_2044,Male,7,22.024355821
2039,Other,age_2044,Male,8,20.504204743
2039,NHW,age_4554,Female,9,0
2039,NHB,age_4554,Female,10,0
2039,HIS,age_4554,Female,11,0
2039,Other,age_4554,Female,12,0
2039,NHW,age_4554,Male,13,118.80901689
2039,NHB,age_4554,Male,14,123.9565838
2039,HIS,age_4554,Male,15,80.449950738
2039,Other,age_4554,Male,16,80.194008193
2039,NHW,age_5564,Female,17,0
2039,NHB,age_5564,Female,18,0
2039,HIS,age_5564,Female,19,0
2039,Other,age_5564,Female,20,0
2039,NHW,age_5564,Male,21,118.80901682
2039,NHB,age_5564,Male,22,123.9565843
2039,HIS,age_5564,Male,23,80.449950145
2039,Other,age_5564,Male,24,80.194009514
2039,NHW,age_65+,Female,25,0
2039,NHB,age_65+,Female,26,0
2039,HIS,age_65+,Female,27,0
2039,Other,age_65+,Female,28,0
2039,NHW,age_65+,Male,29,118.80901653
2039,NHB,age_65+,Male,30,123.95658309
2039,HIS,age_65+,Male,31,80.449952878
2039,Other,age_65+,Male,32,80.19401592
2040,NHW,age_2044,Female,1,0
2040,NHB,age_2044,Female,2,0
2040,HIS,age_2044,Female,3,0
2040,Other,age_2044,Female,4,0
2040,NHW,age_2044,Male,5,39.142043955
2040,NHB,age_2044,Male,6,60.840751667
2040,HIS,age_2044,Male,7,24.890124544
2040,Other,age_2044,Male,8,23.362486973
2040,NHW,age_4554,Female,9,0
2040,NHB,age_4554,Female,10,0
2040,HIS,age_4554,Female,11,0
2040,Other,age_4554,Female,12,0
2040,NHW,age_4554,Male,13,118.80901679
2040,NHB,age_4554,Male,14,123.95658471
2040,HIS,age_4554,Male,15,80.449950572
2040,Other,age_4554,Male,16,80.194008005
2040,NHW,age_5564,Female,17,0
2040,NHB,age_5564,Female,18,0
2040,HIS,age_5564,Female,19,0
2040,Other,age_5564,Female,20,0
2040,NHW,age_5564,Male,21,118.80901677
2040,NHB,age_5564,Male,22,123.95658334
2040,HIS,age_5564,Male,23,80.44995002
2040,Other,age_5564,Male,24,80.194006237
2040,NHW,age_65+,Female,25,0
2040,NHB,age_65+,Female,26,0
2040,HIS,age_65+,Female,27,0
2040,Other,age_65+,Female,28,0
2040,NHW,age_65+,Male,29,118.80901635
2040,NHB,age_65+,Male,30,123.95658273
2040,HIS,age_65+,Male,31,80.449951932
2040,Other,age_65+,Male,32,80.194005381
2041,NHW,age_2044,Female,1,0
2041,NHB,age_2044,Female,2,0
2041,HIS,age_2044,Female,3,0
2041,Other,age_2044,Female,4,0
2041,NHW,age_2044,Male,5,43.488210316
2041,NHB,age_2044,Male,6,65.597948998
2041,HIS,age_2044,Male,7,27.760956738
2041,Other,age_2044,Male,8,26.204687562
2041,NHW,age_4554,Female,9,0
2041,NHB,age_4554,Female,10,0
2041,HIS,age_4554,Female,11,0
2041,Other,age_4554,Female,12,0
2041,NHW,age_4554,Male,13,118.80901678
2041,NHB,age_4554,Male,14,123.95658434
2041,HIS,age_4554,Male,15,80.449950476
2041,Other,age_4554,Male,16,80.19400836
2041,NHW,age_5564,Female,17,0
2041,NHB,age_5564,Female,18,0
2041,HIS,age_5564,Female,19,0
2041,Other,age_5564,Female,20,0
2041,NHW,age_5564,Male,21,118.80901688
2041,NHB,age_5564,Male,22,123.95658469
2041,HIS,age_5564,Male,23,80.449948762
2041,Other,age_5564,Male,24,80.194007991
2041,NHW,age_65+,Female,25,0
2041,NHB,age_65+,Female,26,0
2041,HIS,age_65+,Female,27,0
2041,Other,age_65+,Female,28,0
2041,NHW,age_65+,Male,29,118.80901626
2041,NHB,age_65+,Male,30,123.95658767
2041,HIS,age_65+,Male,31,80.449945125
2041,Other,age_65+,Male,32,80.194009434
2042,NHW,age_2044,Female,1,0
2042,NHB,age_2044,Female,2,0
2042,HIS,age_2044,Female,3,0
2042,Other,age_2044,Female,4,0
2042,NHW,age_2044,Male,5,47.906747391
2042,NHB,age_2044,Male,6,70.493771868
2042,HIS,age_2044,Male,7,30.67715634
2042,Other,age_2044,Male,8,29.070803405
2042,NHW,age_4554,Female,9,0
2042,NHB,age_4554,Female,10,0
2042,HIS,age_4554,Female,11,0
2042,Other,age_4554,Female,12,0
2042,NHW,age_4554,Male,13,118.80901678
2042,NHB,age_4554,Male,14,123.95658355
2042,HIS,age_4554,Male,15,80.449950339
2042,Other,age_4554,Male,16,80.194007161
2042,NHW,age_5564,Female,17,0
2042,NHB,age_5564,Female,18,0
2042,HIS,age_5564,Female,19,0
2042,Other,age_5564,Female,20,0
2042,NHW,age_5564,Male,21,118.80901692
2042,NHB,age_5564,Male,22,123.95658278
2042,HIS,age_5564,Male,23,80.449949885
2042,Other,age_5564,Male,24,80.194009051
2042,NHW,age_65+,Female,25,0
2042,NHB,age_65+,Female,26,0
2042,HIS,age_65+,Female,27,0
2042,Other,age_65+,Female,28,0
2042,NHW,age_65+,Male,29,118.80901709
2042,NHB,age_65+,Male,30,123.95657987
2042,HIS,age_65+,Male,31,80.449952331
2042,Other,age_65+,Male,32,80.194002298
2043,NHW,age_2044,Female,1,0
2043,NHB,age_2044,Female,2,0
2043,HIS,age_2044,Female,3,0
2043,Other,age_2044,Female,4,0
2043,NHW,age_2044,Male,5,51.903600029
2043,NHB,age_2044,Male,6,74.298577874
2043,HIS,age_2044,Male,7,33.282819765
2043,Other,age_2044,Male,8,31.662152595
2043,NHW,age_4554,Female,9,0
2043,NHB,age_4554,Female,10,0
2043,HIS,age_4554,Female,11,0
2043,Other,age_4554,Female,12,0
2043,NHW,age_4554,Male,13,118.80901686
2043,NHB,age_4554,Male,14,123.95658341
2043,HIS,age_4554,Male,15,80.449950525
2043,Other,age_4554,Male,16,80.194008537
2043,NHW,age_5564,Female,17,0
2043,NHB,age_5564,Female,18,0
2043,HIS,age_5564,Female,19,0
2043,Other,age_5564,Female,20,0
2043,NHW,age_5564,Male,21,118.80901695
2043,NHB,age_5564,Male,22,123.95658335
2043,HIS,age_5564,Male,23,80.44994905
2043,Other,age_5564,Male,24,80.19400457
2043,NHW,age_65+,Female,25,0
2043,NHB,age_65+,Female,26,0
2043,HIS,age_65+,Female,27,0
2043,Other,age_65+,Female,28,0
2043,NHW,age_65+,Male,29,118.80901686
2043,NHB,age_65+,Male,30,123.956588
2043,HIS,age_65+,Male,31,80.449960443
2043,Other,age_65+,Male,32,80.194002645
2044,NHW,age_2044,Female,1,0
2044,NHB,age_2044,Female,2,0
2044,HIS,age_2044,Female,3,0
2044,Other,age_2044,Female,4,0
2044,NHW,age_2044,Male,5,56.003862856
2044,NHB,age_2044,Male,6,78.402952537
2044,HIS,age_2044,Male,7,35.936297793
2044,Other,age_2044,Male,8,34.361918907
2044,NHW,age_4554,Female,9,0
2044,NHB,age_4554,Female,10,0
2044,HIS,age_4554,Female,11,0
2044,Other,age_4554,Female,12,0
2044,NHW,age_4554,Male,13,118.80901684
2044,NHB,age_4554,Male,14,123.95658357
2044,HIS,age_4554,Male,15,80.449950792
2044,Other,age_4554,Male,16,80.194007927
2044,NHW,age_5564,Female,17,0
2044,NHB,age_5564,Female,18,0
2044,HIS,age_5564,Female,19,0
2044,Other,age_5564,Female,20,0
2044,NHW,age_5564,Male,21,118.80901723
2044,NHB,age_5564,Male,22,123.95658485
2044,HIS,age_5564,Male,23,80.449949118
2044,Other,age_5564,Male,24,80.194005964
2044,NHW,age_65+,Female,25,0
2044,NHB,age_65+,Female,26,0
2044,HIS,age_65+,Female,27,0
2044,Other,age_65+,Female,28,0
2044,NHW,age_65+,Male,29,118.80901481
2044,NHB,age_65+,Male,30,123.95658576
2044,HIS,age_65+,Male,31,80.449960213
2044,Other,age_65+,Male,32,80.193982252
2045,NHW,age_2044,Female,1,0
2045,NHB,age_2044,Female,2,0
2045,HIS,age_2044,Female,3,0
2045,Other,age_2044,Female,4,0
2045,NHW,age_2044,Male,5,60.328451417
2045,NHB,age_2044,Male,6,82.869407455
2045,HIS,age_2044,Male,7,38.800548325
2045,Other,age_2044,Male,8,37.179544907
2045,NHW,age_4554,Female,9,0
2045,NHB,age_4554,Female,10,0
2045,HIS,age_4554,Female,11,0
2045,Other,age_4554,Female,12,0
2045,NHW,age_4554,Male,13,118.80901683
2045,NHB,age_4554,Male,14,123.95658345
2045,HIS,age_4554,Male,15,80.449950955
2045,Other,age_4554,Male,16,80.19400748
2045,NHW,age_5564,Female,17,0
2045,NHB,age_5564,Female,18,0
2045,HIS,age_5564,Female,19,0
2045,Other,age_5564,Female,20,0
2045,NHW,age_5564,Male,21,118.80901693
2045,NHB,age_5564,Male,22,123.95658472
2045,HIS,age_5564,Male,23,80.449949741
2045,Other,age_5564,Male,24,80.194015154
2045,NHW,age_65+,Female,25,0
2045,NHB,age_65+,Female,26,0
2045,HIS,age_65+,Female,27,0
2045,Other,age_65+,Female,28,0
2045,NHW,age_65+,Male,29,118.80901763
2045,NHB,age_65+,Male,30,123.95657091
2045,HIS,age_65+,Male,31,80.449942673
2045,Other,age_65+,Male,32,80.194002534
2046,NHW,age_2044,Female,1,0
2046,NHB,age_2044,Female,2,0
2046,HIS,age_2044,Female,3,0
2046,Other,age_2044,Female,4,0
2046,NHW,age_2044,Male,5,64.640659903
2046,NHB,age_2044,Male,6,87.465143603
2046,HIS,age_2044,Male,7,41.673923416
2046,Other,age_2044,Male,8,40.013140749
2046,NHW,age_4554,Female,9,0
2046,NHB,age_4554,Female,10,0
2046,HIS,age_4554,Female,11,0
2046,Other,age_4554,Female,12,0
2046,NHW,age_4554,Male,13,118.80901681
2046,NHB,age_4554,Male,14,123.95658416
2046,HIS,age_4554,Male,15,80.449949961
2046,Other,age_4554,Male,16,80.194007512
2046,NHW,age_5564,Female,17,0
2046,NHB,age_5564,Female,18,0
2046,HIS,age_5564,Female,19,0
2046,Other,age_5564,Female,20,0
2046,NHW,age_5564,Male,21,118.80901703
2046,NHB,age_5564,Male,22,123.95658389
2046,HIS,age_5564,Male,23,80.449950687
2046,Other,age_5564,Male,24,80.194009335
2046,NHW,age_65+,Female,25,0
2046,NHB,age_65+,Female,26,0
2046,HIS,age_65+,Female,27,0
2046,Other,age_65+,Female,28,0
2046,NHW,age_65+,Male,29,118.80901747
2046,NHB,age_65+,Male,30,123.95658696
2046,HIS,age_65+,Male,31,80.44996725
2046,Other,age_65+,Male,32,80.194010831
2047,NHW,age_2044,Female,1,0
2047,NHB,age_2044,Female,2,0
2047,HIS,age_2044,Female,3,0
2047,Other,age_2044,Female,4,0
2047,NHW,age_2044,Male,5,68.960423525
2047,NHB,age_2044,Male,6,92.131565865
2047,HIS,age_2044,Male,7,44.630582584
2047,Other,age_2044,Male,8,42.920359203
2047,NHW,age_4554,Female,9,0
2047,NHB,age_4554,Female,10,0
2047,HIS,age_4554,Female,11,0
2047,Other,age_4554,Female,12,0
2047,NHW,age_4554,Male,13,118.80901687
2047,NHB,age_4554,Male,14,123.95658423
2047,HIS,age_4554,Male,15,80.449950781
2047,Other,age_4554,Male,16,80.194009755
2047,NHW,age_5564,Female,17,0
2047,NHB,age_5564,Female,18,0
2047,HIS,age_5564,Female,19,0
2047,Other,age_5564,Female,20,0
2047,NHW,age_5564,Male,21,118.80901714
2047,NHB,age_5564,Male,22,123.95658292
2047,HIS,age_5564,Male,23,80.449951061
2047,Other,age_5564,Male,24,80.194007902
2047,NHW,age_65+,Female,25,0
2047,NHB,age_65+,Female,26,0
2047,HIS,age_65+,Female,27,0
2047,Other,age_65+,Female,28,0
2047,NHW,age_65+,Male,29,118.80901719
2047,NHB,age_65+,Male,30,123.95658387
2047,HIS,age_65+,Male,31,80.449940135
2047,Other,age_65+,Male,32,80.193997116
2048,NHW,age_2044,Female,1,0
2048,NHB,age_2044,Female,2,0
2048,HIS,age_2044,Female,3,0
2048,Other,age_2044,Female,4,0
2048,NHW,age_2044,Male,5,73.267311645
2048,NHB,age_2044,Male,6,96.820068276
2048,HIS,age_2044,Male,7,47.627203815
2048,Other,age_2044,Male,8,45.859009056
2048,NHW,age_4554,Female,9,0
2048,NHB,age_4554,Female,10,0
2048,HIS,age_4554,Female,11,0
2048,Other,age_4554,Female,12,0
2048,NHW,age_4554,Male,13,118.80901674
2048,NHB,age_4554,Male,14,123.95658327
2048,HIS,age_4554,Male,15,80.449950875
2048,Other,age_4554,Male,16,80.194008639
2048,NHW,age_5564,Female,17,0
2048,NHB,age_5564,Female,18,0
2048,HIS,age_5564,Female,19,0
2048,Other,age_5564,Female,20,0
2048,NHW,age_5564,Male,21,118.80901655
2048,NHB,age_5564,Male,22,123.95658318
2048,HIS,age_5564,Male,23,80.449950575
2048,Other,age_5564,Male,24,80.194005169
2048,NHW,age_65+,Female,25,0
2048,NHB,age_65+,Female,26,0
2048,HIS,age_65+,Female,27,0
2048,Other,age_65+,Female,28,0
2048,NHW,age_65+,Male,29,118.80901595
2048,NHB,age_65+,Male,30,123.95659504
2048,HIS,age_65+,Male,31,80.449959899
2048,Other,age_65+,Male,32,80.194056512
2049,NHW,age_2044,Female,1,0
2049,NHB,age_2044,Female,2,0
2049,HIS,age_2044,Female,3,0
2049,Other,age_2044,Female,4,0
2049,NHW,age_2044,Male,5,77.548808829
2049,NHB,age_2044,Male,6,101.46602724
2049,HIS,age_2044,Male,7,50.655637795
2049,Other,age_2044,Male,8,48.847453205
2049,NHW,age_4554,Female,9,0
2049,NHB,age_4554,Female,10,0
2049,HIS,age_4554,Female,11,0
2049,Other,age_4554,Female,12,0
2049,NHW,age_4554,Male,13,118.80901682
2049,NHB,age_4554,Male,14,123.95658376
2049,HIS,age_4554,Male,15,80.449949847
2049,Other,age_4554,Male,16,80.194009858
2049,NHW,age_5564,Female,17,0
2049,NHB,age_5564,Female,18,0
2049,HIS,age_5564,Female,19,0
2049,Other,age_5564,Female,20,0
2049,NHW,age_5564,Male,21,118.80901694
2049,NHB,age_5564,Male,22,123.95658435
2049,HIS,age_5564,Male,23,80.449951768
2049,Other,age_5564,Male,24,80.194002067
2049,NHW,age_65+,Female,25,0
2049,NHB,age_65+,Female,26,0
2049,HIS,age_65+,Female,27,0
2049,Other,age_65+,Female,28,0
2049,NHW,age_65+,Male,29,118.80901576
2049,NHB,age_65+,Male,30,123.95658929
2049,HIS,age_65+,Male,31,80.449977649
2049,Other,age_65+,Male,32,80.194017238
2050,NHW,age_2044,Female,1,0
2050,NHB,age_2044,Female,2,0
2050,HIS,age_2044,Female,3,0
2050,Other,age_2044,Female,4,0
2050,NHW,age_2044,Male,5,81.935175914
2050,NHB,age_2044,Male,6,106.0599246
2050,HIS,age_2044,Male,7,53.789117612
2050,Other,age_2044,Male,8,51.891486244
2050,NHW,age_4554,Female,9,0
2050,NHB,age_4554,Female,10,0
2050,HIS,age_4554,Female,11,0
2050,Other,age_4554,Female,12,0
2050,NHW,age_4554,Male,13,118.80901677
2050,NHB,age_4554,Male,14,123.95658418
2050,HIS,age_4554,Male,15,80.449949464
2050,Other,age_4554,Male,16,80.194007413
2050,NHW,age_5564,Female,17,0
2050,NHB,age_5564,Female,18,0
2050,HIS,age_5564,Female,19,0
2050,Other,age_5564,Female,20,0
2050,NHW,age_5564,Male,21,118.80901623
2050,NHB,age_5564,Male,22,123.95658384
2050,HIS,age_5564,Male,23,80.449949979
2050,Other,age_5564,Male,24,80.194013642
2050,NHW,age_65+,Female,25,0
2050,NHB,age_65+,Female,26,0
2050,HIS,age_65+,Female,27,0
2050,Other,age_65+,Female,28,0
2050,NHW,age_65+,Male,29,118.80901714
2050,NHB,age_65+,Male,30,123.95659027
2050,HIS,age_65+,Male,31,80.449942949
2050,Other,age_65+,Male,32,80.193969687
2051,NHW,age_2044,Female,1,0
2051,NHB,age_2044,Female,2,0
2051,HIS,age_2044,Female,3,0
2051,Other,age_2044,Female,4,0
2051,NHW,age_2044,Male,5,86.321414145
2051,NHB,age_2044,Male,6,110.5603763
2051,HIS,age_2044,Male,7,56.977518786
2051,Other,age_2044,Male,8,54.989932901
2051,NHW,age_4554,Female,9,0
2051,NHB,age_4554,Female,10,0
2051,HIS,age_4554,Female,11,0
2051,Other,age_4554,Female,12,0
2051,NHW,age_4554,Male,13,118.80901705
2051,NHB,age_4554,Male,14,123.95658376
2051,HIS,age_4554,Male,15,80.449950729
2051,Other,age_4554,Male,16,80.194008216
2051,NHW,age_5564,Female,17,0
2051,NHB,age_5564,Female,18,0
2051,HIS,age_5564,Female,19,0
2051,Other,age_5564,Female,20,0
2051,NHW,age_5564,Male,21,118.80901721
2051,NHB,age_5564,Male,22,123.95658737
2051,HIS,age_5564,Male,23,80.449948638
2051,Other,age_5564,Male,24,80.194009506
2051,NHW,age_65+,Female,25,0
2051,NHB,age_65+,Female,26,0
2051,HIS,age_65+,Female,27,0
2051,Other,age_65+,Female,28,0
2051,NHW,age_65+,Male,29,118.80901473
2051,NHB,age_65+,Male,30,123.95658376
2051,HIS,age_65+,Male,31,80.449959519
2051,Other,age_65+,Male,32,80.193977927
2052,NHW,age_2044,Female,1,0
2052,NHB,age_2044,Female,2,0
2052,HIS,age_2044,Female,3,0
2052,Other,age_2044,Female,4,0
2052,NHW,age_2044,Male,5,90.726868481
2052,NHB,age_2044,Male,6,115.17356151
2052,HIS,age_2044,Male,7,60.238030119
2052,Other,age_2044,Male,8,58.148119796
2052,NHW,age_4554,Female,9,0
2052,NHB,age_4554,Female,10,0
2052,HIS,age_4554,Female,11,0
2052,Other,age_4554,Female,12,0
2052,NHW,age_4554,Male,13,118.8090171
2052,NHB,age_4554,Male,14,123.95658468
2052,HIS,age_4554,Male,15,80.449950071
2052,Other,age_4554,Male,16,80.194009307
2052,NHW,age_5564,Female,17,0
2052,NHB,age_5564,Female,18,0
2052,HIS,age_5564,Female,19,0
2052,Other,age_5564,Female,20,0
2052,NHW,age_5564,Male,21,118.80901621
2052,NHB,age_5564,Male,22,123.95658317
2052,HIS,age_5564,Male,23,80.449949018
2052,Other,age_5564,Male,24,80.194007638
2052,NHW,age_65+,Female,25,0
2052,NHB,age_65+,Female,26,0
2052,HIS,age_65+,Female,27,0
2052,Other,age_65+,Female,28,0
2052,NHW,age_65+,Male,29,118.80901264
2052,NHB,age_65+,Male,30,123.95654665
2052,HIS,age_65+,Male,31,80.449946803
2052,Other,age_65+,Male,32,80.194010171
2053,NHW,age_2044,Female,1,0
2053,NHB,age_2044,Female,2,0
2053,HIS,age_2044,Female,3,0
2053,Other,age_2044,Female,4,0
2053,NHW,age_2044,Male,5,93.23669448
2053,NHB,age_2044,Male,6,115.86863826
2053,HIS,age_2044,Male,7,61.876982089
2053,Other,age_2044,Male,8,60.020054875
2053,NHW,age_4554,Female,9,0
2053,NHB,age_4554,Female,10,0
2053,HIS,age_4554,Female,11,0
2053,Other,age_4554,Female,12,0
2053,NHW,age_4554,Male,13,118.80901655
2053,NHB,age_4554,Male,14,123.95658307
2053,HIS,age_4554,Male,15,80.44994937
2053,Other,age_4554,Male,16,80.19400929
2053,NHW,age_5564,Female,17,0
2053,NHB,age_5564,Female,18,0
2053,HIS,age_5564,Female,19,0
2053,Other,age_5564,Female,20,0
2053,NHW,age_5564,Male,21,118.80901774
2053,NHB,age_5564,Male,22,123.95658533
2053,HIS,age_5564,Male,23,80.449949957
2053,Other,age_5564,Male,24,80.19400961
2053,NHW,age_65+,Female,25,0
2053,NHB,age_65+,Female,26,0
2053,HIS,age_65+,Female,27,0
2053,Other,age_65+,Female,28,0
2053,NHW,age_65+,Male,29,0
2053,NHB,age_65+,Male,30,0
2053,HIS,age_65+,Male,31,0
2053,Other,age_65+,Male,32,0
2054,NHW,age_2044,Female,1,0
2054,NHB,age_2044,Female,2,0
2054,HIS,age_2044,Female,3,0
2054,Other,age_2044,Female,4,0
2054,NHW,age_2044,Male,5,95.840357423
2054,NHB,age_2044,Male,6,116.63049894
2054,HIS,age_2044,Male,7,63.567500346
2054,Other,age_2044,Male,8,62.000115903
2054,NHW,age_4554,Female,9,0
2054,NHB,age_4554,Female,10,0
2054,HIS,age_4554,Female,11,0
2054,Other,age_4554,Female,12,0
2054,NHW,age_4554,Male,13,118.80901676
2054,NHB,age_4554,Male,14,123.95658367
2054,HIS,age_4554,Male,15,80.449949758
2054,Other,age_4554,Male,16,80.19400689
2054,NHW,age_5564,Female,17,0
2054,NHB,age_5564,Female,18,0
2054,HIS,age_5564,Female,19,0
2054,Other,age_5564,Female,20,0
2054,NHW,age_5564,Male,21,118.80901713
2054,NHB,age_5564,Male,22,123.95658404
2054,HIS,age_5564,Male,23,80.449951779
2054,Other,age_5564,Male,24,80.194004422
2054,NHW,age_65+,Female,25,0
2054,NHB,age_65+,Female,26,0
2054,HIS,age_65+,Female,27,0
2054,Other,age_65+,Female,28,0
2054,NHW,age_65+,Male,29,0
2054,NHB,age_65+,Male,30,0
2054,HIS,age_65+,Male,31,0
2054,Other,age_65+,Male,32,0
2055,NHW,age_2044,Female,1,0
2055,NHB,age_2044,Female,2,0
2055,HIS,age_2044,Female,3,0
2055,Other,age_2044,Female,4,0
2055,NHW,age_2044,Male,5,98.582711545
2055,NHB,age_2044,Male,6,117.47011943
2055,HIS,age_2044,Male,7,65.384514109
2055,Other,age_2044,Male,8,64.064913331
2055,NHW,age_4554,Female,9,0
2055,NHB,age_4554,Female,10,0
2055,HIS,age_4554,Female,11,0
2055,Other,age_4554,Female,12,0
2055,NHW,age_4554,Male,13,118.80901661
2055,NHB,age_4554,Male,14,123.95658493
2055,HIS,age_4554,Male,15,80.449950541
2055,Other,age_4554,Male,16,80.194008592
2055,NHW,age_5564,Female,17,0
2055,NHB,age_5564,Female,18,0
2055,HIS,age_5564,Female,19,0
2055,Other,age_5564,Female,20,0
2055,NHW,age_5564,Male,21,118.80901701
2055,NHB,age_5564,Male,22,123.9565796
2055,HIS,age_5564,Male,23,80.449953067
2055,Other,age_5564,Male,24,80.194003871
2055,NHW,age_65+,Female,25,0
2055,NHB,age_65+,Female,26,0
2055,HIS,age_65+,Female,27,0
2055,Other,age_65+,Female,28,0
2055,NHW,age_65+,Male,29,0
2055,NHB,age_65+,Male,30,0
2055,HIS,age_65+,Male,31,0
2055,Other,age_65+,Male,32,0
2056,NHW,age_2044,Female,1,0
2056,NHB,age_2044,Female,2,0
2056,HIS,age_2044,Female,3,0
2056,Other,age_2044,Female,4,0
2056,NHW,age_2044,Male,5,101.3767966
2056,NHB,age_2044,Male,6,118.35339136
2056,HIS,age_2044,Male,7,67.278196991
2056,Other,age_2044,Male,8,66.198798446
2056,NHW,age_4554,Female,9,0
2056,NHB,age_4554,Female,10,0
2056,HIS,age_4554,Female,11,0
2056,Other,age_4554,Female,12,0
2056,NHW,age_4554,Male,13,118.80901683
2056,NHB,age_4554,Male,14,123.95658279
2056,HIS,age_4554,Male,15,80.44995007
2056,Other,age_4554,Male,16,80.194007971
2056,NHW,age_5564,Female,17,0
2056,NHB,age_5564,Female,18,0
2056,HIS,age_5564,Female,19,0
2056,Other,age_5564,Female,20,0
2056,NHW,age_5564,Male,21,118.80901653
2056,NHB,age_5564,Male,22,123.95658656
2056,HIS,age_5564,Male,23,80.449953023
2056,Other,age_5564,Male,24,80.193990923
2056,NHW,age_65+,Female,25,0
2056,NHB,age_65+,Female,26,0
2056,HIS,age_65+,Female,27,0
2056,Other,age_65+,Female,28,0
2056,NHW,age_65+,Male,29,0
2056,NHB,age_65+,Male,30,0
2056,HIS,age_65+,Male,31,0
2056,Other,age_65+,Male,32,0
2057,NHW,age_2044,Female,1,0
2057,NHB,age_2044,Female,2,0
2057,HIS,age_2044,Female,3,0
2057,Other,age_2044,Female,4,0
2057,NHW,age_2044,Male,5,104.17850732
2057,NHB,age_2044,Male,6,119.26251798
2057,HIS,age_2044,Male,7,69.260225847
2057,Other,age_2044,Male,8,68.357538275
2057,NHW,age_4554,Female,9,0
2057,NHB,age_4554,Female,10,0
2057,HIS,age_4554,Female,11,0
2057,Other,age_4554,Female,12,0
2057,NHW,age_4554,Male,13,118.80901698
2057,NHB,age_4554,Male,14,123.95658396
2057,HIS,age_4554,Male,15,80.449949581
2057,Other,age_4554,Male,16,80.194005127
2057,NHW,age_5564,Female,17,0
2057,NHB,age_5564,Female,18,0
2057,HIS,age_5564,Female,19,0
2057,Other,age_5564,Female,20,0
2057,NHW,age_5564,Male,21,118.80901799
2057,NHB,age_5564,Male,22,123.9565889
2057,HIS,age_5564,Male,23,80.449947032
2057,Other,age_5564,Male,24,80.194005302
2057,NHW,age_65+,Female,25,0
2057,NHB,age_65+,Female,26,0
2057,HIS,age_65+,Female,27,0
2057,Other,age_65+,Female,28,0
2057,NHW,age_65+,Male,29,0
2057,NHB,age_65+,Male,30,0
2057,HIS,age_65+,Male,31,0
2057,Other,age_65+,Male,32,0
2058,NHW,age_2044,Female,1,0
2058,NHB,age_2044,Female,2,0
2058,HIS,age_2044,Female,3,0
2058,Other,age_2044,Female,4,0
2058,NHW,age_2044,Male,5,106.98312886
2058,NHB,age_2044,Male,6,120.18927
2058,HIS,age_2044,Male,7,71.302494129
2058,Other,age_2044,Male,8,70.556510832
2058,NHW,age_4554,Female,9,0
2058,NHB,age_4554,Female,10,0
2058,HIS,age_4554,Female,11,0
2058,Other,age_4554,Female,12,0
2058,NHW,age_4554,Male,13,118.80901692
2058,NHB,age_4554,Male,14,123.95658384
2058,HIS,age_4554,Male,15,80.449951227
2058,Other,age_4554,Male,16,80.194007894
2058,NHW,age_5564,Female,17,0
2058,NHB,age_5564,Female,18,0
2058,HIS,age_5564,Female,19,0
2058,Other,age_5564,Female,20,0
2058,NHW,age_5564,Male,21,118.8090167
2058,NHB,age_5564,Male,22,123.95658173
2058,HIS,age_5564,Male,23,80.449942093
2058,Other,age_5564,Male,24,80.193992621
2058,NHW,age_65+,Female,25,0
2058,NHB,age_65+,Female,26,0
2058,HIS,age_65+,Female,27,0
2058,Other,age_65+,Female,28,0
2058,NHW,age_65+,Male,29,0
2058,NHB,age_65+,Male,30,0
2058,HIS,age_65+,Male,31,0
2058,Other,age_65+,Male,32,0
2059,NHW,age_2044,Female,1,0
2059,NHB,age_2044,Female,2,0
2059,HIS,age_2044,Female,3,0
2059,Other,age_2044,Female,4,0
2059,NHW,age_2044,Male,5,109.83459882
2059,NHB,age_2044,Male,6,121.12278886
2059,HIS,age_2044,Male,7,73.429560305
2059,Other,age_2044,Male,8,72.833331024
2059,NHW,age_4554,Female,9,0
2059,NHB,age_4554,Female,10,0
2059,HIS,age_4554,Female,11,0
2059,Other,age_4554,Female,12,0
2059,NHW,age_4554,Male,13,118.80901672
2059,NHB,age_4554,Male,14,123.95658379
2059,HIS,age_4554,Male,15,80.449949719
2059,Other,age_4554,Male,16,80.19400519
2059,NHW,age_5564,Female,17,0
2059,NHB,age_5564,Female,18,0
2059,HIS,age_5564,Female,19,0
2059,Other,age_5564,Female,20,0
2059,NHW,age_5564,Male,21,118.80901626
2059,NHB,age_5564,Male,22,123.95657352
2059,HIS,age_5564,Male,23,80.449957711
2059,Other,age_5564,Male,24,80.194004727
2059,NHW,age_65+,Female,25,0
2059,NHB,age_65+,Female,26,0
2059,HIS,age_65+,Female,27,0
2059,Other,age_65+,Female,28,0
2059,NHW,age_65+,Male,29,0
2059,NHB,age_65+,Male,30,0
2059,HIS,age_65+,Male,31,0
2059,Other,age_65+,Male,32,0
2060,NHW,age_2044,Female,1,0
2060,NHB,age_2044,Female,2,0
2060,HIS,age_2044,Female,3,0
2060,Other,age_2044,Female,4,0
2060,NHW,age_2044,Male,5,112.74740023
2060,NHB,age_2044,Male,6,122.05428082
2060,HIS,age_2044,Male,7,75.651166707
2060,Other,age_2044,Male,8,75.174164624
2060,NHW,age_4554,Female,9,0
2060,NHB,age_4554,Female,10,0
2060,HIS,age_4554,Female,11,0
2060,Other,age_4554,Female,12,0
2060,NHW,age_4554,Male,13,118.80901678
2060,NHB,age_4554,Male,14,123.9565855
2060,HIS,age_4554,Male,15,80.449949823
2060,Other,age_4554,Male,16,80.194011555
2060,NHW,age_5564,Female,17,0
2060,NHB,age_5564,Female,18,0
2060,HIS,age_5564,Female,19,0
2060,Other,age_5564,Female,20,0
2060,NHW,age_5564,Male,21,118.80901744
2060,NHB,age_5564,Male,22,123.95658215
2060,HIS,age_5564,Male,23,80.44994815
2060,Other,age_5564,Male,24,80.194023012
2060,NHW,age_65+,Female,25,0
2060,NHB,age_65+,Female,26,0
2060,HIS,age_65+,Female,27,0
2060,Other,age_65+,Female,28,0
2060,NHW,age_65+,Male,29,0
2060,NHB,age_65+,Male,30,0
2060,HIS,age_65+,Male,31,0
2060,Other,age_65+,Male,32,0
2061,NHW,age_2044,Female,1,0
2061,NHB,age_2044,Female,2,0
2061,HIS,age_2044,Female,3,0
2061,Other,age_2044,Female,4,0
2061,NHW,age_2044,Male,5,112.74740023
2061,NHB,age_2044,Male,6,122.05428082
2061,HIS,age_2044,Male,7,75.651166707
2061,Other,age_2044,Male,8,75.174164624
2061,NHW,age_4554,Female,9,0
2061,NHB,age_4554,Female,10,0
2061,HIS,age_4554,Female,11,0
2061,Other,age_4554,Female,12,0
2061,NHW,age_4554,Male,13,118.80901678
2061,NHB,age_4554,Male,14,123.9565855
2061,HIS,age_4554,Male,15,80.449949823
2061,Other,age_4554,Male,16,80.194011555
2061,NHW,age_5564,Female,17,0
2061,NHB,age_5564,Female,18,0
2061,HIS,age_5564,Female,19,0
2061,Other,age_5564,Female,20,0
2061,NHW,age_5564,Male,21,118.80901744
2061,NHB,age_5564,Male,22,123.95658215
2061,HIS,age_5564,Male,23,80.44994815
2061,Other,age_5564,Male,24,80.194023012
2061,NHW,age_65+,Female,25,0
2061,NHB,age_65+,Female,26,0
2061,HIS,age_65+,Female,27,0
2061,Other,age_65+,Female,28,0
2061,NHW,age_65+,Male,29,0
2061,NHB,age_65+,Male,30,0
2061,HIS,age_65+,Male,31,0
2061,Other,age_65+,Male,32,0
2062,NHW,age_2044,Female,1,0
2062,NHB,age_2044,Female,2,0
2062,HIS,age_2044,Female,3,0
2062,Other,age_2044,Female,4,0
2062,NHW,age_2044,Male,5,112.74740023
2062,NHB,age_2044,Male,6,122.05428082
2062,HIS,age_2044,Male,7,75.651166707
2062,Other,age_2044,Male,8,75.174164624
2062,NHW,age_4554,Female,9,0
2062,NHB,age_4554,Female,10,0
2062,HIS,age_4554,Female,11,0
2062,Other,age_4554,Female,12,0
2062,NHW,age_4554,Male,13,118.80901678
2062,NHB,age_4554,Male,14,123.9565855
2062,HIS,age_4554,Male,15,80.449949823
2062,Other,age_4554,Male,16,80.194011555
2062,NHW,age_5564,Female,17,0
2062,NHB,age_5564,Female,18,0
2062,HIS,age_5564,Female,19,0
2062,Other,age_5564,Female,20,0
2062,NHW,age_5564,Male,21,118.80901744
2062,NHB,age_5564,Male,22,123.95658215
2062,HIS,age_5564,Male,23,80.44994815
2062,Other,age_5564,Male,24,80.194023012
2062,NHW,age_65+,Female,25,0
2062,NHB,age_65+,Female,26,0
2062,HIS,age_65+,Female,27,0
2062,Other,age_65+,Female,28,0
2062,NHW,age_65+,Male,29,0
2062,NHB,age_65+,Male,30,0
2062,HIS,age_65+,Male,31,0
2062,Other,age_65+,Male,32,0
2063,NHW,age_2044,Female,1,0
2063,NHB,age_2044,Female,2,0
2063,HIS,age_2044,Female,3,0
2063,Other,age_2044,Female,4,0
2063,NHW,age_2044,Male,5,112.74740023
2063,NHB,age_2044,Male,6,122.05428082
2063,HIS,age_2044,Male,7,75.651166707
2063,Other,age_2044,Male,8,75.174164624
2063,NHW,age_4554,Female,9,0
2063,NHB,age_4554,Female,10,0
2063,HIS,age_4554,Female,11,0
2063,Other,age_4554,Female,12,0
2063,NHW,age_4554,Male,13,118.80901678
2063,NHB,age_4554,Male,14,123.9565855
2063,HIS,age_4554,Male,15,80.449949823
2063,Other,age_4554,Male,16,80.194011555
2063,NHW,age_5564,Female,17,0
2063,NHB,age_5564,Female,18,0
2063,HIS,age_5564,Female,19,0
2063,Other,age_5564,Female,20,0
2063,NHW,age_5564,Male,21,118.80901744
2063,NHB,age_5564,Male,22,123.95658215
2063,HIS,age_5564,Male,23,80.44994815
2063,Other,age_5564,Male,24,80.194023012
2063,NHW,age_65+,Female,25,0
2063,NHB,age_65+,Female,26,0
2063,HIS,age_65+,Female,27,0
2063,Other,age_65+,Female,28,0
2063,NHW,age_65+,Male,29,0
2063,NHB,age_65+,Male,30,0
2063,HIS,age_65+,Male,31,0
2063,Other,age_65+,Male,32,0
2064,NHW,age_2044,Female,1,0
2064,NHB,age_2044,Female,2,0
2064,HIS,age_2044,Female,3,0
2064,Other,age_2044,Female,4,0
2064,NHW,age_2044,Male,5,112.74740023
2064,NHB,age_2044,Male,6,122.05428082
2064,HIS,age_2044,Male,7,75.651166707
2064,Other,age_2044,Male,8,75.174164624
2064,NHW,age_4554,Female,9,0
2064,NHB,age_4554,Female,10,0
2064,HIS,age_4554,Female,11,0
2064,Other,age_4554,Female,12,0
2064,NHW,age_4554,Male,13,118.80901678
2064,NHB,age_4554,Male,14,123.9565855
2064,HIS,age_4554,Male,15,80.449949823
2064,Other,age_4554,Male,16,80.194011555
2064,NHW,age_5564,Female,17,0
2064,NHB,age_5564,Female,18,0
2064,HIS,age_5564,Female,19,0
2064,Other,age_5564,Female,20,0
2064,NHW,age_5564,Male,21,118.80901744
2064,NHB,age_5564,Male,22,123.95658215
2064,HIS,age_5564,Male,23,80.44994815
2064,Other,age_5564,Male,24,80.194023012
2064,NHW,age_65+,Female,25,0
2064,NHB,age_65+,Female,26,0
2064,HIS,age_65+,Female,27,0
2064,Other,age_65+,Female,28,0
2064,NHW,age_65+,Male,29,0
2064,NHB,age_65+,Male,30,0
2064,HIS,age_65+,Male,31,0
2064,Other,age_65+,Male,32,0
2065,NHW,age_2044,Female,1,0
2065,NHB,age_2044,Female,2,0
2065,HIS,age_2044,Female,3,0
2065,Other,age_2044,Female,4,0
2065,NHW,age_2044,Male,5,112.74740023
2065,NHB,age_2044,Male,6,122.05428082
2065,HIS,age_2044,Male,7,75.651166707
2065,Other,age_2044,Male,8,75.174164624
2065,NHW,age_4554,Female,9,0
2065,NHB,age_4554,Female,10,0
2065,HIS,age_4554,Female,11,0
2065,Other,age_4554,Female,12,0
2065,NHW,age_4554,Male,13,118.80901678
2065,NHB,age_4554,Male,14,123.9565855
2065,HIS,age_4554,Male,15,80.449949823
2065,Other,age_4554,Male,16,80.194011555
2065,NHW,age_5564,Female,17,0
2065,NHB,age_5564,Female,18,0
2065,HIS,age_5564,Female,19,0
2065,Other,age_5564,Female,20,0
2065,NHW,age_5564,Male,21,118.80901744
2065,NHB,age_5564,Male,22,123.95658215
2065,HIS,age_5564,Male,23,80.44994815
2065,Other,age_5564,Male,24,80.194023012
2065,NHW,age_65+,Female,25,0
2065,NHB,age_65+,Female,26,0
2065,HIS,age_65+,Female,27,0
2065,Other,age_65+,Female,28,0
2065,NHW,age_65+,Male,29,0
2065,NHB,age_65+,Male,30,0
2065,HIS,age_65+,Male,31,0
2065,Other,age_65+,Male,32,0
2066,NHW,age_2044,Female,1,0
2066,NHB,age_2044,Female,2,0
2066,HIS,age_2044,Female,3,0
2066,Other,age_2044,Female,4,0
2066,NHW,age_2044,Male,5,112.74740023
2066,NHB,age_2044,Male,6,122.05428082
2066,HIS,age_2044,Male,7,75.651166707
2066,Other,age_2044,Male,8,75.174164624
2066,NHW,age_4554,Female,9,0
2066,NHB,age_4554,Female,10,0
2066,HIS,age_4554,Female,11,0
2066,Other,age_4554,Female,12,0
2066,NHW,age_4554,Male,13,118.80901678
2066,NHB,age_4554,Male,14,123.9565855
2066,HIS,age_4554,Male,15,80.449949823
2066,Other,age_4554,Male,16,80.194011555
2066,NHW,age_5564,Female,17,0
2066,NHB,age_5564,Female,18,0
2066,HIS,age_5564,Female,19,0
2066,Other,age_5564,Female,20,0
2066,NHW,age_5564,Male,21,118.80901744
2066,NHB,age_5564,Male,22,123.95658215
2066,HIS,age_5564,Male,23,80.44994815
2066,Other,age_5564,Male,24,80.194023012
2066,NHW,age_65+,Female,25,0
2066,NHB,age_65+,Female,26,0
2066,HIS,age_65+,Female,27,0
2066,Other,age_65+,Female,28,0
2066,NHW,age_65+,Male,29,0
2066,NHB,age_65+,Male,30,0
2066,HIS,age_65+,Male,31,0
2066,Other,age_65+,Male,32,0
2067,NHW,age_2044,Female,1,0
2067,NHB,age_2044,Female,2,0
2067,HIS,age_2044,Female,3,0
2067,Other,age_2044,Female,4,0
2067,NHW,age_2044,Male,5,112.74740023
2067,NHB,age_2044,Male,6,122.05428082
2067,HIS,age_2044,Male,7,75.651166707
2067,Other,age_2044,Male,8,75.174164624
2067,NHW,age_4554,Female,9,0
2067,NHB,age_4554,Female,10,0
2067,HIS,age_4554,Female,11,0
2067,Other,age_4554,Female,12,0
2067,NHW,age_4554,Male,13,118.80901678
2067,NHB,age_4554,Male,14,123.9565855
2067,HIS,age_4554,Male,15,80.449949823
2067,Other,age_4554,Male,16,80.194011555
2067,NHW,age_5564,Female,17,0
2067,NHB,age_5564,Female,18,0
2067,HIS,age_5564,Female,19,0
2067,Other,age_5564,Female,20,0
2067,NHW,age_5564,Male,21,118.80901744
2067,NHB,age_5564,Male,22,123.95658215
2067,HIS,age_5564,Male,23,80.44994815
2067,Other,age_5564,Male,24,80.194023012
2067,NHW,age_65+,Female,25,0
2067,NHB,age_65+,Female,26,0
2067,HIS,age_65+,Female,27,0
2067,Other,age_65+,Female,28,0
2067,NHW,age_65+,Male,29,0
2067,NHB,age_65+,Male,30,0
2067,HIS,age_65+,Male,31,0
2067,Other,age_65+,Male,32,0
2068,NHW,age_2044,Female,1,0
2068,NHB,age_2044,Female,2,0
2068,HIS,age_2044,Female,3,0
2068,Other,age_2044,Female,4,0
2068,NHW,age_2044,Male,5,112.74740023
2068,NHB,age_2044,Male,6,122.05428082
2068,HIS,age_2044,Male,7,75.651166707
2068,Other,age_2044,Male,8,75.174164624
2068,NHW,age_4554,Female,9,0
2068,NHB,age_4554,Female,10,0
2068,HIS,age_4554,Female,11,0
2068,Other,age_4554,Female,12,0
2068,NHW,age_4554,Male,13,118.80901678
2068,NHB,age_4554,Male,14,123.9565855
2068,HIS,age_4554,Male,15,80.449949823
2068,Other,age_4554,Male,16,80.194011555
2068,NHW,age_5564,Female,17,0
2068,NHB,age_5564,Female,18,0
2068,HIS,age_5564,Female,19,0
2068,Other,age_5564,Female,20,0
2068,NHW,age_5564,Male,21,118.80901744
2068,NHB,age_5564,Male,22,123.95658215
2068,HIS,age_5564,Male,23,80.44994815
2068,Other,age_5564,Male,24,80.194023012
2068,NHW,age_65+,Female,25,0
2068,NHB,age_65+,Female,26,0
2068,HIS,age_65+,Female,27,0
2068,Other,age_65+,Female,28,0
2068,NHW,age_65+,Male,29,0
2068,NHB,age_65+,Male,30,0
2068,HIS,age_65+,Male,31,0
2068,Other,age_65+,Male,32,0
2069,NHW,age_2044,Female,1,0
2069,NHB,age_2044,Female,2,0
2069,HIS,age_2044,Female,3,0
2069,Other,age_2044,Female,4,0
2069,NHW,age_2044,Male,5,112.74740023
2069,NHB,age_2044,Male,6,122.05428082
2069,HIS,age_2044,Male,7,75.651166707
2069,Other,age_2044,Male,8,75.174164624
2069,NHW,age_4554,Female,9,0
2069,NHB,age_4554,Female,10,0
2069,HIS,age_4554,Female,11,0
2069,Other,age_4554,Female,12,0
2069,NHW,age_4554,Male,13,118.80901678
2069,NHB,age_4554,Male,14,123.9565855
2069,HIS,age_4554,Male,15,80.449949823
2069,Other,age_4554,Male,16,80.194011555
2069,NHW,age_5564,Female,17,0
2069,NHB,age_5564,Female,18,0
2069,HIS,age_5564,Female,19,0
2069,Other,age_5564,Female,20,0
2069,NHW,age_5564,Male,21,118.80901744
2069,NHB,age_5564,Male,22,123.95658215
2069,HIS,age_5564,Male,23,80.44994815
2069,Other,age_5564,Male,24,80.194023012
2069,NHW,age_65+,Female,25,0
2069,NHB,age_65+,Female,26,0
2069,HIS,age_65+,Female,27,0
2069,Other,age_65+,Female,28,0
2069,NHW,age_65+,Male,29,0
2069,NHB,age_65+,Male,30,0
2069,HIS,age_65+,Male,31,0
2069,Other,age_65+,Male,32,0
2070,NHW,age_2044,Female,1,0
2070,NHB,age_2044,Female,2,0
2070,HIS,age_2044,Female,3,0
2070,Other,age_2044,Female,4,0
2070,NHW,age_2044,Male,5,112.74740023
2070,NHB,age_2044,Male,6,122.05428082
2070,HIS,age_2044,Male,7,75.651166707
2070,Other,age_2044,Male,8,75.174164624
2070,NHW,age_4554,Female,9,0
2070,NHB,age_4554,Female,10,0
2070,HIS,age_4554,Female,11,0
2070,Other,age_4554,Female,12,0
2070,NHW,age_4554,Male,13,118.80901678
2070,NHB,age_4554,Male,14,123.9565855
2070,HIS,age_4554,Male,15,80.449949823
2070,Other,age_4554,Male,16,80.194011555
2070,NHW,age_5564,Female,17,0
2070,NHB,age_5564,Female,18,0
2070,HIS,age_5564,Female,19,0
2070,Other,age_5564,Female,20,0
2070,NHW,age_5564,Male,21,118.80901744
2070,NHB,age_5564,Male,22,123.95658215
2070,HIS,age_5564,Male,23,80.44994815
2070,Other,age_5564,Male,24,80.194023012
2070,NHW,age_65+,Female,25,0
2070,NHB,age_65+,Female,26,0
2070,HIS,age_65+,Female,27,0
2070,Other,age_65+,Female,28,0
2070,NHW,age_65+,Male,29,0
2070,NHB,age_65+,Male,30,0
2070,HIS,age_65+,Male,31,0
2070,Other,age_65+,Male,32,0
2071,NHW,age_2044,Female,1,0
2071,NHB,age_2044,Female,2,0
2071,HIS,age_2044,Female,3,0
2071,Other,age_2044,Female,4,0
2071,NHW,age_2044,Male,5,112.74740023
2071,NHB,age_2044,Male,6,122.05428082
2071,HIS,age_2044,Male,7,75.651166707
2071,Other,age_2044,Male,8,75.174164624
2071,NHW,age_4554,Female,9,0
2071,NHB,age_4554,Female,10,0
2071,HIS,age_4554,Female,11,0
2071,Other,age_4554,Female,12,0
2071,NHW,age_4554,Male,13,118.80901678
2071,NHB,age_4554,Male,14,123.9565855
2071,HIS,age_4554,Male,15,80.449949823
2071,Other,age_4554,Male,16,80.194011555
2071,NHW,age_5564,Female,17,0
2071,NHB,age_5564,Female,18,0
2071,HIS,age_5564,Female,19,0
2071,Other,age_5564,Female,20,0
2071,NHW,age_5564,Male,21,118.80901744
2071,NHB,age_5564,Male,22,123.95658215
2071,HIS,age_5564,Male,23,80.44994815
2071,Other,age_5564,Male,24,80.194023012
2071,NHW,age_65+,Female,25,0
2071,NHB,age_65+,Female,26,0
2071,HIS,age_65+,Female,27,0
2071,Other,age_65+,Female,28,0
2071,NHW,age_65+,Male,29,0
2071,NHB,age_65+,Male,30,0
2071,HIS,age_65+,Male,31,0
2071,Other,age_65+,Male,32,0
2072,NHW,age_2044,Female,1,0
2072,NHB,age_2044,Female,2,0
2072,HIS,age_2044,Female,3,0
2072,Other,age_2044,Female,4,0
2072,NHW,age_2044,Male,5,112.74740023
2072,NHB,age_2044,Male,6,122.05428082
2072,HIS,age_2044,Male,7,75.651166707
2072,Other,age_2044,Male,8,75.174164624
2072,NHW,age_4554,Female,9,0
2072,NHB,age_4554,Female,10,0
2072,HIS,age_4554,Female,11,0
2072,Other,age_4554,Female,12,0
2072,NHW,age_4554,Male,13,118.80901678
2072,NHB,age_4554,Male,14,123.9565855
2072,HIS,age_4554,Male,15,80.449949823
2072,Other,age_4554,Male,16,80.194011555
2072,NHW,age_5564,Female,17,0
2072,NHB,age_5564,Female,18,0
2072,HIS,age_5564,Female,19,0
2072,Other,age_5564,Female,20,0
2072,NHW,age_5564,Male,21,118.80901744
2072,NHB,age_5564,Male,22,123.95658215
2072,HIS,age_5564,Male,23,80.44994815
2072,Other,age_5564,Male,24,80.194023012
2072,NHW,age_65+,Female,25,0
2072,NHB,age_65+,Female,26,0
2072,HIS,age_65+,Female,27,0
2072,Other,age_65+,Female,28,0
2072,NHW,age_65+,Male,29,0
2072,NHB,age_65+,Male,30,0
2072,HIS,age_65+,Male,31,0
2072,Other,age_65+,Male,32,0
2073,NHW,age_2044,Female,1,0
2073,NHB,age_2044,Female,2,0
2073,HIS,age_2044,Female,3,0
2073,Other,age_2044,Female,4,0
2073,NHW,age_2044,Male,5,112.74740023
2073,NHB,age_2044,Male,6,122.05428082
2073,HIS,age_2044,Male,7,75.651166707
2073,Other,age_2044,Male,8,75.174164624
2073,NHW,age_4554,Female,9,0
2073,NHB,age_4554,Female,10,0
2073,HIS,age_4554,Female,11,0
2073,Other,age_4554,Female,12,0
2073,NHW,age_4554,Male,13,118.80901678
2073,NHB,age_4554,Male,14,123.9565855
2073,HIS,age_4554,Male,15,80.449949823
2073,Other,age_4554,Male,16,80.194011555
2073,NHW,age_5564,Female,17,0
2073,NHB,age_5564,Female,18,0
2073,HIS,age_5564,Female,19,0
2073,Other,age_5564,Female,20,0
2073,NHW,age_5564,Male,21,118.80901744
2073,NHB,age_5564,Male,22,123.95658215
2073,HIS,age_5564,Male,23,80.44994815
2073,Other,age_5564,Male,24,80.194023012
2073,NHW,age_65+,Female,25,0
2073,NHB,age_65+,Female,26,0
2073,HIS,age_65+,Female,27,0
2073,Other,age_65+,Female,28,0
2073,NHW,age_65+,Male,29,0
2073,NHB,age_65+,Male,30,0
2073,HIS,age_65+,Male,31,0
2073,Other,age_65+,Male,32,0
2074,NHW,age_2044,Female,1,0
2074,NHB,age_2044,Female,2,0
2074,HIS,age_2044,Female,3,0
2074,Other,age_2044,Female,4,0
2074,NHW,age_2044,Male,5,112.74740023
2074,NHB,age_2044,Male,6,122.05428082
2074,HIS,age_2044,Male,7,75.651166707
2074,Other,age_2044,Male,8,75.174164624
2074,NHW,age_4554,Female,9,0
2074,NHB,age_4554,Female,10,0
2074,HIS,age_4554,Female,11,0
2074,Other,age_4554,Female,12,0
2074,NHW,age_4554,Male,13,118.80901678
2074,NHB,age_4554,Male,14,123.9565855
2074,HIS,age_4554,Male,15,80.449949823
2074,Other,age_4554,Male,16,80.194011555
2074,NHW,age_5564,Female,17,0
2074,NHB,age_5564,Female,18,0
2074,HIS,age_5564,Female,19,0
2074,Other,age_5564,Female,20,0
2074,NHW,age_5564,Male,21,118.80901744
2074,NHB,age_5564,Male,22,123.95658215
2074,HIS,age_5564,Male,23,80.44994815
2074,Other,age_5564,Male,24,80.194023012
2074,NHW,age_65+,Female,25,0
2074,NHB,age_65+,Female,26,0
2074,HIS,age_65+,Female,27,0
2074,Other,age_65+,Female,28,0
2074,NHW,age_65+,Male,29,0
2074,NHB,age_65+,Male,30,0
2074,HIS,age_65+,Male,31,0
2074,Other,age_65+,Male,32,0
2075,NHW,age_2044,Female,1,0
2075,NHB,age_2044,Female,2,0
2075,HIS,age_2044,Female,3,0
2075,Other,age_2044,Female,4,0
2075,NHW,age_2044,Male,5,112.74740023
2075,NHB,age_2044,Male,6,122.05428082
2075,HIS,age_2044,Male,7,75.651166707
2075,Other,age_2044,Male,8,75.174164624
2075,NHW,age_4554,Female,9,0
2075,NHB,age_4554,Female,10,0
2075,HIS,age_4554,Female,11,0
2075,Other,age_4554,Female,12,0
2075,NHW,age_4554,Male,13,118.80901678
2075,NHB,age_4554,Male,14,123.9565855
2075,HIS,age_4554,Male,15,80.449949823
2075,Other,age_4554,Male,16,80.194011555
2075,NHW,age_5564,Female,17,0
2075,NHB,age_5564,Female,18,0
2075,HIS,age_5564,Female,19,0
2075,Other,age_5564,Female,20,0
2075,NHW,age_5564,Male,21,118.80901744
2075,NHB,age_5564,Male,22,123.95658215
2075,HIS,age_5564,Male,23,80.44994815
2075,Other,age_5564,Male,24,80.194023012
2075,NHW,age_65+,Female,25,0
2075,NHB,age_65+,Female,26,0
2075,HIS,age_65+,Female,27,0
2075,Other,age_65+,Female,28,0
2075,NHW,age_65+,Male,29,0
2075,NHB,age_65+,Male,30,0
2075,HIS,age_65+,Male,31,0
2075,Other,age_65+,Male,32,0
2076,NHW,age_2044,Female,1,0
2076,NHB,age_2044,Female,2,0
2076,HIS,age_2044,Female,3,0
2076,Other,age_2044,Female,4,0
2076,NHW,age_2044,Male,5,112.74740023
2076,NHB,age_2044,Male,6,122.05428082
2076,HIS,age_2044,Male,7,75.651166707
2076,Other,age_2044,Male,8,75.174164624
2076,NHW,age_4554,Female,9,0
2076,NHB,age_4554,Female,10,0
2076,HIS,age_4554,Female,11,0
2076,Other,age_4554,Female,12,0
2076,NHW,age_4554,Male,13,118.80901678
2076,NHB,age_4554,Male,14,123.9565855
2076,HIS,age_4554,Male,15,80.449949823
2076,Other,age_4554,Male,16,80.194011555
2076,NHW,age_5564,Female,17,0
2076,NHB,age_5564,Female,18,0
2076,HIS,age_5564,Female,19,0
2076,Other,age_5564,Female,20,0
2076,NHW,age_5564,Male,21,118.80901744
2076,NHB,age_5564,Male,22,123.95658215
2076,HIS,age_5564,Male,23,80.44994815
2076,Other,age_5564,Male,24,80.194023012
2076,NHW,age_65+,Female,25,0
2076,NHB,age_65+,Female,26,0
2076,HIS,age_65+,Female,27,0
2076,Other,age_65+,Female,28,0
2076,NHW,age_65+,Male,29,0
2076,NHB,age_65+,Male,30,0
2076,HIS,age_65+,Male,31,0
2076,Other,age_65+,Male,32,0
2077,NHW,age_2044,Female,1,0
2077,NHB,age_2044,Female,2,0
2077,HIS,age_2044,Female,3,0
2077,Other,age_2044,Female,4,0
2077,NHW,age_2044,Male,5,112.74740023
2077,NHB,age_2044,Male,6,122.05428082
2077,HIS,age_2044,Male,7,75.651166707
2077,Other,age_2044,Male,8,75.174164624
2077,NHW,age_4554,Female,9,0
2077,NHB,age_4554,Female,10,0
2077,HIS,age_4554,Female,11,0
2077,Other,age_4554,Female,12,0
2077,NHW,age_4554,Male,13,118.80901678
2077,NHB,age_4554,Male,14,123.9565855
2077,HIS,age_4554,Male,15,80.449949823
2077,Other,age_4554,Male,16,80.194011555
2077,NHW,age_5564,Female,17,0
2077,NHB,age_5564,Female,18,0
2077,HIS,age_5564,Female,19,0
2077,Other,age_5564,Female,20,0
2077,NHW,age_5564,Male,21,118.80901744
2077,NHB,age_5564,Male,22,123.95658215
2077,HIS,age_5564,Male,23,80.44994815
2077,Other,age_5564,Male,24,80.194023012
2077,NHW,age_65+,Female,25,0
2077,NHB,age_65+,Female,26,0
2077,HIS,age_65+,Female,27,0
2077,Other,age_65+,Female,28,0
2077,NHW,age_65+,Male,29,0
2077,NHB,age_65+,Male,30,0
2077,HIS,age_65+,Male,31,0
2077,Other,age_65+,Male,32,0
2078,NHW,age_2044,Female,1,0
2078,NHB,age_2044,Female,2,0
2078,HIS,age_2044,Female,3,0
2078,Other,age_2044,Female,4,0
2078,NHW,age_2044,Male,5,112.74740023
2078,NHB,age_2044,Male,6,122.05428082
2078,HIS,age_2044,Male,7,75.651166707
2078,Other,age_2044,Male,8,75.174164624
2078,NHW,age_4554,Female,9,0
2078,NHB,age_4554,Female,10,0
2078,HIS,age_4554,Female,11,0
2078,Other,age_4554,Female,12,0
2078,NHW,age_4554,Male,13,118.80901678
2078,NHB,age_4554,Male,14,123.9565855
2078,HIS,age_4554,Male,15,80.449949823
2078,Other,age_4554,Male,16,80.194011555
2078,NHW,age_5564,Female,17,0
2078,NHB,age_5564,Female,18,0
2078,HIS,age_5564,Female,19,0
2078,Other,age_5564,Female,20,0
2078,NHW,age_5564,Male,21,118.80901744
2078,NHB,age_5564,Male,22,123.95658215
2078,HIS,age_5564,Male,23,80.44994815
2078,Other,age_5564,Male,24,80.194023012
2078,NHW,age_65+,Female,25,0
2078,NHB,age_65+,Female,26,0
2078,HIS,age_65+,Female,27,0
2078,Other,age_65+,Female,28,0
2078,NHW,age_65+,Male,29,0
2078,NHB,age_65+,Male,30,0
2078,HIS,age_65+,Male,31,0
2078,Other,age_65+,Male,32,0
2079,NHW,age_2044,Female,1,0
2079,NHB,age_2044,Female,2,0
2079,HIS,age_2044,Female,3,0
2079,Other,age_2044,Female,4,0
2079,NHW,age_2044,Male,5,112.74740023
2079,NHB,age_2044,Male,6,122.05428082
2079,HIS,age_2044,Male,7,75.651166707
2079,Other,age_2044,Male,8,75.174164624
2079,NHW,age_4554,Female,9,0
2079,NHB,age_4554,Female,10,0
2079,HIS,age_4554,Female,11,0
2079,Other,age_4554,Female,12,0
2079,NHW,age_4554,Male,13,118.80901678
2079,NHB,age_4554,Male,14,123.9565855
2079,HIS,age_4554,Male,15,80.449949823
2079,Other,age_4554,Male,16,80.194011555
2079,NHW,age_5564,Female,17,0
2079,NHB,age_5564,Female,18,0
2079,HIS,age_5564,Female,19,0
2079,Other,age_5564,Female,20,0
2079,NHW,age_5564,Male,21,118.80901744
2079,NHB,age_5564,Male,22,123.95658215
2079,HIS,age_5564,Male,23,80.44994815
2079,Other,age_5564,Male,24,80.194023012
2079,NHW,age_65+,Female,25,0
2079,NHB,age_65+,Female,26,0
2079,HIS,age_65+,Female,27,0
2079,Other,age_65+,Female,28,0
2079,NHW,age_65+,Male,29,0
2079,NHB,age_65+,Male,30,0
2079,HIS,age_65+,Male,31,0
2079,Other,age_65+,Male,32,0
2080,NHW,age_2044,Female,1,0
2080,NHB,age_2044,Female,2,0
2080,HIS,age_2044,Female,3,0
2080,Other,age_2044,Female,4,0
2080,NHW,age_2044,Male,5,112.74740023
2080,NHB,age_2044,Male,6,122.05428082
2080,HIS,age_2044,Male,7,75.651166707
2080,Other,age_2044,Male,8,75.174164624
2080,NHW,age_4554,Female,9,0
2080,NHB,age_4554,Female,10,0
2080,HIS,age_4554,Female,11,0
2080,Other,age_4554,Female,12,0
2080,NHW,age_4554,Male,13,118.80901678
2080,NHB,age_4554,Male,14,123.9565855
2080,HIS,age_4554,Male,15,80.449949823
2080,Other,age_4554,Male,16,80.194011555
2080,NHW,age_5564,Female,17,0
2080,NHB,age_5564,Female,18,0
2080,HIS,age_5564,Female,19,0
2080,Other,age_5564,Female,20,0
2080,NHW,age_5564,Male,21,118.80901744
2080,NHB,age_5564,Male,22,123.95658215
2080,HIS,age_5564,Male,23,80.44994815
2080,Other,age_5564,Male,24,80.194023012
2080,NHW,age_65+,Female,25,0
2080,NHB,age_65+,Female,26,0
2080,HIS,age_65+,Female,27,0
2080,Other,age_65+,Female,28,0
2080,NHW,age_65+,Male,29,0
2080,NHB,age_65+,Male,30,0
2080,HIS,age_65+,Male,31,0
2080,Other,age_65+,Male,32,0
2081,NHW,age_2044,Female,1,0
2081,NHB,age_2044,Female,2,0
2081,HIS,age_2044,Female,3,0
2081,Other,age_2044,Female,4,0
2081,NHW,age_2044,Male,5,112.74740023
2081,NHB,age_2044,Male,6,122.05428082
2081,HIS,age_2044,Male,7,75.651166707
2081,Other,age_2044,Male,8,75.174164624
2081,NHW,age_4554,Female,9,0
2081,NHB,age_4554,Female,10,0
2081,HIS,age_4554,Female,11,0
2081,Other,age_4554,Female,12,0
2081,NHW,age_4554,Male,13,118.80901678
2081,NHB,age_4554,Male,14,123.9565855
2081,HIS,age_4554,Male,15,80.449949823
2081,Other,age_4554,Male,16,80.194011555
2081,NHW,age_5564,Female,17,0
2081,NHB,age_5564,Female,18,0
2081,HIS,age_5564,Female,19,0
2081,Other,age_5564,Female,20,0
2081,NHW,age_5564,Male,21,118.80901744
2081,NHB,age_5564,Male,22,123.95658215
2081,HIS,age_5564,Male,23,80.44994815
2081,Other,age_5564,Male,24,80.194023012
2081,NHW,age_65+,Female,25,0
2081,NHB,age_65+,Female,26,0
2081,HIS,age_65+,Female,27,0
2081,Other,age_65+,Female,28,0
2081,NHW,age_65+,Male,29,0
2081,NHB,age_65+,Male,30,0
2081,HIS,age_65+,Male,31,0
2081,Other,age_65+,Male,32,0
2082,NHW,age_2044,Female,1,0
2082,NHB,age_2044,Female,2,0
2082,HIS,age_2044,Female,3,0
2082,Other,age_2044,Female,4,0
2082,NHW,age_2044,Male,5,112.74740023
2082,NHB,age_2044,Male,6,122.05428082
2082,HIS,age_2044,Male,7,75.651166707
2082,Other,age_2044,Male,8,75.174164624
2082,NHW,age_4554,Female,9,0
2082,NHB,age_4554,Female,10,0
2082,HIS,age_4554,Female,11,0
2082,Other,age_4554,Female,12,0
2082,NHW,age_4554,Male,13,118.80901678
2082,NHB,age_4554,Male,14,123.9565855
2082,HIS,age_4554,Male,15,80.449949823
2082,Other,age_4554,Male,16,80.194011555
2082,NHW,age_5564,Female,17,0
2082,NHB,age_5564,Female,18,0
2082,HIS,age_5564,Female,19,0
2082,Other,age_5564,Female,20,0
2082,NHW,age_5564,Male,21,118.80901744
2082,NHB,age_5564,Male,22,123.95658215
2082,HIS,age_5564,Male,23,80.44994815
2082,Other,age_5564,Male,24,80.194023012
2082,NHW,age_65+,Female,25,0
2082,NHB,age_65+,Female,26,0
2082,HIS,age_65+,Female,27,0
2082,Other,age_65+,Female,28,0
2082,NHW,age_65+,Male,29,0
2082,NHB,age_65+,Male,30,0
2082,HIS,age_65+,Male,31,0
2082,Other,age_65+,Male,32,0
2083,NHW,age_2044,Female,1,0
2083,NHB,age_2044,Female,2,0
2083,HIS,age_2044,Female,3,0
2083,Other,age_2044,Female,4,0
2083,NHW,age_2044,Male,5,112.74740023
2083,NHB,age_2044,Male,6,122.05428082
2083,HIS,age_2044,Male,7,75.651166707
2083,Other,age_2044,Male,8,75.174164624
2083,NHW,age_4554,Female,9,0
2083,NHB,age_4554,Female,10,0
2083,HIS,age_4554,Female,11,0
2083,Other,age_4554,Female,12,0
2083,NHW,age_4554,Male,13,118.80901678
2083,NHB,age_4554,Male,14,123.9565855
2083,HIS,age_4554,Male,15,80.449949823
2083,Other,age_4554,Male,16,80.194011555
2083,NHW,age_5564,Female,17,0
2083,NHB,age_5564,Female,18,0
2083,HIS,age_5564,Female,19,0
2083,Other,age_5564,Female,20,0
2083,NHW,age_5564,Male,21,118.80901744
2083,NHB,age_5564,Male,22,123.95658215
2083,HIS,age_5564,Male,23,80.44994815
2083,Other,age_5564,Male,24,80.194023012
2083,NHW,age_65+,Female,25,0
2083,NHB,age_65+,Female,26,0
2083,HIS,age_65+,Female,27,0
2083,Other,age_65+,Female,28,0
2083,NHW,age_65+,Male,29,0
2083,NHB,age_65+,Male,30,0
2083,HIS,age_65+,Male,31,0
2083,Other,age_65+,Male,32,0
2084,NHW,age_2044,Female,1,0
2084,NHB,age_2044,Female,2,0
2084,HIS,age_2044,Female,3,0
2084,Other,age_2044,Female,4,0
2084,NHW,age_2044,Male,5,112.74740023
2084,NHB,age_2044,Male,6,122.05428082
2084,HIS,age_2044,Male,7,75.651166707
2084,Other,age_2044,Male,8,75.174164624
2084,NHW,age_4554,Female,9,0
2084,NHB,age_4554,Female,10,0
2084,HIS,age_4554,Female,11,0
2084,Other,age_4554,Female,12,0
2084,NHW,age_4554,Male,13,118.80901678
2084,NHB,age_4554,Male,14,123.9565855
2084,HIS,age_4554,Male,15,80.449949823
2084,Other,age_4554,Male,16,80.194011555
2084,NHW,age_5564,Female,17,0
2084,NHB,age_5564,Female,18,0
2084,HIS,age_5564,Female,19,0
2084,Other,age_5564,Female,20,0
2084,NHW,age_5564,Male,21,118.80901744
2084,NHB,age_5564,Male,22,123.95658215
2084,HIS,age_5564,Male,23,80.44994815
2084,Other,age_5564,Male,24,80.194023012
2084,NHW,age_65+,Female,25,0
2084,NHB,age_65+,Female,26,0
2084,HIS,age_65+,Female,27,0
2084,Other,age_65+,Female,28,0
2084,NHW,age_65+,Male,29,0
2084,NHB,age_65+,Male,30,0
2084,HIS,age_65+,Male,31,0
2084,Other,age_65+,Male,32,0
2085,NHW,age_2044,Female,1,0
2085,NHB,age_2044,Female,2,0
2085,HIS,age_2044,Female,3,0
2085,Other,age_2044,Female,4,0
2085,NHW,age_2044,Male,5,112.74740023
2085,NHB,age_2044,Male,6,122.05428082
2085,HIS,age_2044,Male,7,75.651166707
2085,Other,age_2044,Male,8,75.174164624
2085,NHW,age_4554,Female,9,0
2085,NHB,age_4554,Female,10,0
2085,HIS,age_4554,Female,11,0
2085,Other,age_4554,Female,12,0
2085,NHW,age_4554,Male,13,118.80901678
2085,NHB,age_4554,Male,14,123.9565855
2085,HIS,age_4554,Male,15,80.449949823
2085,Other,age_4554,Male,16,80.194011555
2085,NHW,age_5564,Female,17,0
2085,NHB,age_5564,Female,18,0
2085,HIS,age_5564,Female,19,0
2085,Other,age_5564,Female,20,0
2085,NHW,age_5564,Male,21,118.80901744
2085,NHB,age_5564,Male,22,123.95658215
2085,HIS,age_5564,Male,23,80.44994815
2085,Other,age_5564,Male,24,80.194023012
2085,NHW,age_65+,Female,25,0
2085,NHB,age_65+,Female,26,0
2085,HIS,age_65+,Female,27,0
2085,Other,age_65+,Female,28,0
2085,NHW,age_65+,Male,29,0
2085,NHB,age_65+,Male,30,0
2085,HIS,age_65+,Male,31,0
2085,Other,age_65+,Male,32,0
2086,NHW,age_2044,Female,1,0
2086,NHB,age_2044,Female,2,0
2086,HIS,age_2044,Female,3,0
2086,Other,age_2044,Female,4,0
2086,NHW,age_2044,Male,5,112.74740023
2086,NHB,age_2044,Male,6,122.05428082
2086,HIS,age_2044,Male,7,75.651166707
2086,Other,age_2044,Male,8,75.174164624
2086,NHW,age_4554,Female,9,0
2086,NHB,age_4554,Female,10,0
2086,HIS,age_4554,Female,11,0
2086,Other,age_4554,Female,12,0
2086,NHW,age_4554,Male,13,118.80901678
2086,NHB,age_4554,Male,14,123.9565855
2086,HIS,age_4554,Male,15,80.449949823
2086,Other,age_4554,Male,16,80.194011555
2086,NHW,age_5564,Female,17,0
2086,NHB,age_5564,Female,18,0
2086,HIS,age_5564,Female,19,0
2086,Other,age_5564,Female,20,0
2086,NHW,age_5564,Male,21,118.80901744
2086,NHB,age_5564,Male,22,123.95658215
2086,HIS,age_5564,Male,23,80.44994815
2086,Other,age_5564,Male,24,80.194023012
2086,NHW,age_65+,Female,25,0
2086,NHB,age_65+,Female,26,0
2086,HIS,age_65+,Female,27,0
2086,Other,age_65+,Female,28,0
2086,NHW,age_65+,Male,29,0
2086,NHB,age_65+,Male,30,0
2086,HIS,age_65+,Male,31,0
2086,Other,age_65+,Male,32,0
2087,NHW,age_2044,Female,1,0
2087,NHB,age_2044,Female,2,0
2087,HIS,age_2044,Female,3,0
2087,Other,age_2044,Female,4,0
2087,NHW,age_2044,Male,5,112.74740023
2087,NHB,age_2044,Male,6,122.05428082
2087,HIS,age_2044,Male,7,75.651166707
2087,Other,age_2044,Male,8,75.174164624
2087,NHW,age_4554,Female,9,0
2087,NHB,age_4554,Female,10,0
2087,HIS,age_4554,Female,11,0
2087,Other,age_4554,Female,12,0
2087,NHW,age_4554,Male,13,118.80901678
2087,NHB,age_4554,Male,14,123.9565855
2087,HIS,age_4554,Male,15,80.449949823
2087,Other,age_4554,Male,16,80.194011555
2087,NHW,age_5564,Female,17,0
2087,NHB,age_5564,Female,18,0
2087,HIS,age_5564,Female,19,0
2087,Other,age_5564,Female,20,0
2087,NHW,age_5564,Male,21,118.80901744
2087,NHB,age_5564,Male,22,123.95658215
2087,HIS,age_5564,Male,23,80.44994815
2087,Other,age_5564,Male,24,80.194023012
2087,NHW,age_65+,Female,25,0
2087,NHB,age_65+,Female,26,0
2087,HIS,age_65+,Female,27,0
2087,Other,age_65+,Female,28,0
2087,NHW,age_65+,Male,29,0
2087,NHB,age_65+,Male,30,0
2087,HIS,age_65+,Male,31,0
2087,Other,age_65+,Male,32,0
2088,NHW,age_2044,Female,1,0
2088,NHB,age_2044,Female,2,0
2088,HIS,age_2044,Female,3,0
2088,Other,age_2044,Female,4,0
2088,NHW,age_2044,Male,5,112.74740023
2088,NHB,age_2044,Male,6,122.05428082
2088,HIS,age_2044,Male,7,75.651166707
2088,Other,age_2044,Male,8,75.174164624
2088,NHW,age_4554,Female,9,0
2088,NHB,age_4554,Female,10,0
2088,HIS,age_4554,Female,11,0
2088,Other,age_4554,Female,12,0
2088,NHW,age_4554,Male,13,118.80901678
2088,NHB,age_4554,Male,14,123.9565855
2088,HIS,age_4554,Male,15,80.449949823
2088,Other,age_4554,Male,16,80.194011555
2088,NHW,age_5564,Female,17,0
2088,NHB,age_5564,Female,18,0
2088,HIS,age_5564,Female,19,0
2088,Other,age_5564,Female,20,0
2088,NHW,age_5564,Male,21,118.80901744
2088,NHB,age_5564,Male,22,123.95658215
2088,HIS,age_5564,Male,23,80.44994815
2088,Other,age_5564,Male,24,80.194023012
2088,NHW,age_65+,Female,25,0
2088,NHB,age_65+,Female,26,0
2088,HIS,age_65+,Female,27,0
2088,Other,age_65+,Female,28,0
2088,NHW,age_65+,Male,29,0
2088,NHB,age_65+,Male,30,0
2088,HIS,age_65+,Male,31,0
2088,Other,age_65+,Male,32,0
2089,NHW,age_2044,Female,1,0
2089,NHB,age_2044,Female,2,0
2089,HIS,age_2044,Female,3,0
2089,Other,age_2044,Female,4,0
2089,NHW,age_2044,Male,5,112.74740023
2089,NHB,age_2044,Male,6,122.05428082
2089,HIS,age_2044,Male,7,75.651166707
2089,Other,age_2044,Male,8,75.174164624
2089,NHW,age_4554,Female,9,0
2089,NHB,age_4554,Female,10,0
2089,HIS,age_4554,Female,11,0
2089,Other,age_4554,Female,12,0
2089,NHW,age_4554,Male,13,118.80901678
2089,NHB,age_4554,Male,14,123.9565855
2089,HIS,age_4554,Male,15,80.449949823
2089,Other,age_4554,Male,16,80.194011555
2089,NHW,age_5564,Female,17,0
2089,NHB,age_5564,Female,18,0
2089,HIS,age_5564,Female,19,0
2089,Other,age_5564,Female,20,0
2089,NHW,age_5564,Male,21,118.80901744
2089,NHB,age_5564,Male,22,123.95658215
2089,HIS,age_5564,Male,23,80.44994815
2089,Other,age_5564,Male,24,80.194023012
2089,NHW,age_65+,Female,25,0
2089,NHB,age_65+,Female,26,0
2089,HIS,age_65+,Female,27,0
2089,Other,age_65+,Female,28,0
2089,NHW,age_65+,Male,29,0
2089,NHB,age_65+,Male,30,0
2089,HIS,age_65+,Male,31,0
2089,Other,age_65+,Male,32,0
2090,NHW,age_2044,Female,1,0
2090,NHB,age_2044,Female,2,0
2090,HIS,age_2044,Female,3,0
2090,Other,age_2044,Female,4,0
2090,NHW,age_2044,Male,5,112.74740023
2090,NHB,age_2044,Male,6,122.05428082
2090,HIS,age_2044,Male,7,75.651166707
2090,Other,age_2044,Male,8,75.174164624
2090,NHW,age_4554,Female,9,0
2090,NHB,age_4554,Female,10,0
2090,HIS,age_4554,Female,11,0
2090,Other,age_4554,Female,12,0
2090,NHW,age_4554,Male,13,118.80901678
2090,NHB,age_4554,Male,14,123.9565855
2090,HIS,age_4554,Male,15,80.449949823
2090,Other,age_4554,Male,16,80.194011555
2090,NHW,age_5564,Female,17,0
2090,NHB,age_5564,Female,18,0
2090,HIS,age_5564,Female,19,0
2090,Other,age_5564,Female,20,0
2090,NHW,age_5564,Male,21,118.80901744
2090,NHB,age_5564,Male,22,123.95658215
2090,HIS,age_5564,Male,23,80.44994815
2090,Other,age_5564,Male,24,80.194023012
2090,NHW,age_65+,Female,25,0
2090,NHB,age_65+,Female,26,0
2090,HIS,age_65+,Female,27,0
2090,Other,age_65+,Female,28,0
2090,NHW,age_65+,Male,29,0
2090,NHB,age_65+,Male,30,0
2090,HIS,age_65+,Male,31,0
2090,Other,age_65+,Male,32,0
2091,NHW,age_2044,Female,1,0
2091,NHB,age_2044,Female,2,0
2091,HIS,age_2044,Female,3,0
2091,Other,age_2044,Female,4,0
2091,NHW,age_2044,Male,5,112.74740023
2091,NHB,age_2044,Male,6,122.05428082
2091,HIS,age_2044,Male,7,75.651166707
2091,Other,age_2044,Male,8,75.174164624
2091,NHW,age_4554,Female,9,0
2091,NHB,age_4554,Female,10,0
2091,HIS,age_4554,Female,11,0
2091,Other,age_4554,Female,12,0
2091,NHW,age_4554,Male,13,118.80901678
2091,NHB,age_4554,Male,14,123.9565855
2091,HIS,age_4554,Male,15,80.449949823
2091,Other,age_4554,Male,16,80.194011555
2091,NHW,age_5564,Female,17,0
2091,NHB,age_5564,Female,18,0
2091,HIS,age_5564,Female,19,0
2091,Other,age_5564,Female,20,0
2091,NHW,age_5564,Male,21,118.80901744
2091,NHB,age_5564,Male,22,123.95658215
2091,HIS,age_5564,Male,23,80.44994815
2091,Other,age_5564,Male,24,80.194023012
2091,NHW,age_65+,Female,25,0
2091,NHB,age_65+,Female,26,0
2091,HIS,age_65+,Female,27,0
2091,Other,age_65+,Female,28,0
2091,NHW,age_65+,Male,29,0
2091,NHB,age_65+,Male,30,0
2091,HIS,age_65+,Male,31,0
2091,Other,age_65+,Male,32,0
2092,NHW,age_2044,Female,1,0
2092,NHB,age_2044,Female,2,0
2092,HIS,age_2044,Female,3,0
2092,Other,age_2044,Female,4,0
2092,NHW,age_2044,Male,5,112.74740023
2092,NHB,age_2044,Male,6,122.05428082
2092,HIS,age_2044,Male,7,75.651166707
2092,Other,age_2044,Male,8,75.174164624
2092,NHW,age_4554,Female,9,0
2092,NHB,age_4554,Female,10,0
2092,HIS,age_4554,Female,11,0
2092,Other,age_4554,Female,12,0
2092,NHW,age_4554,Male,13,118.80901678
2092,NHB,age_4554,Male,14,123.9565855
2092,HIS,age_4554,Male,15,80.449949823
2092,Other,age_4554,Male,16,80.194011555
2092,NHW,age_5564,Female,17,0
2092,NHB,age_5564,Female,18,0
2092,HIS,age_5564,Female,19,0
2092,Other,age_5564,Female,20,0
2092,NHW,age_5564,Male,21,118.80901744
2092,NHB,age_5564,Male,22,123.95658215
2092,HIS,age_5564,Male,23,80.44994815
2092,Other,age_5564,Male,24,80.194023012
2092,NHW,age_65+,Female,25,0
2092,NHB,age_65+,Female,26,0
2092,HIS,age_65+,Female,27,0
2092,Other,age_65+,Female,28,0
2092,NHW,age_65+,Male,29,0
2092,NHB,age_65+,Male,30,0
2092,HIS,age_65+,Male,31,0
2092,Other,age_65+,Male,32,0
2093,NHW,age_2044,Female,1,0
2093,NHB,age_2044,Female,2,0
2093,HIS,age_2044,Female,3,0
2093,Other,age_2044,Female,4,0
2093,NHW,age_2044,Male,5,112.74740023
2093,NHB,age_2044,Male,6,122.05428082
2093,HIS,age_2044,Male,7,75.651166707
2093,Other,age_2044,Male,8,75.174164624
2093,NHW,age_4554,Female,9,0
2093,NHB,age_4554,Female,10,0
2093,HIS,age_4554,Female,11,0
2093,Other,age_4554,Female,12,0
2093,NHW,age_4554,Male,13,118.80901678
2093,NHB,age_4554,Male,14,123.9565855
2093,HIS,age_4554,Male,15,80.449949823
2093,Other,age_4554,Male,16,80.194011555
2093,NHW,age_5564,Female,17,0
2093,NHB,age_5564,Female,18,0
2093,HIS,age_5564,Female,19,0
2093,Other,age_5564,Female,20,0
2093,NHW,age_5564,Male,21,118.80901744
2093,NHB,age_5564,Male,22,123.95658215
2093,HIS,age_5564,Male,23,80.44994815
2093,Other,age_5564,Male,24,80.194023012
2093,NHW,age_65+,Female,25,0
2093,NHB,age_65+,Female,26,0
2093,HIS,age_65+,Female,27,0
2093,Other,age_65+,Female,28,0
2093,NHW,age_65+,Male,29,0
2093,NHB,age_65+,Male,30,0
2093,HIS,age_65+,Male,31,0
2093,Other,age_65+,Male,32,0
2094,NHW,age_2044,Female,1,0
2094,NHB,age_2044,Female,2,0
2094,HIS,age_2044,Female,3,0
2094,Other,age_2044,Female,4,0
2094,NHW,age_2044,Male,5,112.74740023
2094,NHB,age_2044,Male,6,122.05428082
2094,HIS,age_2044,Male,7,75.651166707
2094,Other,age_2044,Male,8,75.174164624
2094,NHW,age_4554,Female,9,0
2094,NHB,age_4554,Female,10,0
2094,HIS,age_4554,Female,11,0
2094,Other,age_4554,Female,12,0
2094,NHW,age_4554,Male,13,118.80901678
2094,NHB,age_4554,Male,14,123.9565855
2094,HIS,age_4554,Male,15,80.449949823
2094,Other,age_4554,Male,16,80.194011555
2094,NHW,age_5564,Female,17,0
2094,NHB,age_5564,Female,18,0
2094,HIS,age_5564,Female,19,0
2094,Other,age_5564,Female,20,0
2094,NHW,age_5564,Male,21,118.80901744
2094,NHB,age_5564,Male,22,123.95658215
2094,HIS,age_5564,Male,23,80.44994815
2094,Other,age_5564,Male,24,80.194023012
2094,NHW,age_65+,Female,25,0
2094,NHB,age_65+,Female,26,0
2094,HIS,age_65+,Female,27,0
2094,Other,age_65+,Female,28,0
2094,NHW,age_65+,Male,29,0
2094,NHB,age_65+,Male,30,0
2094,HIS,age_65+,Male,31,0
2094,Other,age_65+,Male,32,0
2095,NHW,age_2044,Female,1,0
2095,NHB,age_2044,Female,2,0
2095,HIS,age_2044,Female,3,0
2095,Other,age_2044,Female,4,0
2095,NHW,age_2044,Male,5,112.74740023
2095,NHB,age_2044,Male,6,122.05428082
2095,HIS,age_2044,Male,7,75.651166707
2095,Other,age_2044,Male,8,75.174164624
2095,NHW,age_4554,Female,9,0
2095,NHB,age_4554,Female,10,0
2095,HIS,age_4554,Female,11,0
2095,Other,age_4554,Female,12,0
2095,NHW,age_4554,Male,13,118.80901678
2095,NHB,age_4554,Male,14,123.9565855
2095,HIS,age_4554,Male,15,80.449949823
2095,Other,age_4554,Male,16,80.194011555
2095,NHW,age_5564,Female,17,0
2095,NHB,age_5564,Female,18,0
2095,HIS,age_5564,Female,19,0
2095,Other,age_5564,Female,20,0
2095,NHW,age_5564,Male,21,118.80901744
2095,NHB,age_5564,Male,22,123.95658215
2095,HIS,age_5564,Male,23,80.44994815
2095,Other,age_5564,Male,24,80.194023012
2095,NHW,age_65+,Female,25,0
2095,NHB,age_65+,Female,26,0
2095,HIS,age_65+,Female,27,0
2095,Other,age_65+,Female,28,0
2095,NHW,age_65+,Male,29,0
2095,NHB,age_65+,Male,30,0
2095,HIS,age_65+,Male,31,0
2095,Other,age_65+,Male,32,0
2096,NHW,age_2044,Female,1,0
2096,NHB,age_2044,Female,2,0
2096,HIS,age_2044,Female,3,0
2096,Other,age_2044,Female,4,0
2096,NHW,age_2044,Male,5,112.74740023
2096,NHB,age_2044,Male,6,122.05428082
2096,HIS,age_2044,Male,7,75.651166707
2096,Other,age_2044,Male,8,75.174164624
2096,NHW,age_4554,Female,9,0
2096,NHB,age_4554,Female,10,0
2096,HIS,age_4554,Female,11,0
2096,Other,age_4554,Female,12,0
2096,NHW,age_4554,Male,13,118.80901678
2096,NHB,age_4554,Male,14,123.9565855
2096,HIS,age_4554,Male,15,80.449949823
2096,Other,age_4554,Male,16,80.194011555
2096,NHW,age_5564,Female,17,0
2096,NHB,age_5564,Female,18,0
2096,HIS,age_5564,Female,19,0
2096,Other,age_5564,Female,20,0
2096,NHW,age_5564,Male,21,118.80901744
2096,NHB,age_5564,Male,22,123.95658215
2096,HIS,age_5564,Male,23,80.44994815
2096,Other,age_5564,Male,24,80.194023012
2096,NHW,age_65+,Female,25,0
2096,NHB,age_65+,Female,26,0
2096,HIS,age_65+,Female,27,0
2096,Other,age_65+,Female,28,0
2096,NHW,age_65+,Male,29,0
2096,NHB,age_65+,Male,30,0
2096,HIS,age_65+,Male,31,0
2096,Other,age_65+,Male,32,0
2097,NHW,age_2044,Female,1,0
2097,NHB,age_2044,Female,2,0
2097,HIS,age_2044,Female,3,0
2097,Other,age_2044,Female,4,0
2097,NHW,age_2044,Male,5,112.74740023
2097,NHB,age_2044,Male,6,122.05428082
2097,HIS,age_2044,Male,7,75.651166707
2097,Other,age_2044,Male,8,75.174164624
2097,NHW,age_4554,Female,9,0
2097,NHB,age_4554,Female,10,0
2097,HIS,age_4554,Female,11,0
2097,Other,age_4554,Female,12,0
2097,NHW,age_4554,Male,13,118.80901678
2097,NHB,age_4554,Male,14,123.9565855
2097,HIS,age_4554,Male,15,80.449949823
2097,Other,age_4554,Male,16,80.194011555
2097,NHW,age_5564,Female,17,0
2097,NHB,age_5564,Female,18,0
2097,HIS,age_5564,Female,19,0
2097,Other,age_5564,Female,20,0
2097,NHW,age_5564,Male,21,118.80901744
2097,NHB,age_5564,Male,22,123.95658215
2097,HIS,age_5564,Male,23,80.44994815
2097,Other,age_5564,Male,24,80.194023012
2097,NHW,age_65+,Female,25,0
2097,NHB,age_65+,Female,26,0
2097,HIS,age_65+,Female,27,0
2097,Other,age_65+,Female,28,0
2097,NHW,age_65+,Male,29,0
2097,NHB,age_65+,Male,30,0
2097,HIS,age_65+,Male,31,0
2097,Other,age_65+,Male,32,0
