subgroup,outcome,risk_factor,RR_unit,RR,CI_lower,CI_upper,conversion_factor,RR_converted,SE_converted,RR_unit_converted
1,CC,gr_whole,3 servings/d,0.83,0.78,0.89,NA,NA,NA,NA
1,CC,dairy,400g/d,0.87,0.83,0.9,225,-0.2475770085929025,0.036720663280574696,1 cup/day
1,CC,pf_pm,50g/d,1.16,1.08,1.26,30.21,0.24564714518085604,0.06508466239185322,1 oz eq/day
1,CC,pf_redm,100g/d,1.12,1,1.25,30.21,0.3751363300463531,0.1884289153765561,1 oz eq/day
1,CC,fiber,10g/d,0.9,0.86,0.94,1,-0.10536051565782628,0.02269068520828983,10 g/day
1,DIAB,gr_whole,50g/d,0.83,0.76,0.9,NA,NA,NA,NA
1,DIAB,pf_ns,1oz/wk,0.95,0.92,0.98,NA,NA,NA,NA
1,DIAB,pf_pm,50g/d,1.86,1.38,2.46,30.21,1.0271044153014068,0.2440728889166811,1 oz eq/day
1,DIAB,pf_redm,100g/d,1.3,1.05,1.6,30.21,0.8684682703326417,0.35568492075564884,1 oz eq/day
1,HSTK,gr_whole,50g/d,0.88,0.8,0.96,NA,NA,NA,NA
1,HSTK,veg_exc_sta,100g/d,0.76,0.61,0.95,NA,NA,NA,NA
1,HSTK,fruit,100g/d,0.63,0.49,0.81,149.37,-0.30932279547202163,0.08584163291296443,1 cup/day
1,IHD,gr_whole,50g/d,0.95,0.91,0.99,NA,NA,NA,NA
1,IHD,veg_exc_sta,100g/d,0.93,0.89,0.97,NA,NA,NA,NA
1,IHD,fruit,100g/d,0.92,0.87,0.97,149.37,-0.055822192501205736,0.01858193184312874,1 cup/day
1,IHD,pf_pm,50g/d,1.62,1.17,2.18,30.21,0.7984544012649665,0.2627530450077911,1 oz eq/day
1,IHD,pufa_rep_carb,5%E/d,0.86,0.79,0.92,1,-0.15082288973458366,0.03886242974031092,5%E/day
1,IHD,pufa_rep_sfa,5%E/d,0.87,0.81,0.93,1,-0.13926206733350766,0.03524243328592274,5%E/day
1,IHD,sea_omega3_fa,100mg/d,0.79,0.7,0.88,1,-0.23572233352106983,0.05837795215021622,100 mg/day
1,ISTK,gr_whole,50g/d,0.88,0.8,0.96,NA,NA,NA,NA
1,ISTK,veg_exc_sta,100g/d,0.76,0.64,0.9,NA,NA,NA,NA
1,ISTK,fruit,100g/d,0.83,0.76,0.9,149.37,-0.12474364209111165,0.02887575607413962,1 cup/day
1,Larynx,veg_exc_sta,100 g/d,0.91,0.87,0.96,NA,NA,NA,NA
1,Larynx,fruit,100 g/d,0.95,0.91,1,149.37,-0.034339756569291405,0.016106880099007893,1 cup/day
1,LC,veg_exc_sta,100/d,0.92,0.87,0.97,NA,NA,NA,NA
1,LC,fruit,100 g/d,0.82,0.76,0.89,149.37,-0.13285863207058868,0.026967520293704444,1 cup/day
1,SCNC,pf_pm,50g/d,1.18,1.01,1.38,30.21,0.2739398187315017,0.1317871702149347,1 oz eq/day
2,CC,gr_whole,3 servings/d,0.83,0.78,0.89,NA,NA,NA,NA
2,CC,dairy,400g/d,0.87,0.83,0.9,225,-0.2475770085929025,0.036720663280574696,1 cup/day
2,CC,pf_pm,50g/d,1.16,1.08,1.26,30.21,0.24564714518085604,0.06508466239185322,1 oz eq/day
2,CC,pf_redm,100g/d,1.12,1,1.25,30.21,0.3751363300463531,0.1884289153765561,1 oz eq/day
2,CC,fiber,10g/d,0.9,0.86,0.94,1,-0.10536051565782628,0.02269068520828983,10 g/day
2,DIAB,gr_whole,50g/d,0.83,0.76,0.9,NA,NA,NA,NA
2,DIAB,pf_ns,1oz/wk,0.95,0.92,0.98,NA,NA,NA,NA
2,DIAB,pf_pm,50g/d,1.86,1.38,2.46,30.21,1.0271044153014068,0.2440728889166811,1 oz eq/day
2,DIAB,pf_redm,100g/d,1.3,1.05,1.6,30.21,0.8684682703326417,0.35568492075564884,1 oz eq/day
2,HSTK,gr_whole,50g/d,0.88,0.8,0.96,NA,NA,NA,NA
2,HSTK,veg_exc_sta,100g/d,0.76,0.61,0.95,NA,NA,NA,NA
2,HSTK,fruit,100g/d,0.63,0.49,0.81,149.37,-0.30932279547202163,0.08584163291296443,1 cup/day
2,IHD,gr_whole,50g/d,0.95,0.91,0.99,NA,NA,NA,NA
2,IHD,veg_exc_sta,100g/d,0.93,0.89,0.97,NA,NA,NA,NA
2,IHD,fruit,100g/d,0.92,0.87,0.97,149.37,-0.055822192501205736,0.01858193184312874,1 cup/day
2,IHD,pf_pm,50g/d,1.62,1.17,2.18,30.21,0.7984544012649665,0.2627530450077911,1 oz eq/day
2,IHD,pufa_rep_carb,5%E/d,0.86,0.79,0.92,1,-0.15082288973458366,0.03886242974031092,5%E/day
2,IHD,pufa_rep_sfa,5%E/d,0.87,0.81,0.93,1,-0.13926206733350766,0.03524243328592274,5%E/day
2,IHD,sea_omega3_fa,100mg/d,0.79,0.7,0.88,1,-0.23572233352106983,0.05837795215021622,100 mg/day
2,ISTK,gr_whole,50g/d,0.88,0.8,0.96,NA,NA,NA,NA
2,ISTK,veg_exc_sta,100g/d,0.76,0.64,0.9,NA,NA,NA,NA
2,ISTK,fruit,100g/d,0.83,0.76,0.9,149.37,-0.12474364209111165,0.02887575607413962,1 cup/day
2,Larynx,veg_exc_sta,100 g/d,0.91,0.87,0.96,NA,NA,NA,NA
2,Larynx,fruit,100 g/d,0.95,0.91,1,149.37,-0.034339756569291405,0.016106880099007893,1 cup/day
2,LC,veg_exc_sta,100/d,0.92,0.87,0.97,NA,NA,NA,NA
2,LC,fruit,100 g/d,0.82,0.76,0.89,149.37,-0.13285863207058868,0.026967520293704444,1 cup/day
2,SCNC,pf_pm,50g/d,1.18,1.01,1.38,30.21,0.2739398187315017,0.1317871702149347,1 oz eq/day
3,CC,gr_whole,3 servings/d,0.83,0.78,0.89,NA,NA,NA,NA
3,CC,dairy,400g/d,0.87,0.83,0.9,225,-0.2475770085929025,0.036720663280574696,1 cup/day
3,CC,pf_pm,50g/d,1.16,1.08,1.26,30.21,0.24564714518085604,0.06508466239185322,1 oz eq/day
3,CC,pf_redm,100g/d,1.12,1,1.25,30.21,0.3751363300463531,0.1884289153765561,1 oz eq/day
3,CC,fiber,10g/d,0.9,0.86,0.94,1,-0.10536051565782628,0.02269068520828983,10 g/day
3,DIAB,gr_whole,50g/d,0.83,0.76,0.9,NA,NA,NA,NA
3,DIAB,pf_ns,1oz/wk,0.95,0.92,0.98,NA,NA,NA,NA
3,DIAB,pf_pm,50g/d,1.86,1.38,2.46,30.21,1.0271044153014068,0.2440728889166811,1 oz eq/day
3,DIAB,pf_redm,100g/d,1.3,1.05,1.6,30.21,0.8684682703326417,0.35568492075564884,1 oz eq/day
3,HSTK,gr_whole,50g/d,0.88,0.8,0.96,NA,NA,NA,NA
3,HSTK,veg_exc_sta,100g/d,0.76,0.61,0.95,NA,NA,NA,NA
3,HSTK,fruit,100g/d,0.63,0.49,0.81,149.37,-0.30932279547202163,0.08584163291296443,1 cup/day
3,IHD,gr_whole,50g/d,0.95,0.91,0.99,NA,NA,NA,NA
3,IHD,veg_exc_sta,100g/d,0.93,0.89,0.97,NA,NA,NA,NA
3,IHD,fruit,100g/d,0.92,0.87,0.97,149.37,-0.055822192501205736,0.01858193184312874,1 cup/day
3,IHD,pf_pm,50g/d,1.62,1.17,2.18,30.21,0.7984544012649665,0.2627530450077911,1 oz eq/day
3,IHD,pufa_rep_carb,5%E/d,0.86,0.79,0.92,1,-0.15082288973458366,0.03886242974031092,5%E/day
3,IHD,pufa_rep_sfa,5%E/d,0.87,0.81,0.93,1,-0.13926206733350766,0.03524243328592274,5%E/day
3,IHD,sea_omega3_fa,100mg/d,0.79,0.7,0.88,1,-0.23572233352106983,0.05837795215021622,100 mg/day
3,ISTK,gr_whole,50g/d,0.88,0.8,0.96,NA,NA,NA,NA
3,ISTK,veg_exc_sta,100g/d,0.76,0.64,0.9,NA,NA,NA,NA
3,ISTK,fruit,100g/d,0.83,0.76,0.9,149.37,-0.12474364209111165,0.02887575607413962,1 cup/day
3,Larynx,veg_exc_sta,100 g/d,0.91,0.87,0.96,NA,NA,NA,NA
3,Larynx,fruit,100 g/d,0.95,0.91,1,149.37,-0.034339756569291405,0.016106880099007893,1 cup/day
3,LC,veg_exc_sta,100/d,0.92,0.87,0.97,NA,NA,NA,NA
3,LC,fruit,100 g/d,0.82,0.76,0.89,149.37,-0.13285863207058868,0.026967520293704444,1 cup/day
3,SCNC,pf_pm,50g/d,1.18,1.01,1.38,30.21,0.2739398187315017,0.1317871702149347,1 oz eq/day
4,CC,gr_whole,3 servings/d,0.83,0.78,0.89,NA,NA,NA,NA
4,CC,dairy,400g/d,0.87,0.83,0.9,225,-0.2475770085929025,0.036720663280574696,1 cup/day
4,CC,pf_pm,50g/d,1.16,1.08,1.26,30.21,0.24564714518085604,0.06508466239185322,1 oz eq/day
4,CC,pf_redm,100g/d,1.12,1,1.25,30.21,0.3751363300463531,0.1884289153765561,1 oz eq/day
4,CC,fiber,10g/d,0.9,0.86,0.94,1,-0.10536051565782628,0.02269068520828983,10 g/day
4,DIAB,gr_whole,50g/d,0.83,0.76,0.9,NA,NA,NA,NA
4,DIAB,pf_ns,1oz/wk,0.95,0.92,0.98,NA,NA,NA,NA
4,DIAB,pf_pm,50g/d,1.86,1.38,2.46,30.21,1.0271044153014068,0.2440728889166811,1 oz eq/day
4,DIAB,pf_redm,100g/d,1.3,1.05,1.6,30.21,0.8684682703326417,0.35568492075564884,1 oz eq/day
4,HSTK,gr_whole,50g/d,0.88,0.8,0.96,NA,NA,NA,NA
4,HSTK,veg_exc_sta,100g/d,0.76,0.61,0.95,NA,NA,NA,NA
4,HSTK,fruit,100g/d,0.63,0.49,0.81,149.37,-0.30932279547202163,0.08584163291296443,1 cup/day
4,IHD,gr_whole,50g/d,0.95,0.91,0.99,NA,NA,NA,NA
4,IHD,veg_exc_sta,100g/d,0.93,0.89,0.97,NA,NA,NA,NA
4,IHD,fruit,100g/d,0.92,0.87,0.97,149.37,-0.055822192501205736,0.01858193184312874,1 cup/day
4,IHD,pf_pm,50g/d,1.62,1.17,2.18,30.21,0.7984544012649665,0.2627530450077911,1 oz eq/day
4,IHD,pufa_rep_carb,5%E/d,0.86,0.79,0.92,1,-0.15082288973458366,0.03886242974031092,5%E/day
4,IHD,pufa_rep_sfa,5%E/d,0.87,0.81,0.93,1,-0.13926206733350766,0.03524243328592274,5%E/day
4,IHD,sea_omega3_fa,100mg/d,0.79,0.7,0.88,1,-0.23572233352106983,0.05837795215021622,100 mg/day
4,ISTK,gr_whole,50g/d,0.88,0.8,0.96,NA,NA,NA,NA
4,ISTK,veg_exc_sta,100g/d,0.76,0.64,0.9,NA,NA,NA,NA
4,ISTK,fruit,100g/d,0.83,0.76,0.9,149.37,-0.12474364209111165,0.02887575607413962,1 cup/day
4,Larynx,veg_exc_sta,100 g/d,0.91,0.87,0.96,NA,NA,NA,NA
4,Larynx,fruit,100 g/d,0.95,0.91,1,149.37,-0.034339756569291405,0.016106880099007893,1 cup/day
4,LC,veg_exc_sta,100/d,0.92,0.87,0.97,NA,NA,NA,NA
4,LC,fruit,100 g/d,0.82,0.76,0.89,149.37,-0.13285863207058868,0.026967520293704444,1 cup/day
4,SCNC,pf_pm,50g/d,1.18,1.01,1.38,30.21,0.2739398187315017,0.1317871702149347,1 oz eq/day
5,CC,gr_whole,3 servings/d,0.83,0.78,0.89,NA,NA,NA,NA
5,CC,dairy,400g/d,0.87,0.83,0.9,225,-0.2475770085929025,0.036720663280574696,1 cup/day
5,CC,pf_pm,50g/d,1.16,1.08,1.26,30.21,0.24564714518085604,0.06508466239185322,1 oz eq/day
5,CC,pf_redm,100g/d,1.12,1,1.25,30.21,0.3751363300463531,0.1884289153765561,1 oz eq/day
5,CC,fiber,10g/d,0.9,0.86,0.94,1,-0.10536051565782628,0.02269068520828983,10 g/day
5,DIAB,gr_whole,50g/d,0.83,0.76,0.9,NA,NA,NA,NA
5,DIAB,pf_ns,1oz/wk,0.95,0.92,0.98,NA,NA,NA,NA
5,DIAB,pf_pm,50g/d,1.86,1.38,2.46,30.21,1.0271044153014068,0.2440728889166811,1 oz eq/day
5,DIAB,pf_redm,100g/d,1.3,1.05,1.6,30.21,0.8684682703326417,0.35568492075564884,1 oz eq/day
5,HSTK,gr_whole,50g/d,0.88,0.8,0.96,NA,NA,NA,NA
5,HSTK,veg_exc_sta,100g/d,0.76,0.61,0.95,NA,NA,NA,NA
5,HSTK,fruit,100g/d,0.63,0.49,0.81,149.37,-0.30932279547202163,0.08584163291296443,1 cup/day
5,IHD,gr_whole,50g/d,0.95,0.91,0.99,NA,NA,NA,NA
5,IHD,veg_exc_sta,100g/d,0.93,0.89,0.97,NA,NA,NA,NA
5,IHD,fruit,100g/d,0.92,0.87,0.97,149.37,-0.055822192501205736,0.01858193184312874,1 cup/day
5,IHD,pf_pm,50g/d,1.62,1.17,2.18,30.21,0.7984544012649665,0.2627530450077911,1 oz eq/day
5,IHD,pufa_rep_carb,5%E/d,0.86,0.79,0.92,1,-0.15082288973458366,0.03886242974031092,5%E/day
5,IHD,pufa_rep_sfa,5%E/d,0.87,0.81,0.93,1,-0.13926206733350766,0.03524243328592274,5%E/day
5,IHD,sea_omega3_fa,100mg/d,0.79,0.7,0.88,1,-0.23572233352106983,0.05837795215021622,100 mg/day
5,ISTK,gr_whole,50g/d,0.88,0.8,0.96,NA,NA,NA,NA
5,ISTK,veg_exc_sta,100g/d,0.76,0.64,0.9,NA,NA,NA,NA
5,ISTK,fruit,100g/d,0.83,0.76,0.9,149.37,-0.12474364209111165,0.02887575607413962,1 cup/day
5,Larynx,veg_exc_sta,100 g/d,0.91,0.87,0.96,NA,NA,NA,NA
5,Larynx,fruit,100 g/d,0.95,0.91,1,149.37,-0.034339756569291405,0.016106880099007893,1 cup/day
5,LC,veg_exc_sta,100/d,0.92,0.87,0.97,NA,NA,NA,NA
5,LC,fruit,100 g/d,0.82,0.76,0.89,149.37,-0.13285863207058868,0.026967520293704444,1 cup/day
5,SCNC,pf_pm,50g/d,1.18,1.01,1.38,30.21,0.2739398187315017,0.1317871702149347,1 oz eq/day
6,CC,gr_whole,3 servings/d,0.83,0.78,0.89,NA,NA,NA,NA
6,CC,dairy,400g/d,0.87,0.83,0.9,225,-0.2475770085929025,0.036720663280574696,1 cup/day
6,CC,pf_pm,50g/d,1.16,1.08,1.26,30.21,0.24564714518085604,0.06508466239185322,1 oz eq/day
6,CC,pf_redm,100g/d,1.12,1,1.25,30.21,0.3751363300463531,0.1884289153765561,1 oz eq/day
6,CC,fiber,10g/d,0.9,0.86,0.94,1,-0.10536051565782628,0.02269068520828983,10 g/day
6,DIAB,gr_whole,50g/d,0.83,0.76,0.9,NA,NA,NA,NA
6,DIAB,pf_ns,1oz/wk,0.95,0.92,0.98,NA,NA,NA,NA
6,DIAB,pf_pm,50g/d,1.86,1.38,2.46,30.21,1.0271044153014068,0.2440728889166811,1 oz eq/day
6,DIAB,pf_redm,100g/d,1.3,1.05,1.6,30.21,0.8684682703326417,0.35568492075564884,1 oz eq/day
6,HSTK,gr_whole,50g/d,0.88,0.8,0.96,NA,NA,NA,NA
6,HSTK,veg_exc_sta,100g/d,0.76,0.61,0.95,NA,NA,NA,NA
6,HSTK,fruit,100g/d,0.63,0.49,0.81,149.37,-0.30932279547202163,0.08584163291296443,1 cup/day
6,IHD,gr_whole,50g/d,0.95,0.91,0.99,NA,NA,NA,NA
6,IHD,veg_exc_sta,100g/d,0.93,0.89,0.97,NA,NA,NA,NA
6,IHD,fruit,100g/d,0.92,0.87,0.97,149.37,-0.055822192501205736,0.01858193184312874,1 cup/day
6,IHD,pf_pm,50g/d,1.62,1.17,2.18,30.21,0.7984544012649665,0.2627530450077911,1 oz eq/day
6,IHD,pufa_rep_carb,5%E/d,0.86,0.79,0.92,1,-0.15082288973458366,0.03886242974031092,5%E/day
6,IHD,pufa_rep_sfa,5%E/d,0.87,0.81,0.93,1,-0.13926206733350766,0.03524243328592274,5%E/day
6,IHD,sea_omega3_fa,100mg/d,0.79,0.7,0.88,1,-0.23572233352106983,0.05837795215021622,100 mg/day
6,ISTK,gr_whole,50g/d,0.88,0.8,0.96,NA,NA,NA,NA
6,ISTK,veg_exc_sta,100g/d,0.76,0.64,0.9,NA,NA,NA,NA
6,ISTK,fruit,100g/d,0.83,0.76,0.9,149.37,-0.12474364209111165,0.02887575607413962,1 cup/day
6,Larynx,veg_exc_sta,100 g/d,0.91,0.87,0.96,NA,NA,NA,NA
6,Larynx,fruit,100 g/d,0.95,0.91,1,149.37,-0.034339756569291405,0.016106880099007893,1 cup/day
6,LC,veg_exc_sta,100/d,0.92,0.87,0.97,NA,NA,NA,NA
6,LC,fruit,100 g/d,0.82,0.76,0.89,149.37,-0.13285863207058868,0.026967520293704444,1 cup/day
6,SCNC,pf_pm,50g/d,1.18,1.01,1.38,30.21,0.2739398187315017,0.1317871702149347,1 oz eq/day
7,CC,gr_whole,3 servings/d,0.83,0.78,0.89,NA,NA,NA,NA
7,CC,dairy,400g/d,0.87,0.83,0.9,225,-0.2475770085929025,0.036720663280574696,1 cup/day
7,CC,pf_pm,50g/d,1.16,1.08,1.26,30.21,0.24564714518085604,0.06508466239185322,1 oz eq/day
7,CC,pf_redm,100g/d,1.12,1,1.25,30.21,0.3751363300463531,0.1884289153765561,1 oz eq/day
7,CC,fiber,10g/d,0.9,0.86,0.94,1,-0.10536051565782628,0.02269068520828983,10 g/day
7,DIAB,gr_whole,50g/d,0.83,0.76,0.9,NA,NA,NA,NA
7,DIAB,pf_ns,1oz/wk,0.95,0.92,0.98,NA,NA,NA,NA
7,DIAB,pf_pm,50g/d,1.86,1.38,2.46,30.21,1.0271044153014068,0.2440728889166811,1 oz eq/day
7,DIAB,pf_redm,100g/d,1.3,1.05,1.6,30.21,0.8684682703326417,0.35568492075564884,1 oz eq/day
7,HSTK,gr_whole,50g/d,0.88,0.8,0.96,NA,NA,NA,NA
7,HSTK,veg_exc_sta,100g/d,0.76,0.61,0.95,NA,NA,NA,NA
7,HSTK,fruit,100g/d,0.63,0.49,0.81,149.37,-0.30932279547202163,0.08584163291296443,1 cup/day
7,IHD,gr_whole,50g/d,0.95,0.91,0.99,NA,NA,NA,NA
7,IHD,veg_exc_sta,100g/d,0.93,0.89,0.97,NA,NA,NA,NA
7,IHD,fruit,100g/d,0.92,0.87,0.97,149.37,-0.055822192501205736,0.01858193184312874,1 cup/day
7,IHD,pf_pm,50g/d,1.62,1.17,2.18,30.21,0.7984544012649665,0.2627530450077911,1 oz eq/day
7,IHD,pufa_rep_carb,5%E/d,0.86,0.79,0.92,1,-0.15082288973458366,0.03886242974031092,5%E/day
7,IHD,pufa_rep_sfa,5%E/d,0.87,0.81,0.93,1,-0.13926206733350766,0.03524243328592274,5%E/day
7,IHD,sea_omega3_fa,100mg/d,0.79,0.7,0.88,1,-0.23572233352106983,0.05837795215021622,100 mg/day
7,ISTK,gr_whole,50g/d,0.88,0.8,0.96,NA,NA,NA,NA
7,ISTK,veg_exc_sta,100g/d,0.76,0.64,0.9,NA,NA,NA,NA
7,ISTK,fruit,100g/d,0.83,0.76,0.9,149.37,-0.12474364209111165,0.02887575607413962,1 cup/day
7,Larynx,veg_exc_sta,100 g/d,0.91,0.87,0.96,NA,NA,NA,NA
7,Larynx,fruit,100 g/d,0.95,0.91,1,149.37,-0.034339756569291405,0.016106880099007893,1 cup/day
7,LC,veg_exc_sta,100/d,0.92,0.87,0.97,NA,NA,NA,NA
7,LC,fruit,100 g/d,0.82,0.76,0.89,149.37,-0.13285863207058868,0.026967520293704444,1 cup/day
7,SCNC,pf_pm,50g/d,1.18,1.01,1.38,30.21,0.2739398187315017,0.1317871702149347,1 oz eq/day
8,CC,gr_whole,3 servings/d,0.83,0.78,0.89,NA,NA,NA,NA
8,CC,dairy,400g/d,0.87,0.83,0.9,225,-0.2475770085929025,0.036720663280574696,1 cup/day
8,CC,pf_pm,50g/d,1.16,1.08,1.26,30.21,0.24564714518085604,0.06508466239185322,1 oz eq/day
8,CC,pf_redm,100g/d,1.12,1,1.25,30.21,0.3751363300463531,0.1884289153765561,1 oz eq/day
8,CC,fiber,10g/d,0.9,0.86,0.94,1,-0.10536051565782628,0.02269068520828983,10 g/day
8,DIAB,gr_whole,50g/d,0.83,0.76,0.9,NA,NA,NA,NA
8,DIAB,pf_ns,1oz/wk,0.95,0.92,0.98,NA,NA,NA,NA
8,DIAB,pf_pm,50g/d,1.86,1.38,2.46,30.21,1.0271044153014068,0.2440728889166811,1 oz eq/day
8,DIAB,pf_redm,100g/d,1.3,1.05,1.6,30.21,0.8684682703326417,0.35568492075564884,1 oz eq/day
8,HSTK,gr_whole,50g/d,0.88,0.8,0.96,NA,NA,NA,NA
8,HSTK,veg_exc_sta,100g/d,0.76,0.61,0.95,NA,NA,NA,NA
8,HSTK,fruit,100g/d,0.63,0.49,0.81,149.37,-0.30932279547202163,0.08584163291296443,1 cup/day
8,IHD,gr_whole,50g/d,0.95,0.91,0.99,NA,NA,NA,NA
8,IHD,veg_exc_sta,100g/d,0.93,0.89,0.97,NA,NA,NA,NA
8,IHD,fruit,100g/d,0.92,0.87,0.97,149.37,-0.055822192501205736,0.01858193184312874,1 cup/day
8,IHD,pf_pm,50g/d,1.62,1.17,2.18,30.21,0.7984544012649665,0.2627530450077911,1 oz eq/day
8,IHD,pufa_rep_carb,5%E/d,0.86,0.79,0.92,1,-0.15082288973458366,0.03886242974031092,5%E/day
8,IHD,pufa_rep_sfa,5%E/d,0.87,0.81,0.93,1,-0.13926206733350766,0.03524243328592274,5%E/day
8,IHD,sea_omega3_fa,100mg/d,0.79,0.7,0.88,1,-0.23572233352106983,0.05837795215021622,100 mg/day
8,ISTK,gr_whole,50g/d,0.88,0.8,0.96,NA,NA,NA,NA
8,ISTK,veg_exc_sta,100g/d,0.76,0.64,0.9,NA,NA,NA,NA
8,ISTK,fruit,100g/d,0.83,0.76,0.9,149.37,-0.12474364209111165,0.02887575607413962,1 cup/day
8,Larynx,veg_exc_sta,100 g/d,0.91,0.87,0.96,NA,NA,NA,NA
8,Larynx,fruit,100 g/d,0.95,0.91,1,149.37,-0.034339756569291405,0.016106880099007893,1 cup/day
8,LC,veg_exc_sta,100/d,0.92,0.87,0.97,NA,NA,NA,NA
8,LC,fruit,100 g/d,0.82,0.76,0.89,149.37,-0.13285863207058868,0.026967520293704444,1 cup/day
8,SCNC,pf_pm,50g/d,1.18,1.01,1.38,30.21,0.2739398187315017,0.1317871702149347,1 oz eq/day
9,CC,gr_whole,3 servings/d,0.83,0.78,0.89,NA,NA,NA,NA
9,CC,dairy,400g/d,0.87,0.83,0.9,225,-0.2475770085929025,0.036720663280574696,1 cup/day
9,CC,pf_pm,50g/d,1.16,1.08,1.26,30.21,0.24564714518085604,0.06508466239185322,1 oz eq/day
9,CC,pf_redm,100g/d,1.12,1,1.25,30.21,0.3751363300463531,0.1884289153765561,1 oz eq/day
9,CC,fiber,10g/d,0.9,0.86,0.94,1,-0.10536051565782628,0.02269068520828983,10 g/day
9,DIAB,gr_whole,50g/d,0.83,0.77,0.9,NA,NA,NA,NA
9,DIAB,pf_ns,1oz/wk,0.95,0.93,0.98,NA,NA,NA,NA
9,DIAB,pf_pm,50g/d,1.81,1.36,2.37,30.21,0.9820040471329599,0.23450018889840804,1 oz eq/day
9,DIAB,pf_redm,100g/d,1.29,1.05,1.57,30.21,0.8429070452617701,0.3397015577950813,1 oz eq/day
9,HSTK,gr_whole,50g/d,0.88,0.81,0.96,NA,NA,NA,NA
9,HSTK,veg_exc_sta,100g/d,0.77,0.62,0.95,NA,NA,NA,NA
9,HSTK,fruit,100g/d,0.64,0.5,0.82,149.37,-0.2987796094452832,0.08448685872434752,1 cup/day
9,IHD,gr_whole,50g/d,0.95,0.92,0.99,NA,NA,NA,NA
9,IHD,veg_exc_sta,100g/d,0.93,0.9,0.97,NA,NA,NA,NA
9,IHD,fruit,100g/d,0.92,0.87,0.97,149.37,-0.055822192501205736,0.01858193184312874,1 cup/day
9,IHD,pf_pm,50g/d,1.58,1.16,2.11,30.21,0.7570752185350471,0.25259743967807907,1 oz eq/day
9,IHD,pufa_rep_carb,5%E/d,0.86,0.8,0.93,1,-0.15082288973458366,0.038411443489636314,5%E/day
9,IHD,pufa_rep_sfa,5%E/d,0.87,0.82,0.94,1,-0.13926206733350766,0.03484069770554867,5%E/day
9,IHD,sea_omega3_fa,100mg/d,0.8,0.71,0.89,1,-0.2231435513142097,0.057641962421128706,100 mg/day
9,ISTK,gr_whole,50g/d,0.88,0.81,0.96,NA,NA,NA,NA
9,ISTK,veg_exc_sta,100g/d,0.77,0.66,0.9,NA,NA,NA,NA
9,ISTK,fruit,100g/d,0.83,0.77,0.9,149.37,-0.12474364209111165,0.026643236367673007,1 cup/day
9,Larynx,veg_exc_sta,100 g/d,0.91,0.87,0.96,NA,NA,NA,NA
9,Larynx,fruit,100 g/d,0.95,0.91,1,149.37,-0.034339756569291405,0.016106880099007893,1 cup/day
9,LC,veg_exc_sta,100/d,0.92,0.87,0.97,NA,NA,NA,NA
9,LC,fruit,100 g/d,0.82,0.76,0.89,149.37,-0.13285863207058868,0.026967520293704444,1 cup/day
9,SCNC,pf_pm,50g/d,1.18,1.01,1.38,30.21,0.2739398187315017,0.1317871702149347,1 oz eq/day
10,CC,gr_whole,3 servings/d,0.83,0.78,0.89,NA,NA,NA,NA
10,CC,dairy,400g/d,0.87,0.83,0.9,225,-0.2475770085929025,0.036720663280574696,1 cup/day
10,CC,pf_pm,50g/d,1.16,1.08,1.26,30.21,0.24564714518085604,0.06508466239185322,1 oz eq/day
10,CC,pf_redm,100g/d,1.12,1,1.25,30.21,0.3751363300463531,0.1884289153765561,1 oz eq/day
10,CC,fiber,10g/d,0.9,0.86,0.94,1,-0.10536051565782628,0.02269068520828983,10 g/day
10,DIAB,gr_whole,50g/d,0.83,0.77,0.9,NA,NA,NA,NA
10,DIAB,pf_ns,1oz/wk,0.95,0.93,0.98,NA,NA,NA,NA
10,DIAB,pf_pm,50g/d,1.81,1.36,2.37,30.21,0.9820040471329599,0.23450018889840804,1 oz eq/day
10,DIAB,pf_redm,100g/d,1.29,1.05,1.57,30.21,0.8429070452617701,0.3397015577950813,1 oz eq/day
10,HSTK,gr_whole,50g/d,0.88,0.81,0.96,NA,NA,NA,NA
10,HSTK,veg_exc_sta,100g/d,0.77,0.62,0.95,NA,NA,NA,NA
10,HSTK,fruit,100g/d,0.64,0.5,0.82,149.37,-0.2987796094452832,0.08448685872434752,1 cup/day
10,IHD,gr_whole,50g/d,0.95,0.92,0.99,NA,NA,NA,NA
10,IHD,veg_exc_sta,100g/d,0.93,0.9,0.97,NA,NA,NA,NA
10,IHD,fruit,100g/d,0.92,0.87,0.97,149.37,-0.055822192501205736,0.01858193184312874,1 cup/day
10,IHD,pf_pm,50g/d,1.58,1.16,2.11,30.21,0.7570752185350471,0.25259743967807907,1 oz eq/day
10,IHD,pufa_rep_carb,5%E/d,0.86,0.8,0.93,1,-0.15082288973458366,0.038411443489636314,5%E/day
10,IHD,pufa_rep_sfa,5%E/d,0.87,0.82,0.94,1,-0.13926206733350766,0.03484069770554867,5%E/day
10,IHD,sea_omega3_fa,100mg/d,0.8,0.71,0.89,1,-0.2231435513142097,0.057641962421128706,100 mg/day
10,ISTK,gr_whole,50g/d,0.88,0.81,0.96,NA,NA,NA,NA
10,ISTK,veg_exc_sta,100g/d,0.77,0.66,0.9,NA,NA,NA,NA
10,ISTK,fruit,100g/d,0.83,0.77,0.9,149.37,-0.12474364209111165,0.026643236367673007,1 cup/day
10,Larynx,veg_exc_sta,100 g/d,0.91,0.87,0.96,NA,NA,NA,NA
10,Larynx,fruit,100 g/d,0.95,0.91,1,149.37,-0.034339756569291405,0.016106880099007893,1 cup/day
10,LC,veg_exc_sta,100/d,0.92,0.87,0.97,NA,NA,NA,NA
10,LC,fruit,100 g/d,0.82,0.76,0.89,149.37,-0.13285863207058868,0.026967520293704444,1 cup/day
10,SCNC,pf_pm,50g/d,1.18,1.01,1.38,30.21,0.2739398187315017,0.1317871702149347,1 oz eq/day
11,CC,gr_whole,3 servings/d,0.83,0.78,0.89,NA,NA,NA,NA
11,CC,dairy,400g/d,0.87,0.83,0.9,225,-0.2475770085929025,0.036720663280574696,1 cup/day
11,CC,pf_pm,50g/d,1.16,1.08,1.26,30.21,0.24564714518085604,0.06508466239185322,1 oz eq/day
11,CC,pf_redm,100g/d,1.12,1,1.25,30.21,0.3751363300463531,0.1884289153765561,1 oz eq/day
11,CC,fiber,10g/d,0.9,0.86,0.94,1,-0.10536051565782628,0.02269068520828983,10 g/day
11,DIAB,gr_whole,50g/d,0.83,0.77,0.9,NA,NA,NA,NA
11,DIAB,pf_ns,1oz/wk,0.95,0.93,0.98,NA,NA,NA,NA
11,DIAB,pf_pm,50g/d,1.81,1.36,2.37,30.21,0.9820040471329599,0.23450018889840804,1 oz eq/day
11,DIAB,pf_redm,100g/d,1.29,1.05,1.57,30.21,0.8429070452617701,0.3397015577950813,1 oz eq/day
11,HSTK,gr_whole,50g/d,0.88,0.81,0.96,NA,NA,NA,NA
11,HSTK,veg_exc_sta,100g/d,0.77,0.62,0.95,NA,NA,NA,NA
11,HSTK,fruit,100g/d,0.64,0.5,0.82,149.37,-0.2987796094452832,0.08448685872434752,1 cup/day
11,IHD,gr_whole,50g/d,0.95,0.92,0.99,NA,NA,NA,NA
11,IHD,veg_exc_sta,100g/d,0.93,0.9,0.97,NA,NA,NA,NA
11,IHD,fruit,100g/d,0.92,0.87,0.97,149.37,-0.055822192501205736,0.01858193184312874,1 cup/day
11,IHD,pf_pm,50g/d,1.58,1.16,2.11,30.21,0.7570752185350471,0.25259743967807907,1 oz eq/day
11,IHD,pufa_rep_carb,5%E/d,0.86,0.8,0.93,1,-0.15082288973458366,0.038411443489636314,5%E/day
11,IHD,pufa_rep_sfa,5%E/d,0.87,0.82,0.94,1,-0.13926206733350766,0.03484069770554867,5%E/day
11,IHD,sea_omega3_fa,100mg/d,0.8,0.71,0.89,1,-0.2231435513142097,0.057641962421128706,100 mg/day
11,ISTK,gr_whole,50g/d,0.88,0.81,0.96,NA,NA,NA,NA
11,ISTK,veg_exc_sta,100g/d,0.77,0.66,0.9,NA,NA,NA,NA
11,ISTK,fruit,100g/d,0.83,0.77,0.9,149.37,-0.12474364209111165,0.026643236367673007,1 cup/day
11,Larynx,veg_exc_sta,100 g/d,0.91,0.87,0.96,NA,NA,NA,NA
11,Larynx,fruit,100 g/d,0.95,0.91,1,149.37,-0.034339756569291405,0.016106880099007893,1 cup/day
11,LC,veg_exc_sta,100/d,0.92,0.87,0.97,NA,NA,NA,NA
11,LC,fruit,100 g/d,0.82,0.76,0.89,149.37,-0.13285863207058868,0.026967520293704444,1 cup/day
11,SCNC,pf_pm,50g/d,1.18,1.01,1.38,30.21,0.2739398187315017,0.1317871702149347,1 oz eq/day
12,CC,gr_whole,3 servings/d,0.83,0.78,0.89,NA,NA,NA,NA
12,CC,dairy,400g/d,0.87,0.83,0.9,225,-0.2475770085929025,0.036720663280574696,1 cup/day
12,CC,pf_pm,50g/d,1.16,1.08,1.26,30.21,0.24564714518085604,0.06508466239185322,1 oz eq/day
12,CC,pf_redm,100g/d,1.12,1,1.25,30.21,0.3751363300463531,0.1884289153765561,1 oz eq/day
12,CC,fiber,10g/d,0.9,0.86,0.94,1,-0.10536051565782628,0.02269068520828983,10 g/day
12,DIAB,gr_whole,50g/d,0.83,0.77,0.9,NA,NA,NA,NA
12,DIAB,pf_ns,1oz/wk,0.95,0.93,0.98,NA,NA,NA,NA
12,DIAB,pf_pm,50g/d,1.81,1.36,2.37,30.21,0.9820040471329599,0.23450018889840804,1 oz eq/day
12,DIAB,pf_redm,100g/d,1.29,1.05,1.57,30.21,0.8429070452617701,0.3397015577950813,1 oz eq/day
12,HSTK,gr_whole,50g/d,0.88,0.81,0.96,NA,NA,NA,NA
12,HSTK,veg_exc_sta,100g/d,0.77,0.62,0.95,NA,NA,NA,NA
12,HSTK,fruit,100g/d,0.64,0.5,0.82,149.37,-0.2987796094452832,0.08448685872434752,1 cup/day
12,IHD,gr_whole,50g/d,0.95,0.92,0.99,NA,NA,NA,NA
12,IHD,veg_exc_sta,100g/d,0.93,0.9,0.97,NA,NA,NA,NA
12,IHD,fruit,100g/d,0.92,0.87,0.97,149.37,-0.055822192501205736,0.01858193184312874,1 cup/day
12,IHD,pf_pm,50g/d,1.58,1.16,2.11,30.21,0.7570752185350471,0.25259743967807907,1 oz eq/day
12,IHD,pufa_rep_carb,5%E/d,0.86,0.8,0.93,1,-0.15082288973458366,0.038411443489636314,5%E/day
12,IHD,pufa_rep_sfa,5%E/d,0.87,0.82,0.94,1,-0.13926206733350766,0.03484069770554867,5%E/day
12,IHD,sea_omega3_fa,100mg/d,0.8,0.71,0.89,1,-0.2231435513142097,0.057641962421128706,100 mg/day
12,ISTK,gr_whole,50g/d,0.88,0.81,0.96,NA,NA,NA,NA
12,ISTK,veg_exc_sta,100g/d,0.77,0.66,0.9,NA,NA,NA,NA
12,ISTK,fruit,100g/d,0.83,0.77,0.9,149.37,-0.12474364209111165,0.026643236367673007,1 cup/day
12,Larynx,veg_exc_sta,100 g/d,0.91,0.87,0.96,NA,NA,NA,NA
12,Larynx,fruit,100 g/d,0.95,0.91,1,149.37,-0.034339756569291405,0.016106880099007893,1 cup/day
12,LC,veg_exc_sta,100/d,0.92,0.87,0.97,NA,NA,NA,NA
12,LC,fruit,100 g/d,0.82,0.76,0.89,149.37,-0.13285863207058868,0.026967520293704444,1 cup/day
12,SCNC,pf_pm,50g/d,1.18,1.01,1.38,30.21,0.2739398187315017,0.1317871702149347,1 oz eq/day
13,CC,gr_whole,3 servings/d,0.83,0.78,0.89,NA,NA,NA,NA
13,CC,dairy,400g/d,0.87,0.83,0.9,225,-0.2475770085929025,0.036720663280574696,1 cup/day
13,CC,pf_pm,50g/d,1.16,1.08,1.26,30.21,0.24564714518085604,0.06508466239185322,1 oz eq/day
13,CC,pf_redm,100g/d,1.12,1,1.25,30.21,0.3751363300463531,0.1884289153765561,1 oz eq/day
13,CC,fiber,10g/d,0.9,0.86,0.94,1,-0.10536051565782628,0.02269068520828983,10 g/day
13,DIAB,gr_whole,50g/d,0.83,0.77,0.9,NA,NA,NA,NA
13,DIAB,pf_ns,1oz/wk,0.95,0.93,0.98,NA,NA,NA,NA
13,DIAB,pf_pm,50g/d,1.81,1.36,2.37,30.21,0.9820040471329599,0.23450018889840804,1 oz eq/day
13,DIAB,pf_redm,100g/d,1.29,1.05,1.57,30.21,0.8429070452617701,0.3397015577950813,1 oz eq/day
13,HSTK,gr_whole,50g/d,0.88,0.81,0.96,NA,NA,NA,NA
13,HSTK,veg_exc_sta,100g/d,0.77,0.62,0.95,NA,NA,NA,NA
13,HSTK,fruit,100g/d,0.64,0.5,0.82,149.37,-0.2987796094452832,0.08448685872434752,1 cup/day
13,IHD,gr_whole,50g/d,0.95,0.92,0.99,NA,NA,NA,NA
13,IHD,veg_exc_sta,100g/d,0.93,0.9,0.97,NA,NA,NA,NA
13,IHD,fruit,100g/d,0.92,0.87,0.97,149.37,-0.055822192501205736,0.01858193184312874,1 cup/day
13,IHD,pf_pm,50g/d,1.58,1.16,2.11,30.21,0.7570752185350471,0.25259743967807907,1 oz eq/day
13,IHD,pufa_rep_carb,5%E/d,0.86,0.8,0.93,1,-0.15082288973458366,0.038411443489636314,5%E/day
13,IHD,pufa_rep_sfa,5%E/d,0.87,0.82,0.94,1,-0.13926206733350766,0.03484069770554867,5%E/day
13,IHD,sea_omega3_fa,100mg/d,0.8,0.71,0.89,1,-0.2231435513142097,0.057641962421128706,100 mg/day
13,ISTK,gr_whole,50g/d,0.88,0.81,0.96,NA,NA,NA,NA
13,ISTK,veg_exc_sta,100g/d,0.77,0.66,0.9,NA,NA,NA,NA
13,ISTK,fruit,100g/d,0.83,0.77,0.9,149.37,-0.12474364209111165,0.026643236367673007,1 cup/day
13,Larynx,veg_exc_sta,100 g/d,0.91,0.87,0.96,NA,NA,NA,NA
13,Larynx,fruit,100 g/d,0.95,0.91,1,149.37,-0.034339756569291405,0.016106880099007893,1 cup/day
13,LC,veg_exc_sta,100/d,0.92,0.87,0.97,NA,NA,NA,NA
13,LC,fruit,100 g/d,0.82,0.76,0.89,149.37,-0.13285863207058868,0.026967520293704444,1 cup/day
13,SCNC,pf_pm,50g/d,1.18,1.01,1.38,30.21,0.2739398187315017,0.1317871702149347,1 oz eq/day
14,CC,gr_whole,3 servings/d,0.83,0.78,0.89,NA,NA,NA,NA
14,CC,dairy,400g/d,0.87,0.83,0.9,225,-0.2475770085929025,0.036720663280574696,1 cup/day
14,CC,pf_pm,50g/d,1.16,1.08,1.26,30.21,0.24564714518085604,0.06508466239185322,1 oz eq/day
14,CC,pf_redm,100g/d,1.12,1,1.25,30.21,0.3751363300463531,0.1884289153765561,1 oz eq/day
14,CC,fiber,10g/d,0.9,0.86,0.94,1,-0.10536051565782628,0.02269068520828983,10 g/day
14,DIAB,gr_whole,50g/d,0.83,0.77,0.9,NA,NA,NA,NA
14,DIAB,pf_ns,1oz/wk,0.95,0.93,0.98,NA,NA,NA,NA
14,DIAB,pf_pm,50g/d,1.81,1.36,2.37,30.21,0.9820040471329599,0.23450018889840804,1 oz eq/day
14,DIAB,pf_redm,100g/d,1.29,1.05,1.57,30.21,0.8429070452617701,0.3397015577950813,1 oz eq/day
14,HSTK,gr_whole,50g/d,0.88,0.81,0.96,NA,NA,NA,NA
14,HSTK,veg_exc_sta,100g/d,0.77,0.62,0.95,NA,NA,NA,NA
14,HSTK,fruit,100g/d,0.64,0.5,0.82,149.37,-0.2987796094452832,0.08448685872434752,1 cup/day
14,IHD,gr_whole,50g/d,0.95,0.92,0.99,NA,NA,NA,NA
14,IHD,veg_exc_sta,100g/d,0.93,0.9,0.97,NA,NA,NA,NA
14,IHD,fruit,100g/d,0.92,0.87,0.97,149.37,-0.055822192501205736,0.01858193184312874,1 cup/day
14,IHD,pf_pm,50g/d,1.58,1.16,2.11,30.21,0.7570752185350471,0.25259743967807907,1 oz eq/day
14,IHD,pufa_rep_carb,5%E/d,0.86,0.8,0.93,1,-0.15082288973458366,0.038411443489636314,5%E/day
14,IHD,pufa_rep_sfa,5%E/d,0.87,0.82,0.94,1,-0.13926206733350766,0.03484069770554867,5%E/day
14,IHD,sea_omega3_fa,100mg/d,0.8,0.71,0.89,1,-0.2231435513142097,0.057641962421128706,100 mg/day
14,ISTK,gr_whole,50g/d,0.88,0.81,0.96,NA,NA,NA,NA
14,ISTK,veg_exc_sta,100g/d,0.77,0.66,0.9,NA,NA,NA,NA
14,ISTK,fruit,100g/d,0.83,0.77,0.9,149.37,-0.12474364209111165,0.026643236367673007,1 cup/day
14,Larynx,veg_exc_sta,100 g/d,0.91,0.87,0.96,NA,NA,NA,NA
14,Larynx,fruit,100 g/d,0.95,0.91,1,149.37,-0.034339756569291405,0.016106880099007893,1 cup/day
14,LC,veg_exc_sta,100/d,0.92,0.87,0.97,NA,NA,NA,NA
14,LC,fruit,100 g/d,0.82,0.76,0.89,149.37,-0.13285863207058868,0.026967520293704444,1 cup/day
14,SCNC,pf_pm,50g/d,1.18,1.01,1.38,30.21,0.2739398187315017,0.1317871702149347,1 oz eq/day
15,CC,gr_whole,3 servings/d,0.83,0.78,0.89,NA,NA,NA,NA
15,CC,dairy,400g/d,0.87,0.83,0.9,225,-0.2475770085929025,0.036720663280574696,1 cup/day
15,CC,pf_pm,50g/d,1.16,1.08,1.26,30.21,0.24564714518085604,0.06508466239185322,1 oz eq/day
15,CC,pf_redm,100g/d,1.12,1,1.25,30.21,0.3751363300463531,0.1884289153765561,1 oz eq/day
15,CC,fiber,10g/d,0.9,0.86,0.94,1,-0.10536051565782628,0.02269068520828983,10 g/day
15,DIAB,gr_whole,50g/d,0.83,0.77,0.9,NA,NA,NA,NA
15,DIAB,pf_ns,1oz/wk,0.95,0.93,0.98,NA,NA,NA,NA
15,DIAB,pf_pm,50g/d,1.81,1.36,2.37,30.21,0.9820040471329599,0.23450018889840804,1 oz eq/day
15,DIAB,pf_redm,100g/d,1.29,1.05,1.57,30.21,0.8429070452617701,0.3397015577950813,1 oz eq/day
15,HSTK,gr_whole,50g/d,0.88,0.81,0.96,NA,NA,NA,NA
15,HSTK,veg_exc_sta,100g/d,0.77,0.62,0.95,NA,NA,NA,NA
15,HSTK,fruit,100g/d,0.64,0.5,0.82,149.37,-0.2987796094452832,0.08448685872434752,1 cup/day
15,IHD,gr_whole,50g/d,0.95,0.92,0.99,NA,NA,NA,NA
15,IHD,veg_exc_sta,100g/d,0.93,0.9,0.97,NA,NA,NA,NA
15,IHD,fruit,100g/d,0.92,0.87,0.97,149.37,-0.055822192501205736,0.01858193184312874,1 cup/day
15,IHD,pf_pm,50g/d,1.58,1.16,2.11,30.21,0.7570752185350471,0.25259743967807907,1 oz eq/day
15,IHD,pufa_rep_carb,5%E/d,0.86,0.8,0.93,1,-0.15082288973458366,0.038411443489636314,5%E/day
15,IHD,pufa_rep_sfa,5%E/d,0.87,0.82,0.94,1,-0.13926206733350766,0.03484069770554867,5%E/day
15,IHD,sea_omega3_fa,100mg/d,0.8,0.71,0.89,1,-0.2231435513142097,0.057641962421128706,100 mg/day
15,ISTK,gr_whole,50g/d,0.88,0.81,0.96,NA,NA,NA,NA
15,ISTK,veg_exc_sta,100g/d,0.77,0.66,0.9,NA,NA,NA,NA
15,ISTK,fruit,100g/d,0.83,0.77,0.9,149.37,-0.12474364209111165,0.026643236367673007,1 cup/day
15,Larynx,veg_exc_sta,100 g/d,0.91,0.87,0.96,NA,NA,NA,NA
15,Larynx,fruit,100 g/d,0.95,0.91,1,149.37,-0.034339756569291405,0.016106880099007893,1 cup/day
15,LC,veg_exc_sta,100/d,0.92,0.87,0.97,NA,NA,NA,NA
15,LC,fruit,100 g/d,0.82,0.76,0.89,149.37,-0.13285863207058868,0.026967520293704444,1 cup/day
15,SCNC,pf_pm,50g/d,1.18,1.01,1.38,30.21,0.2739398187315017,0.1317871702149347,1 oz eq/day
16,CC,gr_whole,3 servings/d,0.83,0.78,0.89,NA,NA,NA,NA
16,CC,dairy,400g/d,0.87,0.83,0.9,225,-0.2475770085929025,0.036720663280574696,1 cup/day
16,CC,pf_pm,50g/d,1.16,1.08,1.26,30.21,0.24564714518085604,0.06508466239185322,1 oz eq/day
16,CC,pf_redm,100g/d,1.12,1,1.25,30.21,0.3751363300463531,0.1884289153765561,1 oz eq/day
16,CC,fiber,10g/d,0.9,0.86,0.94,1,-0.10536051565782628,0.02269068520828983,10 g/day
16,DIAB,gr_whole,50g/d,0.83,0.77,0.9,NA,NA,NA,NA
16,DIAB,pf_ns,1oz/wk,0.95,0.93,0.98,NA,NA,NA,NA
16,DIAB,pf_pm,50g/d,1.81,1.36,2.37,30.21,0.9820040471329599,0.23450018889840804,1 oz eq/day
16,DIAB,pf_redm,100g/d,1.29,1.05,1.57,30.21,0.8429070452617701,0.3397015577950813,1 oz eq/day
16,HSTK,gr_whole,50g/d,0.88,0.81,0.96,NA,NA,NA,NA
16,HSTK,veg_exc_sta,100g/d,0.77,0.62,0.95,NA,NA,NA,NA
16,HSTK,fruit,100g/d,0.64,0.5,0.82,149.37,-0.2987796094452832,0.08448685872434752,1 cup/day
16,IHD,gr_whole,50g/d,0.95,0.92,0.99,NA,NA,NA,NA
16,IHD,veg_exc_sta,100g/d,0.93,0.9,0.97,NA,NA,NA,NA
16,IHD,fruit,100g/d,0.92,0.87,0.97,149.37,-0.055822192501205736,0.01858193184312874,1 cup/day
16,IHD,pf_pm,50g/d,1.58,1.16,2.11,30.21,0.7570752185350471,0.25259743967807907,1 oz eq/day
16,IHD,pufa_rep_carb,5%E/d,0.86,0.8,0.93,1,-0.15082288973458366,0.038411443489636314,5%E/day
16,IHD,pufa_rep_sfa,5%E/d,0.87,0.82,0.94,1,-0.13926206733350766,0.03484069770554867,5%E/day
16,IHD,sea_omega3_fa,100mg/d,0.8,0.71,0.89,1,-0.2231435513142097,0.057641962421128706,100 mg/day
16,ISTK,gr_whole,50g/d,0.88,0.81,0.96,NA,NA,NA,NA
16,ISTK,veg_exc_sta,100g/d,0.77,0.66,0.9,NA,NA,NA,NA
16,ISTK,fruit,100g/d,0.83,0.77,0.9,149.37,-0.12474364209111165,0.026643236367673007,1 cup/day
16,Larynx,veg_exc_sta,100 g/d,0.91,0.87,0.96,NA,NA,NA,NA
16,Larynx,fruit,100 g/d,0.95,0.91,1,149.37,-0.034339756569291405,0.016106880099007893,1 cup/day
16,LC,veg_exc_sta,100/d,0.92,0.87,0.97,NA,NA,NA,NA
16,LC,fruit,100 g/d,0.82,0.76,0.89,149.37,-0.13285863207058868,0.026967520293704444,1 cup/day
16,SCNC,pf_pm,50g/d,1.18,1.01,1.38,30.21,0.2739398187315017,0.1317871702149347,1 oz eq/day
17,CC,gr_whole,3 servings/d,0.83,0.78,0.89,NA,NA,NA,NA
17,CC,dairy,400g/d,0.87,0.83,0.9,225,-0.2475770085929025,0.036720663280574696,1 cup/day
17,CC,pf_pm,50g/d,1.16,1.08,1.26,30.21,0.24564714518085604,0.06508466239185322,1 oz eq/day
17,CC,pf_redm,100g/d,1.12,1,1.25,30.21,0.3751363300463531,0.1884289153765561,1 oz eq/day
17,CC,fiber,10g/d,0.9,0.86,0.94,1,-0.10536051565782628,0.02269068520828983,10 g/day
17,DIAB,gr_whole,50g/d,0.86,0.8,0.92,NA,NA,NA,NA
17,DIAB,pf_ns,1oz/wk,0.96,0.94,0.98,NA,NA,NA,NA
17,DIAB,pf_pm,50g/d,1.65,1.3,2.08,30.21,0.8288237138571486,0.19844237837084946,1 oz eq/day
17,DIAB,pf_redm,100g/d,1.24,1.04,1.47,30.21,0.7120535571563902,0.29220768197225166,1 oz eq/day
17,HSTK,gr_whole,50g/d,0.9,0.83,0.97,NA,NA,NA,NA
17,HSTK,veg_exc_sta,100g/d,0.8,0.67,0.96,NA,NA,NA,NA
17,HSTK,fruit,100g/d,0.69,0.56,0.84,149.37,-0.24841914801555337,0.06924749049889882,1 cup/day
17,IHD,gr_whole,50g/d,0.96,0.93,0.99,NA,NA,NA,NA
17,IHD,veg_exc_sta,100g/d,0.94,0.91,0.97,NA,NA,NA,NA
17,IHD,fruit,100g/d,0.93,0.89,0.97,149.37,-0.04858451686070521,0.014700280083022661,1 cup/day
17,IHD,pf_pm,50g/d,1.47,1.14,1.88,30.21,0.6376405176938842,0.2112100983740744,1 oz eq/day
17,IHD,pufa_rep_carb,5%E/d,0.88,0.83,0.94,1,-0.12783337150988489,0.03174851389627703,5%E/day
17,IHD,pufa_rep_sfa,5%E/d,0.89,0.84,0.95,1,-0.11653381625595151,0.03139288080541511,5%E/day
17,IHD,sea_omega3_fa,100mg/d,0.82,0.75,0.9,1,-0.19845093872383832,0.04651060122294761,100 mg/day
17,ISTK,gr_whole,50g/d,0.9,0.83,0.97,NA,NA,NA,NA
17,ISTK,veg_exc_sta,100g/d,0.8,0.7,0.92,NA,NA,NA,NA
17,ISTK,fruit,100g/d,0.86,0.8,0.92,149.37,-0.10097267840569302,0.02386928883199894,1 cup/day
17,Larynx,veg_exc_sta,100 g/d,0.91,0.87,0.96,NA,NA,NA,NA
17,Larynx,fruit,100 g/d,0.95,0.91,1,149.37,-0.034339756569291405,0.016106880099007893,1 cup/day
17,LC,veg_exc_sta,100/d,0.92,0.87,0.97,NA,NA,NA,NA
17,LC,fruit,100 g/d,0.82,0.76,0.89,149.37,-0.13285863207058868,0.026967520293704444,1 cup/day
17,SCNC,pf_pm,50g/d,1.18,1.01,1.38,30.21,0.2739398187315017,0.1317871702149347,1 oz eq/day
18,CC,gr_whole,3 servings/d,0.83,0.78,0.89,NA,NA,NA,NA
18,CC,dairy,400g/d,0.87,0.83,0.9,225,-0.2475770085929025,0.036720663280574696,1 cup/day
18,CC,pf_pm,50g/d,1.16,1.08,1.26,30.21,0.24564714518085604,0.06508466239185322,1 oz eq/day
18,CC,pf_redm,100g/d,1.12,1,1.25,30.21,0.3751363300463531,0.1884289153765561,1 oz eq/day
18,CC,fiber,10g/d,0.9,0.86,0.94,1,-0.10536051565782628,0.02269068520828983,10 g/day
18,DIAB,gr_whole,50g/d,0.86,0.8,0.92,NA,NA,NA,NA
18,DIAB,pf_ns,1oz/wk,0.96,0.94,0.98,NA,NA,NA,NA
18,DIAB,pf_pm,50g/d,1.65,1.3,2.08,30.21,0.8288237138571486,0.19844237837084946,1 oz eq/day
18,DIAB,pf_redm,100g/d,1.24,1.04,1.47,30.21,0.7120535571563902,0.29220768197225166,1 oz eq/day
18,HSTK,gr_whole,50g/d,0.9,0.83,0.97,NA,NA,NA,NA
18,HSTK,veg_exc_sta,100g/d,0.8,0.67,0.96,NA,NA,NA,NA
18,HSTK,fruit,100g/d,0.69,0.56,0.84,149.37,-0.24841914801555337,0.06924749049889882,1 cup/day
18,IHD,gr_whole,50g/d,0.96,0.93,0.99,NA,NA,NA,NA
18,IHD,veg_exc_sta,100g/d,0.94,0.91,0.97,NA,NA,NA,NA
18,IHD,fruit,100g/d,0.93,0.89,0.97,149.37,-0.04858451686070521,0.014700280083022661,1 cup/day
18,IHD,pf_pm,50g/d,1.47,1.14,1.88,30.21,0.6376405176938842,0.2112100983740744,1 oz eq/day
18,IHD,pufa_rep_carb,5%E/d,0.88,0.83,0.94,1,-0.12783337150988489,0.03174851389627703,5%E/day
18,IHD,pufa_rep_sfa,5%E/d,0.89,0.84,0.95,1,-0.11653381625595151,0.03139288080541511,5%E/day
18,IHD,sea_omega3_fa,100mg/d,0.82,0.75,0.9,1,-0.19845093872383832,0.04651060122294761,100 mg/day
18,ISTK,gr_whole,50g/d,0.9,0.83,0.97,NA,NA,NA,NA
18,ISTK,veg_exc_sta,100g/d,0.8,0.7,0.92,NA,NA,NA,NA
18,ISTK,fruit,100g/d,0.86,0.8,0.92,149.37,-0.10097267840569302,0.02386928883199894,1 cup/day
18,Larynx,veg_exc_sta,100 g/d,0.91,0.87,0.96,NA,NA,NA,NA
18,Larynx,fruit,100 g/d,0.95,0.91,1,149.37,-0.034339756569291405,0.016106880099007893,1 cup/day
18,LC,veg_exc_sta,100/d,0.92,0.87,0.97,NA,NA,NA,NA
18,LC,fruit,100 g/d,0.82,0.76,0.89,149.37,-0.13285863207058868,0.026967520293704444,1 cup/day
18,SCNC,pf_pm,50g/d,1.18,1.01,1.38,30.21,0.2739398187315017,0.1317871702149347,1 oz eq/day
19,CC,gr_whole,3 servings/d,0.83,0.78,0.89,NA,NA,NA,NA
19,CC,dairy,400g/d,0.87,0.83,0.9,225,-0.2475770085929025,0.036720663280574696,1 cup/day
19,CC,pf_pm,50g/d,1.16,1.08,1.26,30.21,0.24564714518085604,0.06508466239185322,1 oz eq/day
19,CC,pf_redm,100g/d,1.12,1,1.25,30.21,0.3751363300463531,0.1884289153765561,1 oz eq/day
19,CC,fiber,10g/d,0.9,0.86,0.94,1,-0.10536051565782628,0.02269068520828983,10 g/day
19,DIAB,gr_whole,50g/d,0.86,0.8,0.92,NA,NA,NA,NA
19,DIAB,pf_ns,1oz/wk,0.96,0.94,0.98,NA,NA,NA,NA
19,DIAB,pf_pm,50g/d,1.65,1.3,2.08,30.21,0.8288237138571486,0.19844237837084946,1 oz eq/day
19,DIAB,pf_redm,100g/d,1.24,1.04,1.47,30.21,0.7120535571563902,0.29220768197225166,1 oz eq/day
19,HSTK,gr_whole,50g/d,0.9,0.83,0.97,NA,NA,NA,NA
19,HSTK,veg_exc_sta,100g/d,0.8,0.67,0.96,NA,NA,NA,NA
19,HSTK,fruit,100g/d,0.69,0.56,0.84,149.37,-0.24841914801555337,0.06924749049889882,1 cup/day
19,IHD,gr_whole,50g/d,0.96,0.93,0.99,NA,NA,NA,NA
19,IHD,veg_exc_sta,100g/d,0.94,0.91,0.97,NA,NA,NA,NA
19,IHD,fruit,100g/d,0.93,0.89,0.97,149.37,-0.04858451686070521,0.014700280083022661,1 cup/day
19,IHD,pf_pm,50g/d,1.47,1.14,1.88,30.21,0.6376405176938842,0.2112100983740744,1 oz eq/day
19,IHD,pufa_rep_carb,5%E/d,0.88,0.83,0.94,1,-0.12783337150988489,0.03174851389627703,5%E/day
19,IHD,pufa_rep_sfa,5%E/d,0.89,0.84,0.95,1,-0.11653381625595151,0.03139288080541511,5%E/day
19,IHD,sea_omega3_fa,100mg/d,0.82,0.75,0.9,1,-0.19845093872383832,0.04651060122294761,100 mg/day
19,ISTK,gr_whole,50g/d,0.9,0.83,0.97,NA,NA,NA,NA
19,ISTK,veg_exc_sta,100g/d,0.8,0.7,0.92,NA,NA,NA,NA
19,ISTK,fruit,100g/d,0.86,0.8,0.92,149.37,-0.10097267840569302,0.02386928883199894,1 cup/day
19,Larynx,veg_exc_sta,100 g/d,0.91,0.87,0.96,NA,NA,NA,NA
19,Larynx,fruit,100 g/d,0.95,0.91,1,149.37,-0.034339756569291405,0.016106880099007893,1 cup/day
19,LC,veg_exc_sta,100/d,0.92,0.87,0.97,NA,NA,NA,NA
19,LC,fruit,100 g/d,0.82,0.76,0.89,149.37,-0.13285863207058868,0.026967520293704444,1 cup/day
19,SCNC,pf_pm,50g/d,1.18,1.01,1.38,30.21,0.2739398187315017,0.1317871702149347,1 oz eq/day
20,CC,gr_whole,3 servings/d,0.83,0.78,0.89,NA,NA,NA,NA
20,CC,dairy,400g/d,0.87,0.83,0.9,225,-0.2475770085929025,0.036720663280574696,1 cup/day
20,CC,pf_pm,50g/d,1.16,1.08,1.26,30.21,0.24564714518085604,0.06508466239185322,1 oz eq/day
20,CC,pf_redm,100g/d,1.12,1,1.25,30.21,0.3751363300463531,0.1884289153765561,1 oz eq/day
20,CC,fiber,10g/d,0.9,0.86,0.94,1,-0.10536051565782628,0.02269068520828983,10 g/day
20,DIAB,gr_whole,50g/d,0.86,0.8,0.92,NA,NA,NA,NA
20,DIAB,pf_ns,1oz/wk,0.96,0.94,0.98,NA,NA,NA,NA
20,DIAB,pf_pm,50g/d,1.65,1.3,2.08,30.21,0.8288237138571486,0.19844237837084946,1 oz eq/day
20,DIAB,pf_redm,100g/d,1.24,1.04,1.47,30.21,0.7120535571563902,0.29220768197225166,1 oz eq/day
20,HSTK,gr_whole,50g/d,0.9,0.83,0.97,NA,NA,NA,NA
20,HSTK,veg_exc_sta,100g/d,0.8,0.67,0.96,NA,NA,NA,NA
20,HSTK,fruit,100g/d,0.69,0.56,0.84,149.37,-0.24841914801555337,0.06924749049889882,1 cup/day
20,IHD,gr_whole,50g/d,0.96,0.93,0.99,NA,NA,NA,NA
20,IHD,veg_exc_sta,100g/d,0.94,0.91,0.97,NA,NA,NA,NA
20,IHD,fruit,100g/d,0.93,0.89,0.97,149.37,-0.04858451686070521,0.014700280083022661,1 cup/day
20,IHD,pf_pm,50g/d,1.47,1.14,1.88,30.21,0.6376405176938842,0.2112100983740744,1 oz eq/day
20,IHD,pufa_rep_carb,5%E/d,0.88,0.83,0.94,1,-0.12783337150988489,0.03174851389627703,5%E/day
20,IHD,pufa_rep_sfa,5%E/d,0.89,0.84,0.95,1,-0.11653381625595151,0.03139288080541511,5%E/day
20,IHD,sea_omega3_fa,100mg/d,0.82,0.75,0.9,1,-0.19845093872383832,0.04651060122294761,100 mg/day
20,ISTK,gr_whole,50g/d,0.9,0.83,0.97,NA,NA,NA,NA
20,ISTK,veg_exc_sta,100g/d,0.8,0.7,0.92,NA,NA,NA,NA
20,ISTK,fruit,100g/d,0.86,0.8,0.92,149.37,-0.10097267840569302,0.02386928883199894,1 cup/day
20,Larynx,veg_exc_sta,100 g/d,0.91,0.87,0.96,NA,NA,NA,NA
20,Larynx,fruit,100 g/d,0.95,0.91,1,149.37,-0.034339756569291405,0.016106880099007893,1 cup/day
20,LC,veg_exc_sta,100/d,0.92,0.87,0.97,NA,NA,NA,NA
20,LC,fruit,100 g/d,0.82,0.76,0.89,149.37,-0.13285863207058868,0.026967520293704444,1 cup/day
20,SCNC,pf_pm,50g/d,1.18,1.01,1.38,30.21,0.2739398187315017,0.1317871702149347,1 oz eq/day
21,CC,gr_whole,3 servings/d,0.83,0.78,0.89,NA,NA,NA,NA
21,CC,dairy,400g/d,0.87,0.83,0.9,225,-0.2475770085929025,0.036720663280574696,1 cup/day
21,CC,pf_pm,50g/d,1.16,1.08,1.26,30.21,0.24564714518085604,0.06508466239185322,1 oz eq/day
21,CC,pf_redm,100g/d,1.12,1,1.25,30.21,0.3751363300463531,0.1884289153765561,1 oz eq/day
21,CC,fiber,10g/d,0.9,0.86,0.94,1,-0.10536051565782628,0.02269068520828983,10 g/day
21,DIAB,gr_whole,50g/d,0.86,0.8,0.92,NA,NA,NA,NA
21,DIAB,pf_ns,1oz/wk,0.96,0.94,0.98,NA,NA,NA,NA
21,DIAB,pf_pm,50g/d,1.65,1.3,2.08,30.21,0.8288237138571486,0.19844237837084946,1 oz eq/day
21,DIAB,pf_redm,100g/d,1.24,1.04,1.47,30.21,0.7120535571563902,0.29220768197225166,1 oz eq/day
21,HSTK,gr_whole,50g/d,0.9,0.83,0.97,NA,NA,NA,NA
21,HSTK,veg_exc_sta,100g/d,0.8,0.67,0.96,NA,NA,NA,NA
21,HSTK,fruit,100g/d,0.69,0.56,0.84,149.37,-0.24841914801555337,0.06924749049889882,1 cup/day
21,IHD,gr_whole,50g/d,0.96,0.93,0.99,NA,NA,NA,NA
21,IHD,veg_exc_sta,100g/d,0.94,0.91,0.97,NA,NA,NA,NA
21,IHD,fruit,100g/d,0.93,0.89,0.97,149.37,-0.04858451686070521,0.014700280083022661,1 cup/day
21,IHD,pf_pm,50g/d,1.47,1.14,1.88,30.21,0.6376405176938842,0.2112100983740744,1 oz eq/day
21,IHD,pufa_rep_carb,5%E/d,0.88,0.83,0.94,1,-0.12783337150988489,0.03174851389627703,5%E/day
21,IHD,pufa_rep_sfa,5%E/d,0.89,0.84,0.95,1,-0.11653381625595151,0.03139288080541511,5%E/day
21,IHD,sea_omega3_fa,100mg/d,0.82,0.75,0.9,1,-0.19845093872383832,0.04651060122294761,100 mg/day
21,ISTK,gr_whole,50g/d,0.9,0.83,0.97,NA,NA,NA,NA
21,ISTK,veg_exc_sta,100g/d,0.8,0.7,0.92,NA,NA,NA,NA
21,ISTK,fruit,100g/d,0.86,0.8,0.92,149.37,-0.10097267840569302,0.02386928883199894,1 cup/day
21,Larynx,veg_exc_sta,100 g/d,0.91,0.87,0.96,NA,NA,NA,NA
21,Larynx,fruit,100 g/d,0.95,0.91,1,149.37,-0.034339756569291405,0.016106880099007893,1 cup/day
21,LC,veg_exc_sta,100/d,0.92,0.87,0.97,NA,NA,NA,NA
21,LC,fruit,100 g/d,0.82,0.76,0.89,149.37,-0.13285863207058868,0.026967520293704444,1 cup/day
21,SCNC,pf_pm,50g/d,1.18,1.01,1.38,30.21,0.2739398187315017,0.1317871702149347,1 oz eq/day
22,CC,gr_whole,3 servings/d,0.83,0.78,0.89,NA,NA,NA,NA
22,CC,dairy,400g/d,0.87,0.83,0.9,225,-0.2475770085929025,0.036720663280574696,1 cup/day
22,CC,pf_pm,50g/d,1.16,1.08,1.26,30.21,0.24564714518085604,0.06508466239185322,1 oz eq/day
22,CC,pf_redm,100g/d,1.12,1,1.25,30.21,0.3751363300463531,0.1884289153765561,1 oz eq/day
22,CC,fiber,10g/d,0.9,0.86,0.94,1,-0.10536051565782628,0.02269068520828983,10 g/day
22,DIAB,gr_whole,50g/d,0.86,0.8,0.92,NA,NA,NA,NA
22,DIAB,pf_ns,1oz/wk,0.96,0.94,0.98,NA,NA,NA,NA
22,DIAB,pf_pm,50g/d,1.65,1.3,2.08,30.21,0.8288237138571486,0.19844237837084946,1 oz eq/day
22,DIAB,pf_redm,100g/d,1.24,1.04,1.47,30.21,0.7120535571563902,0.29220768197225166,1 oz eq/day
22,HSTK,gr_whole,50g/d,0.9,0.83,0.97,NA,NA,NA,NA
22,HSTK,veg_exc_sta,100g/d,0.8,0.67,0.96,NA,NA,NA,NA
22,HSTK,fruit,100g/d,0.69,0.56,0.84,149.37,-0.24841914801555337,0.06924749049889882,1 cup/day
22,IHD,gr_whole,50g/d,0.96,0.93,0.99,NA,NA,NA,NA
22,IHD,veg_exc_sta,100g/d,0.94,0.91,0.97,NA,NA,NA,NA
22,IHD,fruit,100g/d,0.93,0.89,0.97,149.37,-0.04858451686070521,0.014700280083022661,1 cup/day
22,IHD,pf_pm,50g/d,1.47,1.14,1.88,30.21,0.6376405176938842,0.2112100983740744,1 oz eq/day
22,IHD,pufa_rep_carb,5%E/d,0.88,0.83,0.94,1,-0.12783337150988489,0.03174851389627703,5%E/day
22,IHD,pufa_rep_sfa,5%E/d,0.89,0.84,0.95,1,-0.11653381625595151,0.03139288080541511,5%E/day
22,IHD,sea_omega3_fa,100mg/d,0.82,0.75,0.9,1,-0.19845093872383832,0.04651060122294761,100 mg/day
22,ISTK,gr_whole,50g/d,0.9,0.83,0.97,NA,NA,NA,NA
22,ISTK,veg_exc_sta,100g/d,0.8,0.7,0.92,NA,NA,NA,NA
22,ISTK,fruit,100g/d,0.86,0.8,0.92,149.37,-0.10097267840569302,0.02386928883199894,1 cup/day
22,Larynx,veg_exc_sta,100 g/d,0.91,0.87,0.96,NA,NA,NA,NA
22,Larynx,fruit,100 g/d,0.95,0.91,1,149.37,-0.034339756569291405,0.016106880099007893,1 cup/day
22,LC,veg_exc_sta,100/d,0.92,0.87,0.97,NA,NA,NA,NA
22,LC,fruit,100 g/d,0.82,0.76,0.89,149.37,-0.13285863207058868,0.026967520293704444,1 cup/day
22,SCNC,pf_pm,50g/d,1.18,1.01,1.38,30.21,0.2739398187315017,0.1317871702149347,1 oz eq/day
23,CC,gr_whole,3 servings/d,0.83,0.78,0.89,NA,NA,NA,NA
23,CC,dairy,400g/d,0.87,0.83,0.9,225,-0.2475770085929025,0.036720663280574696,1 cup/day
23,CC,pf_pm,50g/d,1.16,1.08,1.26,30.21,0.24564714518085604,0.06508466239185322,1 oz eq/day
23,CC,pf_redm,100g/d,1.12,1,1.25,30.21,0.3751363300463531,0.1884289153765561,1 oz eq/day
23,CC,fiber,10g/d,0.9,0.86,0.94,1,-0.10536051565782628,0.02269068520828983,10 g/day
23,DIAB,gr_whole,50g/d,0.86,0.8,0.92,NA,NA,NA,NA
23,DIAB,pf_ns,1oz/wk,0.96,0.94,0.98,NA,NA,NA,NA
23,DIAB,pf_pm,50g/d,1.65,1.3,2.08,30.21,0.8288237138571486,0.19844237837084946,1 oz eq/day
23,DIAB,pf_redm,100g/d,1.24,1.04,1.47,30.21,0.7120535571563902,0.29220768197225166,1 oz eq/day
23,HSTK,gr_whole,50g/d,0.9,0.83,0.97,NA,NA,NA,NA
23,HSTK,veg_exc_sta,100g/d,0.8,0.67,0.96,NA,NA,NA,NA
23,HSTK,fruit,100g/d,0.69,0.56,0.84,149.37,-0.24841914801555337,0.06924749049889882,1 cup/day
23,IHD,gr_whole,50g/d,0.96,0.93,0.99,NA,NA,NA,NA
23,IHD,veg_exc_sta,100g/d,0.94,0.91,0.97,NA,NA,NA,NA
23,IHD,fruit,100g/d,0.93,0.89,0.97,149.37,-0.04858451686070521,0.014700280083022661,1 cup/day
23,IHD,pf_pm,50g/d,1.47,1.14,1.88,30.21,0.6376405176938842,0.2112100983740744,1 oz eq/day
23,IHD,pufa_rep_carb,5%E/d,0.88,0.83,0.94,1,-0.12783337150988489,0.03174851389627703,5%E/day
23,IHD,pufa_rep_sfa,5%E/d,0.89,0.84,0.95,1,-0.11653381625595151,0.03139288080541511,5%E/day
23,IHD,sea_omega3_fa,100mg/d,0.82,0.75,0.9,1,-0.19845093872383832,0.04651060122294761,100 mg/day
23,ISTK,gr_whole,50g/d,0.9,0.83,0.97,NA,NA,NA,NA
23,ISTK,veg_exc_sta,100g/d,0.8,0.7,0.92,NA,NA,NA,NA
23,ISTK,fruit,100g/d,0.86,0.8,0.92,149.37,-0.10097267840569302,0.02386928883199894,1 cup/day
23,Larynx,veg_exc_sta,100 g/d,0.91,0.87,0.96,NA,NA,NA,NA
23,Larynx,fruit,100 g/d,0.95,0.91,1,149.37,-0.034339756569291405,0.016106880099007893,1 cup/day
23,LC,veg_exc_sta,100/d,0.92,0.87,0.97,NA,NA,NA,NA
23,LC,fruit,100 g/d,0.82,0.76,0.89,149.37,-0.13285863207058868,0.026967520293704444,1 cup/day
23,SCNC,pf_pm,50g/d,1.18,1.01,1.38,30.21,0.2739398187315017,0.1317871702149347,1 oz eq/day
24,CC,gr_whole,3 servings/d,0.83,0.78,0.89,NA,NA,NA,NA
24,CC,dairy,400g/d,0.87,0.83,0.9,225,-0.2475770085929025,0.036720663280574696,1 cup/day
24,CC,pf_pm,50g/d,1.16,1.08,1.26,30.21,0.24564714518085604,0.06508466239185322,1 oz eq/day
24,CC,pf_redm,100g/d,1.12,1,1.25,30.21,0.3751363300463531,0.1884289153765561,1 oz eq/day
24,CC,fiber,10g/d,0.9,0.86,0.94,1,-0.10536051565782628,0.02269068520828983,10 g/day
24,DIAB,gr_whole,50g/d,0.86,0.8,0.92,NA,NA,NA,NA
24,DIAB,pf_ns,1oz/wk,0.96,0.94,0.98,NA,NA,NA,NA
24,DIAB,pf_pm,50g/d,1.65,1.3,2.08,30.21,0.8288237138571486,0.19844237837084946,1 oz eq/day
24,DIAB,pf_redm,100g/d,1.24,1.04,1.47,30.21,0.7120535571563902,0.29220768197225166,1 oz eq/day
24,HSTK,gr_whole,50g/d,0.9,0.83,0.97,NA,NA,NA,NA
24,HSTK,veg_exc_sta,100g/d,0.8,0.67,0.96,NA,NA,NA,NA
24,HSTK,fruit,100g/d,0.69,0.56,0.84,149.37,-0.24841914801555337,0.06924749049889882,1 cup/day
24,IHD,gr_whole,50g/d,0.96,0.93,0.99,NA,NA,NA,NA
24,IHD,veg_exc_sta,100g/d,0.94,0.91,0.97,NA,NA,NA,NA
24,IHD,fruit,100g/d,0.93,0.89,0.97,149.37,-0.04858451686070521,0.014700280083022661,1 cup/day
24,IHD,pf_pm,50g/d,1.47,1.14,1.88,30.21,0.6376405176938842,0.2112100983740744,1 oz eq/day
24,IHD,pufa_rep_carb,5%E/d,0.88,0.83,0.94,1,-0.12783337150988489,0.03174851389627703,5%E/day
24,IHD,pufa_rep_sfa,5%E/d,0.89,0.84,0.95,1,-0.11653381625595151,0.03139288080541511,5%E/day
24,IHD,sea_omega3_fa,100mg/d,0.82,0.75,0.9,1,-0.19845093872383832,0.04651060122294761,100 mg/day
24,ISTK,gr_whole,50g/d,0.9,0.83,0.97,NA,NA,NA,NA
24,ISTK,veg_exc_sta,100g/d,0.8,0.7,0.92,NA,NA,NA,NA
24,ISTK,fruit,100g/d,0.86,0.8,0.92,149.37,-0.10097267840569302,0.02386928883199894,1 cup/day
24,Larynx,veg_exc_sta,100 g/d,0.91,0.87,0.96,NA,NA,NA,NA
24,Larynx,fruit,100 g/d,0.95,0.91,1,149.37,-0.034339756569291405,0.016106880099007893,1 cup/day
24,LC,veg_exc_sta,100/d,0.92,0.87,0.97,NA,NA,NA,NA
24,LC,fruit,100 g/d,0.82,0.76,0.89,149.37,-0.13285863207058868,0.026967520293704444,1 cup/day
24,SCNC,pf_pm,50g/d,1.18,1.01,1.38,30.21,0.2739398187315017,0.1317871702149347,1 oz eq/day
25,CC,gr_whole,3 servings/d,0.83,0.78,0.89,NA,NA,NA,NA
25,CC,dairy,400g/d,0.87,0.83,0.9,225,-0.2475770085929025,0.036720663280574696,1 cup/day
25,CC,pf_pm,50g/d,1.16,1.08,1.26,30.21,0.24564714518085604,0.06508466239185322,1 oz eq/day
25,CC,pf_redm,100g/d,1.12,1,1.25,30.21,0.3751363300463531,0.1884289153765561,1 oz eq/day
25,CC,fiber,10g/d,0.9,0.86,0.94,1,-0.10536051565782628,0.02269068520828983,10 g/day
25,DIAB,gr_whole,50g/d,0.88,0.83,0.93,NA,NA,NA,NA
25,DIAB,pf_ns,1oz/wk,0.97,0.95,0.98,NA,NA,NA,NA
25,DIAB,pf_pm,50g/d,1.52,1.24,1.83,30.21,0.6929995611687935,0.16432784591042301,1 oz eq/day
25,DIAB,pf_redm,100g/d,1.19,1.03,1.37,30.21,0.5758136614479907,0.2408750461045548,1 oz eq/day
25,HSTK,gr_whole,50g/d,0.91,0.86,0.97,NA,NA,NA,NA
25,HSTK,veg_exc_sta,100g/d,0.83,0.72,0.96,NA,NA,NA,NA
25,HSTK,fruit,100g/d,0.73,0.61,0.87,149.37,-0.21069206992013137,0.06063464074303784,1 cup/day
25,IHD,gr_whole,50g/d,0.97,0.94,0.99,NA,NA,NA,NA
25,IHD,veg_exc_sta,100g/d,0.95,0.93,0.98,NA,NA,NA,NA
25,IHD,fruit,100g/d,0.94,0.91,0.98,149.37,-0.04142425099958996,0.012656554152221954,1 cup/day
25,IHD,pf_pm,50g/d,1.38,1.11,1.69,30.21,0.5330743117661589,0.1774857095614454,1 oz eq/day
25,IHD,pufa_rep_carb,5%E/d,0.9,0.86,0.95,1,-0.10536051565782628,0.025390202894651298,5%E/day
25,IHD,pufa_rep_sfa,5%E/d,0.91,0.87,0.95,1,-0.09431067947124129,0.022441013506621702,5%E/day
25,IHD,sea_omega3_fa,100mg/d,0.85,0.79,0.92,1,-0.16251892949777494,0.03886242974031092,100 mg/day
25,ISTK,gr_whole,50g/d,0.91,0.86,0.97,NA,NA,NA,NA
25,ISTK,veg_exc_sta,100g/d,0.83,0.74,0.93,NA,NA,NA,NA
25,ISTK,fruit,100g/d,0.88,0.83,0.93,149.37,-0.08558169077450953,0.01942834827306287,1 cup/day
25,Larynx,veg_exc_sta,100 g/d,0.91,0.87,0.96,NA,NA,NA,NA
25,Larynx,fruit,100 g/d,0.95,0.91,1,149.37,-0.034339756569291405,0.016106880099007893,1 cup/day
25,LC,veg_exc_sta,100/d,0.92,0.87,0.97,NA,NA,NA,NA
25,LC,fruit,100 g/d,0.82,0.76,0.89,149.37,-0.13285863207058868,0.026967520293704444,1 cup/day
25,SCNC,pf_pm,50g/d,1.18,1.01,1.38,30.21,0.2739398187315017,0.1317871702149347,1 oz eq/day
26,CC,gr_whole,3 servings/d,0.83,0.78,0.89,NA,NA,NA,NA
26,CC,dairy,400g/d,0.87,0.83,0.9,225,-0.2475770085929025,0.036720663280574696,1 cup/day
26,CC,pf_pm,50g/d,1.16,1.08,1.26,30.21,0.24564714518085604,0.06508466239185322,1 oz eq/day
26,CC,pf_redm,100g/d,1.12,1,1.25,30.21,0.3751363300463531,0.1884289153765561,1 oz eq/day
26,CC,fiber,10g/d,0.9,0.86,0.94,1,-0.10536051565782628,0.02269068520828983,10 g/day
26,DIAB,gr_whole,50g/d,0.88,0.83,0.93,NA,NA,NA,NA
26,DIAB,pf_ns,1oz/wk,0.97,0.95,0.98,NA,NA,NA,NA
26,DIAB,pf_pm,50g/d,1.52,1.24,1.83,30.21,0.6929995611687935,0.16432784591042301,1 oz eq/day
26,DIAB,pf_redm,100g/d,1.19,1.03,1.37,30.21,0.5758136614479907,0.2408750461045548,1 oz eq/day
26,HSTK,gr_whole,50g/d,0.91,0.86,0.97,NA,NA,NA,NA
26,HSTK,veg_exc_sta,100g/d,0.83,0.72,0.96,NA,NA,NA,NA
26,HSTK,fruit,100g/d,0.73,0.61,0.87,149.37,-0.21069206992013137,0.06063464074303784,1 cup/day
26,IHD,gr_whole,50g/d,0.97,0.94,0.99,NA,NA,NA,NA
26,IHD,veg_exc_sta,100g/d,0.95,0.93,0.98,NA,NA,NA,NA
26,IHD,fruit,100g/d,0.94,0.91,0.98,149.37,-0.04142425099958996,0.012656554152221954,1 cup/day
26,IHD,pf_pm,50g/d,1.38,1.11,1.69,30.21,0.5330743117661589,0.1774857095614454,1 oz eq/day
26,IHD,pufa_rep_carb,5%E/d,0.9,0.86,0.95,1,-0.10536051565782628,0.025390202894651298,5%E/day
26,IHD,pufa_rep_sfa,5%E/d,0.91,0.87,0.95,1,-0.09431067947124129,0.022441013506621702,5%E/day
26,IHD,sea_omega3_fa,100mg/d,0.85,0.79,0.92,1,-0.16251892949777494,0.03886242974031092,100 mg/day
26,ISTK,gr_whole,50g/d,0.91,0.86,0.97,NA,NA,NA,NA
26,ISTK,veg_exc_sta,100g/d,0.83,0.74,0.93,NA,NA,NA,NA
26,ISTK,fruit,100g/d,0.88,0.83,0.93,149.37,-0.08558169077450953,0.01942834827306287,1 cup/day
26,Larynx,veg_exc_sta,100 g/d,0.91,0.87,0.96,NA,NA,NA,NA
26,Larynx,fruit,100 g/d,0.95,0.91,1,149.37,-0.034339756569291405,0.016106880099007893,1 cup/day
26,LC,veg_exc_sta,100/d,0.92,0.87,0.97,NA,NA,NA,NA
26,LC,fruit,100 g/d,0.82,0.76,0.89,149.37,-0.13285863207058868,0.026967520293704444,1 cup/day
26,SCNC,pf_pm,50g/d,1.18,1.01,1.38,30.21,0.2739398187315017,0.1317871702149347,1 oz eq/day
27,CC,gr_whole,3 servings/d,0.83,0.78,0.89,NA,NA,NA,NA
27,CC,dairy,400g/d,0.87,0.83,0.9,225,-0.2475770085929025,0.036720663280574696,1 cup/day
27,CC,pf_pm,50g/d,1.16,1.08,1.26,30.21,0.24564714518085604,0.06508466239185322,1 oz eq/day
27,CC,pf_redm,100g/d,1.12,1,1.25,30.21,0.3751363300463531,0.1884289153765561,1 oz eq/day
27,CC,fiber,10g/d,0.9,0.86,0.94,1,-0.10536051565782628,0.02269068520828983,10 g/day
27,DIAB,gr_whole,50g/d,0.88,0.83,0.93,NA,NA,NA,NA
27,DIAB,pf_ns,1oz/wk,0.97,0.95,0.98,NA,NA,NA,NA
27,DIAB,pf_pm,50g/d,1.52,1.24,1.83,30.21,0.6929995611687935,0.16432784591042301,1 oz eq/day
27,DIAB,pf_redm,100g/d,1.19,1.03,1.37,30.21,0.5758136614479907,0.2408750461045548,1 oz eq/day
27,HSTK,gr_whole,50g/d,0.91,0.86,0.97,NA,NA,NA,NA
27,HSTK,veg_exc_sta,100g/d,0.83,0.72,0.96,NA,NA,NA,NA
27,HSTK,fruit,100g/d,0.73,0.61,0.87,149.37,-0.21069206992013137,0.06063464074303784,1 cup/day
27,IHD,gr_whole,50g/d,0.97,0.94,0.99,NA,NA,NA,NA
27,IHD,veg_exc_sta,100g/d,0.95,0.93,0.98,NA,NA,NA,NA
27,IHD,fruit,100g/d,0.94,0.91,0.98,149.37,-0.04142425099958996,0.012656554152221954,1 cup/day
27,IHD,pf_pm,50g/d,1.38,1.11,1.69,30.21,0.5330743117661589,0.1774857095614454,1 oz eq/day
27,IHD,pufa_rep_carb,5%E/d,0.9,0.86,0.95,1,-0.10536051565782628,0.025390202894651298,5%E/day
27,IHD,pufa_rep_sfa,5%E/d,0.91,0.87,0.95,1,-0.09431067947124129,0.022441013506621702,5%E/day
27,IHD,sea_omega3_fa,100mg/d,0.85,0.79,0.92,1,-0.16251892949777494,0.03886242974031092,100 mg/day
27,ISTK,gr_whole,50g/d,0.91,0.86,0.97,NA,NA,NA,NA
27,ISTK,veg_exc_sta,100g/d,0.83,0.74,0.93,NA,NA,NA,NA
27,ISTK,fruit,100g/d,0.88,0.83,0.93,149.37,-0.08558169077450953,0.01942834827306287,1 cup/day
27,Larynx,veg_exc_sta,100 g/d,0.91,0.87,0.96,NA,NA,NA,NA
27,Larynx,fruit,100 g/d,0.95,0.91,1,149.37,-0.034339756569291405,0.016106880099007893,1 cup/day
27,LC,veg_exc_sta,100/d,0.92,0.87,0.97,NA,NA,NA,NA
27,LC,fruit,100 g/d,0.82,0.76,0.89,149.37,-0.13285863207058868,0.026967520293704444,1 cup/day
27,SCNC,pf_pm,50g/d,1.18,1.01,1.38,30.21,0.2739398187315017,0.1317871702149347,1 oz eq/day
28,CC,gr_whole,3 servings/d,0.83,0.78,0.89,NA,NA,NA,NA
28,CC,dairy,400g/d,0.87,0.83,0.9,225,-0.2475770085929025,0.036720663280574696,1 cup/day
28,CC,pf_pm,50g/d,1.16,1.08,1.26,30.21,0.24564714518085604,0.06508466239185322,1 oz eq/day
28,CC,pf_redm,100g/d,1.12,1,1.25,30.21,0.3751363300463531,0.1884289153765561,1 oz eq/day
28,CC,fiber,10g/d,0.9,0.86,0.94,1,-0.10536051565782628,0.02269068520828983,10 g/day
28,DIAB,gr_whole,50g/d,0.88,0.83,0.93,NA,NA,NA,NA
28,DIAB,pf_ns,1oz/wk,0.97,0.95,0.98,NA,NA,NA,NA
28,DIAB,pf_pm,50g/d,1.52,1.24,1.83,30.21,0.6929995611687935,0.16432784591042301,1 oz eq/day
28,DIAB,pf_redm,100g/d,1.19,1.03,1.37,30.21,0.5758136614479907,0.2408750461045548,1 oz eq/day
28,HSTK,gr_whole,50g/d,0.91,0.86,0.97,NA,NA,NA,NA
28,HSTK,veg_exc_sta,100g/d,0.83,0.72,0.96,NA,NA,NA,NA
28,HSTK,fruit,100g/d,0.73,0.61,0.87,149.37,-0.21069206992013137,0.06063464074303784,1 cup/day
28,IHD,gr_whole,50g/d,0.97,0.94,0.99,NA,NA,NA,NA
28,IHD,veg_exc_sta,100g/d,0.95,0.93,0.98,NA,NA,NA,NA
28,IHD,fruit,100g/d,0.94,0.91,0.98,149.37,-0.04142425099958996,0.012656554152221954,1 cup/day
28,IHD,pf_pm,50g/d,1.38,1.11,1.69,30.21,0.5330743117661589,0.1774857095614454,1 oz eq/day
28,IHD,pufa_rep_carb,5%E/d,0.9,0.86,0.95,1,-0.10536051565782628,0.025390202894651298,5%E/day
28,IHD,pufa_rep_sfa,5%E/d,0.91,0.87,0.95,1,-0.09431067947124129,0.022441013506621702,5%E/day
28,IHD,sea_omega3_fa,100mg/d,0.85,0.79,0.92,1,-0.16251892949777494,0.03886242974031092,100 mg/day
28,ISTK,gr_whole,50g/d,0.91,0.86,0.97,NA,NA,NA,NA
28,ISTK,veg_exc_sta,100g/d,0.83,0.74,0.93,NA,NA,NA,NA
28,ISTK,fruit,100g/d,0.88,0.83,0.93,149.37,-0.08558169077450953,0.01942834827306287,1 cup/day
28,Larynx,veg_exc_sta,100 g/d,0.91,0.87,0.96,NA,NA,NA,NA
28,Larynx,fruit,100 g/d,0.95,0.91,1,149.37,-0.034339756569291405,0.016106880099007893,1 cup/day
28,LC,veg_exc_sta,100/d,0.92,0.87,0.97,NA,NA,NA,NA
28,LC,fruit,100 g/d,0.82,0.76,0.89,149.37,-0.13285863207058868,0.026967520293704444,1 cup/day
28,SCNC,pf_pm,50g/d,1.18,1.01,1.38,30.21,0.2739398187315017,0.1317871702149347,1 oz eq/day
29,CC,gr_whole,3 servings/d,0.83,0.78,0.89,NA,NA,NA,NA
29,CC,dairy,400g/d,0.87,0.83,0.9,225,-0.2475770085929025,0.036720663280574696,1 cup/day
29,CC,pf_pm,50g/d,1.16,1.08,1.26,30.21,0.24564714518085604,0.06508466239185322,1 oz eq/day
29,CC,pf_redm,100g/d,1.12,1,1.25,30.21,0.3751363300463531,0.1884289153765561,1 oz eq/day
29,CC,fiber,10g/d,0.9,0.86,0.94,1,-0.10536051565782628,0.02269068520828983,10 g/day
29,DIAB,gr_whole,50g/d,0.88,0.83,0.93,NA,NA,NA,NA
29,DIAB,pf_ns,1oz/wk,0.97,0.95,0.98,NA,NA,NA,NA
29,DIAB,pf_pm,50g/d,1.52,1.24,1.83,30.21,0.6929995611687935,0.16432784591042301,1 oz eq/day
29,DIAB,pf_redm,100g/d,1.19,1.03,1.37,30.21,0.5758136614479907,0.2408750461045548,1 oz eq/day
29,HSTK,gr_whole,50g/d,0.91,0.86,0.97,NA,NA,NA,NA
29,HSTK,veg_exc_sta,100g/d,0.83,0.72,0.96,NA,NA,NA,NA
29,HSTK,fruit,100g/d,0.73,0.61,0.87,149.37,-0.21069206992013137,0.06063464074303784,1 cup/day
29,IHD,gr_whole,50g/d,0.97,0.94,0.99,NA,NA,NA,NA
29,IHD,veg_exc_sta,100g/d,0.95,0.93,0.98,NA,NA,NA,NA
29,IHD,fruit,100g/d,0.94,0.91,0.98,149.37,-0.04142425099958996,0.012656554152221954,1 cup/day
29,IHD,pf_pm,50g/d,1.38,1.11,1.69,30.21,0.5330743117661589,0.1774857095614454,1 oz eq/day
29,IHD,pufa_rep_carb,5%E/d,0.9,0.86,0.95,1,-0.10536051565782628,0.025390202894651298,5%E/day
29,IHD,pufa_rep_sfa,5%E/d,0.91,0.87,0.95,1,-0.09431067947124129,0.022441013506621702,5%E/day
29,IHD,sea_omega3_fa,100mg/d,0.85,0.79,0.92,1,-0.16251892949777494,0.03886242974031092,100 mg/day
29,ISTK,gr_whole,50g/d,0.91,0.86,0.97,NA,NA,NA,NA
29,ISTK,veg_exc_sta,100g/d,0.83,0.74,0.93,NA,NA,NA,NA
29,ISTK,fruit,100g/d,0.88,0.83,0.93,149.37,-0.08558169077450953,0.01942834827306287,1 cup/day
29,Larynx,veg_exc_sta,100 g/d,0.91,0.87,0.96,NA,NA,NA,NA
29,Larynx,fruit,100 g/d,0.95,0.91,1,149.37,-0.034339756569291405,0.016106880099007893,1 cup/day
29,LC,veg_exc_sta,100/d,0.92,0.87,0.97,NA,NA,NA,NA
29,LC,fruit,100 g/d,0.82,0.76,0.89,149.37,-0.13285863207058868,0.026967520293704444,1 cup/day
29,SCNC,pf_pm,50g/d,1.18,1.01,1.38,30.21,0.2739398187315017,0.1317871702149347,1 oz eq/day
30,CC,gr_whole,3 servings/d,0.83,0.78,0.89,NA,NA,NA,NA
30,CC,dairy,400g/d,0.87,0.83,0.9,225,-0.2475770085929025,0.036720663280574696,1 cup/day
30,CC,pf_pm,50g/d,1.16,1.08,1.26,30.21,0.24564714518085604,0.06508466239185322,1 oz eq/day
30,CC,pf_redm,100g/d,1.12,1,1.25,30.21,0.3751363300463531,0.1884289153765561,1 oz eq/day
30,CC,fiber,10g/d,0.9,0.86,0.94,1,-0.10536051565782628,0.02269068520828983,10 g/day
30,DIAB,gr_whole,50g/d,0.88,0.83,0.93,NA,NA,NA,NA
30,DIAB,pf_ns,1oz/wk,0.97,0.95,0.98,NA,NA,NA,NA
30,DIAB,pf_pm,50g/d,1.52,1.24,1.83,30.21,0.6929995611687935,0.16432784591042301,1 oz eq/day
30,DIAB,pf_redm,100g/d,1.19,1.03,1.37,30.21,0.5758136614479907,0.2408750461045548,1 oz eq/day
30,HSTK,gr_whole,50g/d,0.91,0.86,0.97,NA,NA,NA,NA
30,HSTK,veg_exc_sta,100g/d,0.83,0.72,0.96,NA,NA,NA,NA
30,HSTK,fruit,100g/d,0.73,0.61,0.87,149.37,-0.21069206992013137,0.06063464074303784,1 cup/day
30,IHD,gr_whole,50g/d,0.97,0.94,0.99,NA,NA,NA,NA
30,IHD,veg_exc_sta,100g/d,0.95,0.93,0.98,NA,NA,NA,NA
30,IHD,fruit,100g/d,0.94,0.91,0.98,149.37,-0.04142425099958996,0.012656554152221954,1 cup/day
30,IHD,pf_pm,50g/d,1.38,1.11,1.69,30.21,0.5330743117661589,0.1774857095614454,1 oz eq/day
30,IHD,pufa_rep_carb,5%E/d,0.9,0.86,0.95,1,-0.10536051565782628,0.025390202894651298,5%E/day
30,IHD,pufa_rep_sfa,5%E/d,0.91,0.87,0.95,1,-0.09431067947124129,0.022441013506621702,5%E/day
30,IHD,sea_omega3_fa,100mg/d,0.85,0.79,0.92,1,-0.16251892949777494,0.03886242974031092,100 mg/day
30,ISTK,gr_whole,50g/d,0.91,0.86,0.97,NA,NA,NA,NA
30,ISTK,veg_exc_sta,100g/d,0.83,0.74,0.93,NA,NA,NA,NA
30,ISTK,fruit,100g/d,0.88,0.83,0.93,149.37,-0.08558169077450953,0.01942834827306287,1 cup/day
30,Larynx,veg_exc_sta,100 g/d,0.91,0.87,0.96,NA,NA,NA,NA
30,Larynx,fruit,100 g/d,0.95,0.91,1,149.37,-0.034339756569291405,0.016106880099007893,1 cup/day
30,LC,veg_exc_sta,100/d,0.92,0.87,0.97,NA,NA,NA,NA
30,LC,fruit,100 g/d,0.82,0.76,0.89,149.37,-0.13285863207058868,0.026967520293704444,1 cup/day
30,SCNC,pf_pm,50g/d,1.18,1.01,1.38,30.21,0.2739398187315017,0.1317871702149347,1 oz eq/day
31,CC,gr_whole,3 servings/d,0.83,0.78,0.89,NA,NA,NA,NA
31,CC,dairy,400g/d,0.87,0.83,0.9,225,-0.2475770085929025,0.036720663280574696,1 cup/day
31,CC,pf_pm,50g/d,1.16,1.08,1.26,30.21,0.24564714518085604,0.06508466239185322,1 oz eq/day
31,CC,pf_redm,100g/d,1.12,1,1.25,30.21,0.3751363300463531,0.1884289153765561,1 oz eq/day
31,CC,fiber,10g/d,0.9,0.86,0.94,1,-0.10536051565782628,0.02269068520828983,10 g/day
31,DIAB,gr_whole,50g/d,0.88,0.83,0.93,NA,NA,NA,NA
31,DIAB,pf_ns,1oz/wk,0.97,0.95,0.98,NA,NA,NA,NA
31,DIAB,pf_pm,50g/d,1.52,1.24,1.83,30.21,0.6929995611687935,0.16432784591042301,1 oz eq/day
31,DIAB,pf_redm,100g/d,1.19,1.03,1.37,30.21,0.5758136614479907,0.2408750461045548,1 oz eq/day
31,HSTK,gr_whole,50g/d,0.91,0.86,0.97,NA,NA,NA,NA
31,HSTK,veg_exc_sta,100g/d,0.83,0.72,0.96,NA,NA,NA,NA
31,HSTK,fruit,100g/d,0.73,0.61,0.87,149.37,-0.21069206992013137,0.06063464074303784,1 cup/day
31,IHD,gr_whole,50g/d,0.97,0.94,0.99,NA,NA,NA,NA
31,IHD,veg_exc_sta,100g/d,0.95,0.93,0.98,NA,NA,NA,NA
31,IHD,fruit,100g/d,0.94,0.91,0.98,149.37,-0.04142425099958996,0.012656554152221954,1 cup/day
31,IHD,pf_pm,50g/d,1.38,1.11,1.69,30.21,0.5330743117661589,0.1774857095614454,1 oz eq/day
31,IHD,pufa_rep_carb,5%E/d,0.9,0.86,0.95,1,-0.10536051565782628,0.025390202894651298,5%E/day
31,IHD,pufa_rep_sfa,5%E/d,0.91,0.87,0.95,1,-0.09431067947124129,0.022441013506621702,5%E/day
31,IHD,sea_omega3_fa,100mg/d,0.85,0.79,0.92,1,-0.16251892949777494,0.03886242974031092,100 mg/day
31,ISTK,gr_whole,50g/d,0.91,0.86,0.97,NA,NA,NA,NA
31,ISTK,veg_exc_sta,100g/d,0.83,0.74,0.93,NA,NA,NA,NA
31,ISTK,fruit,100g/d,0.88,0.83,0.93,149.37,-0.08558169077450953,0.01942834827306287,1 cup/day
31,Larynx,veg_exc_sta,100 g/d,0.91,0.87,0.96,NA,NA,NA,NA
31,Larynx,fruit,100 g/d,0.95,0.91,1,149.37,-0.034339756569291405,0.016106880099007893,1 cup/day
31,LC,veg_exc_sta,100/d,0.92,0.87,0.97,NA,NA,NA,NA
31,LC,fruit,100 g/d,0.82,0.76,0.89,149.37,-0.13285863207058868,0.026967520293704444,1 cup/day
31,SCNC,pf_pm,50g/d,1.18,1.01,1.38,30.21,0.2739398187315017,0.1317871702149347,1 oz eq/day
32,CC,gr_whole,3 servings/d,0.83,0.78,0.89,NA,NA,NA,NA
32,CC,dairy,400g/d,0.87,0.83,0.9,225,-0.2475770085929025,0.036720663280574696,1 cup/day
32,CC,pf_pm,50g/d,1.16,1.08,1.26,30.21,0.24564714518085604,0.06508466239185322,1 oz eq/day
32,CC,pf_redm,100g/d,1.12,1,1.25,30.21,0.3751363300463531,0.1884289153765561,1 oz eq/day
32,CC,fiber,10g/d,0.9,0.86,0.94,1,-0.10536051565782628,0.02269068520828983,10 g/day
32,DIAB,gr_whole,50g/d,0.88,0.83,0.93,NA,NA,NA,NA
32,DIAB,pf_ns,1oz/wk,0.97,0.95,0.98,NA,NA,NA,NA
32,DIAB,pf_pm,50g/d,1.52,1.24,1.83,30.21,0.6929995611687935,0.16432784591042301,1 oz eq/day
32,DIAB,pf_redm,100g/d,1.19,1.03,1.37,30.21,0.5758136614479907,0.2408750461045548,1 oz eq/day
32,HSTK,gr_whole,50g/d,0.91,0.86,0.97,NA,NA,NA,NA
32,HSTK,veg_exc_sta,100g/d,0.83,0.72,0.96,NA,NA,NA,NA
32,HSTK,fruit,100g/d,0.73,0.61,0.87,149.37,-0.21069206992013137,0.06063464074303784,1 cup/day
32,IHD,gr_whole,50g/d,0.97,0.94,0.99,NA,NA,NA,NA
32,IHD,veg_exc_sta,100g/d,0.95,0.93,0.98,NA,NA,NA,NA
32,IHD,fruit,100g/d,0.94,0.91,0.98,149.37,-0.04142425099958996,0.012656554152221954,1 cup/day
32,IHD,pf_pm,50g/d,1.38,1.11,1.69,30.21,0.5330743117661589,0.1774857095614454,1 oz eq/day
32,IHD,pufa_rep_carb,5%E/d,0.9,0.86,0.95,1,-0.10536051565782628,0.025390202894651298,5%E/day
32,IHD,pufa_rep_sfa,5%E/d,0.91,0.87,0.95,1,-0.09431067947124129,0.022441013506621702,5%E/day
32,IHD,sea_omega3_fa,100mg/d,0.85,0.79,0.92,1,-0.16251892949777494,0.03886242974031092,100 mg/day
32,ISTK,gr_whole,50g/d,0.91,0.86,0.97,NA,NA,NA,NA
32,ISTK,veg_exc_sta,100g/d,0.83,0.74,0.93,NA,NA,NA,NA
32,ISTK,fruit,100g/d,0.88,0.83,0.93,149.37,-0.08558169077450953,0.01942834827306287,1 cup/day
32,Larynx,veg_exc_sta,100 g/d,0.91,0.87,0.96,NA,NA,NA,NA
32,Larynx,fruit,100 g/d,0.95,0.91,1,149.37,-0.034339756569291405,0.016106880099007893,1 cup/day
32,LC,veg_exc_sta,100/d,0.92,0.87,0.97,NA,NA,NA,NA
32,LC,fruit,100 g/d,0.82,0.76,0.89,149.37,-0.13285863207058868,0.026967520293704444,1 cup/day
32,SCNC,pf_pm,50g/d,1.18,1.01,1.38,30.21,0.2739398187315017,0.1317871702149347,1 oz eq/day
33,CC,gr_whole,3 servings/d,0.83,0.78,0.89,NA,NA,NA,NA
33,CC,dairy,400g/d,0.87,0.83,0.9,225,-0.2475770085929025,0.036720663280574696,1 cup/day
33,CC,pf_pm,50g/d,1.16,1.08,1.26,30.21,0.24564714518085604,0.06508466239185322,1 oz eq/day
33,CC,pf_redm,100g/d,1.12,1,1.25,30.21,0.3751363300463531,0.1884289153765561,1 oz eq/day
33,CC,fiber,10g/d,0.9,0.86,0.94,1,-0.10536051565782628,0.02269068520828983,10 g/day
33,DIAB,gr_whole,50g/d,0.9,0.86,0.94,NA,NA,NA,NA
33,DIAB,pf_ns,1oz/wk,0.97,0.96,0.99,NA,NA,NA,NA
33,DIAB,pf_pm,50g/d,1.41,1.2,1.65,30.21,0.5686688255380286,0.13445580389591508,1 oz eq/day
33,DIAB,pf_redm,100g/d,1.16,1.03,1.3,30.21,0.49129429036171207,0.19658771442246675,1 oz eq/day
33,HSTK,gr_whole,50g/d,0.93,0.88,0.98,NA,NA,NA,NA
33,HSTK,veg_exc_sta,100g/d,0.86,0.76,0.97,NA,NA,NA,NA
33,HSTK,fruit,100g/d,0.77,0.67,0.89,149.37,-0.17497808404258386,0.04849342584794466,1 cup/day
33,IHD,gr_whole,50g/d,0.97,0.95,0.99,NA,NA,NA,NA
33,IHD,veg_exc_sta,100g/d,0.96,0.94,0.98,NA,NA,NA,NA
33,IHD,fruit,100g/d,0.95,0.92,0.98,149.37,-0.034339756569291405,0.01079002928311349,1 cup/day
33,IHD,pf_pm,50g/d,1.3,1.09,1.54,30.21,0.43423413516632087,0.14591934696262446,1 oz eq/day
33,IHD,pufa_rep_carb,5%E/d,0.92,0.88,0.96,1,-0.08338160893905101,0.022196779844293295,5%E/day
33,IHD,pufa_rep_sfa,5%E/d,0.92,0.89,0.96,1,-0.08338160893905101,0.019314240238698047,5%E/day
33,IHD,sea_omega3_fa,100mg/d,0.87,0.82,0.93,1,-0.13926206733350766,0.032112307624745644,100 mg/day
33,ISTK,gr_whole,50g/d,0.93,0.88,0.98,NA,NA,NA,NA
33,ISTK,veg_exc_sta,100g/d,0.86,0.78,0.94,NA,NA,NA,NA
33,ISTK,fruit,100g/d,0.9,0.86,0.94,149.37,-0.07053659748130567,0.015190925358699758,1 cup/day
33,Larynx,veg_exc_sta,100 g/d,0.91,0.87,0.96,NA,NA,NA,NA
33,Larynx,fruit,100 g/d,0.95,0.91,1,149.37,-0.034339756569291405,0.016106880099007893,1 cup/day
33,LC,veg_exc_sta,100/d,0.92,0.87,0.97,NA,NA,NA,NA
33,LC,fruit,100 g/d,0.82,0.76,0.89,149.37,-0.13285863207058868,0.026967520293704444,1 cup/day
33,SCNC,pf_pm,50g/d,1.18,1.01,1.38,30.21,0.2739398187315017,0.1317871702149347,1 oz eq/day
34,CC,gr_whole,3 servings/d,0.83,0.78,0.89,NA,NA,NA,NA
34,CC,dairy,400g/d,0.87,0.83,0.9,225,-0.2475770085929025,0.036720663280574696,1 cup/day
34,CC,pf_pm,50g/d,1.16,1.08,1.26,30.21,0.24564714518085604,0.06508466239185322,1 oz eq/day
34,CC,pf_redm,100g/d,1.12,1,1.25,30.21,0.3751363300463531,0.1884289153765561,1 oz eq/day
34,CC,fiber,10g/d,0.9,0.86,0.94,1,-0.10536051565782628,0.02269068520828983,10 g/day
34,DIAB,gr_whole,50g/d,0.9,0.86,0.94,NA,NA,NA,NA
34,DIAB,pf_ns,1oz/wk,0.97,0.96,0.99,NA,NA,NA,NA
34,DIAB,pf_pm,50g/d,1.41,1.2,1.65,30.21,0.5686688255380286,0.13445580389591508,1 oz eq/day
34,DIAB,pf_redm,100g/d,1.16,1.03,1.3,30.21,0.49129429036171207,0.19658771442246675,1 oz eq/day
34,HSTK,gr_whole,50g/d,0.93,0.88,0.98,NA,NA,NA,NA
34,HSTK,veg_exc_sta,100g/d,0.86,0.76,0.97,NA,NA,NA,NA
34,HSTK,fruit,100g/d,0.77,0.67,0.89,149.37,-0.17497808404258386,0.04849342584794466,1 cup/day
34,IHD,gr_whole,50g/d,0.97,0.95,0.99,NA,NA,NA,NA
34,IHD,veg_exc_sta,100g/d,0.96,0.94,0.98,NA,NA,NA,NA
34,IHD,fruit,100g/d,0.95,0.92,0.98,149.37,-0.034339756569291405,0.01079002928311349,1 cup/day
34,IHD,pf_pm,50g/d,1.3,1.09,1.54,30.21,0.43423413516632087,0.14591934696262446,1 oz eq/day
34,IHD,pufa_rep_carb,5%E/d,0.92,0.88,0.96,1,-0.08338160893905101,0.022196779844293295,5%E/day
34,IHD,pufa_rep_sfa,5%E/d,0.92,0.89,0.96,1,-0.08338160893905101,0.019314240238698047,5%E/day
34,IHD,sea_omega3_fa,100mg/d,0.87,0.82,0.93,1,-0.13926206733350766,0.032112307624745644,100 mg/day
34,ISTK,gr_whole,50g/d,0.93,0.88,0.98,NA,NA,NA,NA
34,ISTK,veg_exc_sta,100g/d,0.86,0.78,0.94,NA,NA,NA,NA
34,ISTK,fruit,100g/d,0.9,0.86,0.94,149.37,-0.07053659748130567,0.015190925358699758,1 cup/day
34,Larynx,veg_exc_sta,100 g/d,0.91,0.87,0.96,NA,NA,NA,NA
34,Larynx,fruit,100 g/d,0.95,0.91,1,149.37,-0.034339756569291405,0.016106880099007893,1 cup/day
34,LC,veg_exc_sta,100/d,0.92,0.87,0.97,NA,NA,NA,NA
34,LC,fruit,100 g/d,0.82,0.76,0.89,149.37,-0.13285863207058868,0.026967520293704444,1 cup/day
34,SCNC,pf_pm,50g/d,1.18,1.01,1.38,30.21,0.2739398187315017,0.1317871702149347,1 oz eq/day
35,CC,gr_whole,3 servings/d,0.83,0.78,0.89,NA,NA,NA,NA
35,CC,dairy,400g/d,0.87,0.83,0.9,225,-0.2475770085929025,0.036720663280574696,1 cup/day
35,CC,pf_pm,50g/d,1.16,1.08,1.26,30.21,0.24564714518085604,0.06508466239185322,1 oz eq/day
35,CC,pf_redm,100g/d,1.12,1,1.25,30.21,0.3751363300463531,0.1884289153765561,1 oz eq/day
35,CC,fiber,10g/d,0.9,0.86,0.94,1,-0.10536051565782628,0.02269068520828983,10 g/day
35,DIAB,gr_whole,50g/d,0.9,0.86,0.94,NA,NA,NA,NA
35,DIAB,pf_ns,1oz/wk,0.97,0.96,0.99,NA,NA,NA,NA
35,DIAB,pf_pm,50g/d,1.41,1.2,1.65,30.21,0.5686688255380286,0.13445580389591508,1 oz eq/day
35,DIAB,pf_redm,100g/d,1.16,1.03,1.3,30.21,0.49129429036171207,0.19658771442246675,1 oz eq/day
35,HSTK,gr_whole,50g/d,0.93,0.88,0.98,NA,NA,NA,NA
35,HSTK,veg_exc_sta,100g/d,0.86,0.76,0.97,NA,NA,NA,NA
35,HSTK,fruit,100g/d,0.77,0.67,0.89,149.37,-0.17497808404258386,0.04849342584794466,1 cup/day
35,IHD,gr_whole,50g/d,0.97,0.95,0.99,NA,NA,NA,NA
35,IHD,veg_exc_sta,100g/d,0.96,0.94,0.98,NA,NA,NA,NA
35,IHD,fruit,100g/d,0.95,0.92,0.98,149.37,-0.034339756569291405,0.01079002928311349,1 cup/day
35,IHD,pf_pm,50g/d,1.3,1.09,1.54,30.21,0.43423413516632087,0.14591934696262446,1 oz eq/day
35,IHD,pufa_rep_carb,5%E/d,0.92,0.88,0.96,1,-0.08338160893905101,0.022196779844293295,5%E/day
35,IHD,pufa_rep_sfa,5%E/d,0.92,0.89,0.96,1,-0.08338160893905101,0.019314240238698047,5%E/day
35,IHD,sea_omega3_fa,100mg/d,0.87,0.82,0.93,1,-0.13926206733350766,0.032112307624745644,100 mg/day
35,ISTK,gr_whole,50g/d,0.93,0.88,0.98,NA,NA,NA,NA
35,ISTK,veg_exc_sta,100g/d,0.86,0.78,0.94,NA,NA,NA,NA
35,ISTK,fruit,100g/d,0.9,0.86,0.94,149.37,-0.07053659748130567,0.015190925358699758,1 cup/day
35,Larynx,veg_exc_sta,100 g/d,0.91,0.87,0.96,NA,NA,NA,NA
35,Larynx,fruit,100 g/d,0.95,0.91,1,149.37,-0.034339756569291405,0.016106880099007893,1 cup/day
35,LC,veg_exc_sta,100/d,0.92,0.87,0.97,NA,NA,NA,NA
35,LC,fruit,100 g/d,0.82,0.76,0.89,149.37,-0.13285863207058868,0.026967520293704444,1 cup/day
35,SCNC,pf_pm,50g/d,1.18,1.01,1.38,30.21,0.2739398187315017,0.1317871702149347,1 oz eq/day
36,CC,gr_whole,3 servings/d,0.83,0.78,0.89,NA,NA,NA,NA
36,CC,dairy,400g/d,0.87,0.83,0.9,225,-0.2475770085929025,0.036720663280574696,1 cup/day
36,CC,pf_pm,50g/d,1.16,1.08,1.26,30.21,0.24564714518085604,0.06508466239185322,1 oz eq/day
36,CC,pf_redm,100g/d,1.12,1,1.25,30.21,0.3751363300463531,0.1884289153765561,1 oz eq/day
36,CC,fiber,10g/d,0.9,0.86,0.94,1,-0.10536051565782628,0.02269068520828983,10 g/day
36,DIAB,gr_whole,50g/d,0.9,0.86,0.94,NA,NA,NA,NA
36,DIAB,pf_ns,1oz/wk,0.97,0.96,0.99,NA,NA,NA,NA
36,DIAB,pf_pm,50g/d,1.41,1.2,1.65,30.21,0.5686688255380286,0.13445580389591508,1 oz eq/day
36,DIAB,pf_redm,100g/d,1.16,1.03,1.3,30.21,0.49129429036171207,0.19658771442246675,1 oz eq/day
36,HSTK,gr_whole,50g/d,0.93,0.88,0.98,NA,NA,NA,NA
36,HSTK,veg_exc_sta,100g/d,0.86,0.76,0.97,NA,NA,NA,NA
36,HSTK,fruit,100g/d,0.77,0.67,0.89,149.37,-0.17497808404258386,0.04849342584794466,1 cup/day
36,IHD,gr_whole,50g/d,0.97,0.95,0.99,NA,NA,NA,NA
36,IHD,veg_exc_sta,100g/d,0.96,0.94,0.98,NA,NA,NA,NA
36,IHD,fruit,100g/d,0.95,0.92,0.98,149.37,-0.034339756569291405,0.01079002928311349,1 cup/day
36,IHD,pf_pm,50g/d,1.3,1.09,1.54,30.21,0.43423413516632087,0.14591934696262446,1 oz eq/day
36,IHD,pufa_rep_carb,5%E/d,0.92,0.88,0.96,1,-0.08338160893905101,0.022196779844293295,5%E/day
36,IHD,pufa_rep_sfa,5%E/d,0.92,0.89,0.96,1,-0.08338160893905101,0.019314240238698047,5%E/day
36,IHD,sea_omega3_fa,100mg/d,0.87,0.82,0.93,1,-0.13926206733350766,0.032112307624745644,100 mg/day
36,ISTK,gr_whole,50g/d,0.93,0.88,0.98,NA,NA,NA,NA
36,ISTK,veg_exc_sta,100g/d,0.86,0.78,0.94,NA,NA,NA,NA
36,ISTK,fruit,100g/d,0.9,0.86,0.94,149.37,-0.07053659748130567,0.015190925358699758,1 cup/day
36,Larynx,veg_exc_sta,100 g/d,0.91,0.87,0.96,NA,NA,NA,NA
36,Larynx,fruit,100 g/d,0.95,0.91,1,149.37,-0.034339756569291405,0.016106880099007893,1 cup/day
36,LC,veg_exc_sta,100/d,0.92,0.87,0.97,NA,NA,NA,NA
36,LC,fruit,100 g/d,0.82,0.76,0.89,149.37,-0.13285863207058868,0.026967520293704444,1 cup/day
36,SCNC,pf_pm,50g/d,1.18,1.01,1.38,30.21,0.2739398187315017,0.1317871702149347,1 oz eq/day
37,CC,gr_whole,3 servings/d,0.83,0.78,0.89,NA,NA,NA,NA
37,CC,dairy,400g/d,0.87,0.83,0.9,225,-0.2475770085929025,0.036720663280574696,1 cup/day
37,CC,pf_pm,50g/d,1.16,1.08,1.26,30.21,0.24564714518085604,0.06508466239185322,1 oz eq/day
37,CC,pf_redm,100g/d,1.12,1,1.25,30.21,0.3751363300463531,0.1884289153765561,1 oz eq/day
37,CC,fiber,10g/d,0.9,0.86,0.94,1,-0.10536051565782628,0.02269068520828983,10 g/day
37,DIAB,gr_whole,50g/d,0.9,0.86,0.94,NA,NA,NA,NA
37,DIAB,pf_ns,1oz/wk,0.97,0.96,0.99,NA,NA,NA,NA
37,DIAB,pf_pm,50g/d,1.41,1.2,1.65,30.21,0.5686688255380286,0.13445580389591508,1 oz eq/day
37,DIAB,pf_redm,100g/d,1.16,1.03,1.3,30.21,0.49129429036171207,0.19658771442246675,1 oz eq/day
37,HSTK,gr_whole,50g/d,0.93,0.88,0.98,NA,NA,NA,NA
37,HSTK,veg_exc_sta,100g/d,0.86,0.76,0.97,NA,NA,NA,NA
37,HSTK,fruit,100g/d,0.77,0.67,0.89,149.37,-0.17497808404258386,0.04849342584794466,1 cup/day
37,IHD,gr_whole,50g/d,0.97,0.95,0.99,NA,NA,NA,NA
37,IHD,veg_exc_sta,100g/d,0.96,0.94,0.98,NA,NA,NA,NA
37,IHD,fruit,100g/d,0.95,0.92,0.98,149.37,-0.034339756569291405,0.01079002928311349,1 cup/day
37,IHD,pf_pm,50g/d,1.3,1.09,1.54,30.21,0.43423413516632087,0.14591934696262446,1 oz eq/day
37,IHD,pufa_rep_carb,5%E/d,0.92,0.88,0.96,1,-0.08338160893905101,0.022196779844293295,5%E/day
37,IHD,pufa_rep_sfa,5%E/d,0.92,0.89,0.96,1,-0.08338160893905101,0.019314240238698047,5%E/day
37,IHD,sea_omega3_fa,100mg/d,0.87,0.82,0.93,1,-0.13926206733350766,0.032112307624745644,100 mg/day
37,ISTK,gr_whole,50g/d,0.93,0.88,0.98,NA,NA,NA,NA
37,ISTK,veg_exc_sta,100g/d,0.86,0.78,0.94,NA,NA,NA,NA
37,ISTK,fruit,100g/d,0.9,0.86,0.94,149.37,-0.07053659748130567,0.015190925358699758,1 cup/day
37,Larynx,veg_exc_sta,100 g/d,0.91,0.87,0.96,NA,NA,NA,NA
37,Larynx,fruit,100 g/d,0.95,0.91,1,149.37,-0.034339756569291405,0.016106880099007893,1 cup/day
37,LC,veg_exc_sta,100/d,0.92,0.87,0.97,NA,NA,NA,NA
37,LC,fruit,100 g/d,0.82,0.76,0.89,149.37,-0.13285863207058868,0.026967520293704444,1 cup/day
37,SCNC,pf_pm,50g/d,1.18,1.01,1.38,30.21,0.2739398187315017,0.1317871702149347,1 oz eq/day
38,CC,gr_whole,3 servings/d,0.83,0.78,0.89,NA,NA,NA,NA
38,CC,dairy,400g/d,0.87,0.83,0.9,225,-0.2475770085929025,0.036720663280574696,1 cup/day
38,CC,pf_pm,50g/d,1.16,1.08,1.26,30.21,0.24564714518085604,0.06508466239185322,1 oz eq/day
38,CC,pf_redm,100g/d,1.12,1,1.25,30.21,0.3751363300463531,0.1884289153765561,1 oz eq/day
38,CC,fiber,10g/d,0.9,0.86,0.94,1,-0.10536051565782628,0.02269068520828983,10 g/day
38,DIAB,gr_whole,50g/d,0.9,0.86,0.94,NA,NA,NA,NA
38,DIAB,pf_ns,1oz/wk,0.97,0.96,0.99,NA,NA,NA,NA
38,DIAB,pf_pm,50g/d,1.41,1.2,1.65,30.21,0.5686688255380286,0.13445580389591508,1 oz eq/day
38,DIAB,pf_redm,100g/d,1.16,1.03,1.3,30.21,0.49129429036171207,0.19658771442246675,1 oz eq/day
38,HSTK,gr_whole,50g/d,0.93,0.88,0.98,NA,NA,NA,NA
38,HSTK,veg_exc_sta,100g/d,0.86,0.76,0.97,NA,NA,NA,NA
38,HSTK,fruit,100g/d,0.77,0.67,0.89,149.37,-0.17497808404258386,0.04849342584794466,1 cup/day
38,IHD,gr_whole,50g/d,0.97,0.95,0.99,NA,NA,NA,NA
38,IHD,veg_exc_sta,100g/d,0.96,0.94,0.98,NA,NA,NA,NA
38,IHD,fruit,100g/d,0.95,0.92,0.98,149.37,-0.034339756569291405,0.01079002928311349,1 cup/day
38,IHD,pf_pm,50g/d,1.3,1.09,1.54,30.21,0.43423413516632087,0.14591934696262446,1 oz eq/day
38,IHD,pufa_rep_carb,5%E/d,0.92,0.88,0.96,1,-0.08338160893905101,0.022196779844293295,5%E/day
38,IHD,pufa_rep_sfa,5%E/d,0.92,0.89,0.96,1,-0.08338160893905101,0.019314240238698047,5%E/day
38,IHD,sea_omega3_fa,100mg/d,0.87,0.82,0.93,1,-0.13926206733350766,0.032112307624745644,100 mg/day
38,ISTK,gr_whole,50g/d,0.93,0.88,0.98,NA,NA,NA,NA
38,ISTK,veg_exc_sta,100g/d,0.86,0.78,0.94,NA,NA,NA,NA
38,ISTK,fruit,100g/d,0.9,0.86,0.94,149.37,-0.07053659748130567,0.015190925358699758,1 cup/day
38,Larynx,veg_exc_sta,100 g/d,0.91,0.87,0.96,NA,NA,NA,NA
38,Larynx,fruit,100 g/d,0.95,0.91,1,149.37,-0.034339756569291405,0.016106880099007893,1 cup/day
38,LC,veg_exc_sta,100/d,0.92,0.87,0.97,NA,NA,NA,NA
38,LC,fruit,100 g/d,0.82,0.76,0.89,149.37,-0.13285863207058868,0.026967520293704444,1 cup/day
38,SCNC,pf_pm,50g/d,1.18,1.01,1.38,30.21,0.2739398187315017,0.1317871702149347,1 oz eq/day
39,CC,gr_whole,3 servings/d,0.83,0.78,0.89,NA,NA,NA,NA
39,CC,dairy,400g/d,0.87,0.83,0.9,225,-0.2475770085929025,0.036720663280574696,1 cup/day
39,CC,pf_pm,50g/d,1.16,1.08,1.26,30.21,0.24564714518085604,0.06508466239185322,1 oz eq/day
39,CC,pf_redm,100g/d,1.12,1,1.25,30.21,0.3751363300463531,0.1884289153765561,1 oz eq/day
39,CC,fiber,10g/d,0.9,0.86,0.94,1,-0.10536051565782628,0.02269068520828983,10 g/day
39,DIAB,gr_whole,50g/d,0.9,0.86,0.94,NA,NA,NA,NA
39,DIAB,pf_ns,1oz/wk,0.97,0.96,0.99,NA,NA,NA,NA
39,DIAB,pf_pm,50g/d,1.41,1.2,1.65,30.21,0.5686688255380286,0.13445580389591508,1 oz eq/day
39,DIAB,pf_redm,100g/d,1.16,1.03,1.3,30.21,0.49129429036171207,0.19658771442246675,1 oz eq/day
39,HSTK,gr_whole,50g/d,0.93,0.88,0.98,NA,NA,NA,NA
39,HSTK,veg_exc_sta,100g/d,0.86,0.76,0.97,NA,NA,NA,NA
39,HSTK,fruit,100g/d,0.77,0.67,0.89,149.37,-0.17497808404258386,0.04849342584794466,1 cup/day
39,IHD,gr_whole,50g/d,0.97,0.95,0.99,NA,NA,NA,NA
39,IHD,veg_exc_sta,100g/d,0.96,0.94,0.98,NA,NA,NA,NA
39,IHD,fruit,100g/d,0.95,0.92,0.98,149.37,-0.034339756569291405,0.01079002928311349,1 cup/day
39,IHD,pf_pm,50g/d,1.3,1.09,1.54,30.21,0.43423413516632087,0.14591934696262446,1 oz eq/day
39,IHD,pufa_rep_carb,5%E/d,0.92,0.88,0.96,1,-0.08338160893905101,0.022196779844293295,5%E/day
39,IHD,pufa_rep_sfa,5%E/d,0.92,0.89,0.96,1,-0.08338160893905101,0.019314240238698047,5%E/day
39,IHD,sea_omega3_fa,100mg/d,0.87,0.82,0.93,1,-0.13926206733350766,0.032112307624745644,100 mg/day
39,ISTK,gr_whole,50g/d,0.93,0.88,0.98,NA,NA,NA,NA
39,ISTK,veg_exc_sta,100g/d,0.86,0.78,0.94,NA,NA,NA,NA
39,ISTK,fruit,100g/d,0.9,0.86,0.94,149.37,-0.07053659748130567,0.015190925358699758,1 cup/day
39,Larynx,veg_exc_sta,100 g/d,0.91,0.87,0.96,NA,NA,NA,NA
39,Larynx,fruit,100 g/d,0.95,0.91,1,149.37,-0.034339756569291405,0.016106880099007893,1 cup/day
39,LC,veg_exc_sta,100/d,0.92,0.87,0.97,NA,NA,NA,NA
39,LC,fruit,100 g/d,0.82,0.76,0.89,149.37,-0.13285863207058868,0.026967520293704444,1 cup/day
39,SCNC,pf_pm,50g/d,1.18,1.01,1.38,30.21,0.2739398187315017,0.1317871702149347,1 oz eq/day
40,CC,gr_whole,3 servings/d,0.83,0.78,0.89,NA,NA,NA,NA
40,CC,dairy,400g/d,0.87,0.83,0.9,225,-0.2475770085929025,0.036720663280574696,1 cup/day
40,CC,pf_pm,50g/d,1.16,1.08,1.26,30.21,0.24564714518085604,0.06508466239185322,1 oz eq/day
40,CC,pf_redm,100g/d,1.12,1,1.25,30.21,0.3751363300463531,0.1884289153765561,1 oz eq/day
40,CC,fiber,10g/d,0.9,0.86,0.94,1,-0.10536051565782628,0.02269068520828983,10 g/day
40,DIAB,gr_whole,50g/d,0.9,0.86,0.94,NA,NA,NA,NA
40,DIAB,pf_ns,1oz/wk,0.97,0.96,0.99,NA,NA,NA,NA
40,DIAB,pf_pm,50g/d,1.41,1.2,1.65,30.21,0.5686688255380286,0.13445580389591508,1 oz eq/day
40,DIAB,pf_redm,100g/d,1.16,1.03,1.3,30.21,0.49129429036171207,0.19658771442246675,1 oz eq/day
40,HSTK,gr_whole,50g/d,0.93,0.88,0.98,NA,NA,NA,NA
40,HSTK,veg_exc_sta,100g/d,0.86,0.76,0.97,NA,NA,NA,NA
40,HSTK,fruit,100g/d,0.77,0.67,0.89,149.37,-0.17497808404258386,0.04849342584794466,1 cup/day
40,IHD,gr_whole,50g/d,0.97,0.95,0.99,NA,NA,NA,NA
40,IHD,veg_exc_sta,100g/d,0.96,0.94,0.98,NA,NA,NA,NA
40,IHD,fruit,100g/d,0.95,0.92,0.98,149.37,-0.034339756569291405,0.01079002928311349,1 cup/day
40,IHD,pf_pm,50g/d,1.3,1.09,1.54,30.21,0.43423413516632087,0.14591934696262446,1 oz eq/day
40,IHD,pufa_rep_carb,5%E/d,0.92,0.88,0.96,1,-0.08338160893905101,0.022196779844293295,5%E/day
40,IHD,pufa_rep_sfa,5%E/d,0.92,0.89,0.96,1,-0.08338160893905101,0.019314240238698047,5%E/day
40,IHD,sea_omega3_fa,100mg/d,0.87,0.82,0.93,1,-0.13926206733350766,0.032112307624745644,100 mg/day
40,ISTK,gr_whole,50g/d,0.93,0.88,0.98,NA,NA,NA,NA
40,ISTK,veg_exc_sta,100g/d,0.86,0.78,0.94,NA,NA,NA,NA
40,ISTK,fruit,100g/d,0.9,0.86,0.94,149.37,-0.07053659748130567,0.015190925358699758,1 cup/day
40,Larynx,veg_exc_sta,100 g/d,0.91,0.87,0.96,NA,NA,NA,NA
40,Larynx,fruit,100 g/d,0.95,0.91,1,149.37,-0.034339756569291405,0.016106880099007893,1 cup/day
40,LC,veg_exc_sta,100/d,0.92,0.87,0.97,NA,NA,NA,NA
40,LC,fruit,100 g/d,0.82,0.76,0.89,149.37,-0.13285863207058868,0.026967520293704444,1 cup/day
40,SCNC,pf_pm,50g/d,1.18,1.01,1.38,30.21,0.2739398187315017,0.1317871702149347,1 oz eq/day
41,CC,gr_whole,3 servings/d,0.83,0.78,0.89,NA,NA,NA,NA
41,CC,dairy,400g/d,0.87,0.83,0.9,225,-0.2475770085929025,0.036720663280574696,1 cup/day
41,CC,pf_pm,50g/d,1.16,1.08,1.26,30.21,0.24564714518085604,0.06508466239185322,1 oz eq/day
41,CC,pf_redm,100g/d,1.12,1,1.25,30.21,0.3751363300463531,0.1884289153765561,1 oz eq/day
41,CC,fiber,10g/d,0.9,0.86,0.94,1,-0.10536051565782628,0.02269068520828983,10 g/day
41,DIAB,gr_whole,50g/d,0.94,0.92,0.96,NA,NA,NA,NA
41,DIAB,pf_ns,1oz/wk,0.98,0.98,0.99,NA,NA,NA,NA
41,DIAB,pf_pm,50g/d,1.22,1.12,1.32,30.21,0.3291142978238417,0.06937114150406182,1 oz eq/day
41,DIAB,pf_redm,100g/d,1.09,1.02,1.15,30.21,0.28526215240335123,0.1012971403229932,1 oz eq/day
41,HSTK,gr_whole,50g/d,0.96,0.93,0.98,NA,NA,NA,NA
41,HSTK,veg_exc_sta,100g/d,0.92,0.86,0.97,NA,NA,NA,NA
41,HSTK,fruit,100g/d,0.86,0.8,0.92,149.37,-0.10097267840569302,0.02386928883199894,1 cup/day
41,IHD,gr_whole,50g/d,0.98,0.97,0.99,NA,NA,NA,NA
41,IHD,veg_exc_sta,100g/d,0.98,0.97,0.99,NA,NA,NA,NA
41,IHD,fruit,100g/d,0.97,0.96,0.99,149.37,-0.020391783815162733,0.005255347743986258,1 cup/day
41,IHD,pf_pm,50g/d,1.16,1.07,1.27,30.21,0.24564714518085604,0.07234995000839577,1 oz eq/day
41,IHD,pufa_rep_carb,5%E/d,0.95,0.93,0.97,1,-0.05129329438755058,0.010742725854624184,5%E/day
41,IHD,pufa_rep_sfa,5%E/d,0.96,0.94,0.98,1,-0.040821994520255166,0.010630789898104098,5%E/day
41,IHD,sea_omega3_fa,100mg/d,0.93,0.9,0.96,1,-0.07257069283483537,0.016463908453462017,100 mg/day
41,ISTK,gr_whole,50g/d,0.96,0.93,0.98,NA,NA,NA,NA
41,ISTK,veg_exc_sta,100g/d,0.92,0.87,0.96,NA,NA,NA,NA
41,ISTK,fruit,100g/d,0.94,0.92,0.96,149.37,-0.04142425099958996,0.007268557605001525,1 cup/day
41,Larynx,veg_exc_sta,100 g/d,0.91,0.87,0.96,NA,NA,NA,NA
41,Larynx,fruit,100 g/d,0.95,0.91,1,149.37,-0.034339756569291405,0.016106880099007893,1 cup/day
41,LC,veg_exc_sta,100/d,0.92,0.87,0.97,NA,NA,NA,NA
41,LC,fruit,100 g/d,0.82,0.76,0.89,149.37,-0.13285863207058868,0.026967520293704444,1 cup/day
41,SCNC,pf_pm,50g/d,1.18,1.01,1.38,30.21,0.2739398187315017,0.1317871702149347,1 oz eq/day
42,CC,gr_whole,3 servings/d,0.83,0.78,0.89,NA,NA,NA,NA
42,CC,dairy,400g/d,0.87,0.83,0.9,225,-0.2475770085929025,0.036720663280574696,1 cup/day
42,CC,pf_pm,50g/d,1.16,1.08,1.26,30.21,0.24564714518085604,0.06508466239185322,1 oz eq/day
42,CC,pf_redm,100g/d,1.12,1,1.25,30.21,0.3751363300463531,0.1884289153765561,1 oz eq/day
42,CC,fiber,10g/d,0.9,0.86,0.94,1,-0.10536051565782628,0.02269068520828983,10 g/day
42,DIAB,gr_whole,50g/d,0.94,0.92,0.96,NA,NA,NA,NA
42,DIAB,pf_ns,1oz/wk,0.98,0.98,0.99,NA,NA,NA,NA
42,DIAB,pf_pm,50g/d,1.22,1.12,1.32,30.21,0.3291142978238417,0.06937114150406182,1 oz eq/day
42,DIAB,pf_redm,100g/d,1.09,1.02,1.15,30.21,0.28526215240335123,0.1012971403229932,1 oz eq/day
42,HSTK,gr_whole,50g/d,0.96,0.93,0.98,NA,NA,NA,NA
42,HSTK,veg_exc_sta,100g/d,0.92,0.86,0.97,NA,NA,NA,NA
42,HSTK,fruit,100g/d,0.86,0.8,0.92,149.37,-0.10097267840569302,0.02386928883199894,1 cup/day
42,IHD,gr_whole,50g/d,0.98,0.97,0.99,NA,NA,NA,NA
42,IHD,veg_exc_sta,100g/d,0.98,0.97,0.99,NA,NA,NA,NA
42,IHD,fruit,100g/d,0.97,0.96,0.99,149.37,-0.020391783815162733,0.005255347743986258,1 cup/day
42,IHD,pf_pm,50g/d,1.16,1.07,1.27,30.21,0.24564714518085604,0.07234995000839577,1 oz eq/day
42,IHD,pufa_rep_carb,5%E/d,0.95,0.93,0.97,1,-0.05129329438755058,0.010742725854624184,5%E/day
42,IHD,pufa_rep_sfa,5%E/d,0.96,0.94,0.98,1,-0.040821994520255166,0.010630789898104098,5%E/day
42,IHD,sea_omega3_fa,100mg/d,0.93,0.9,0.96,1,-0.07257069283483537,0.016463908453462017,100 mg/day
42,ISTK,gr_whole,50g/d,0.96,0.93,0.98,NA,NA,NA,NA
42,ISTK,veg_exc_sta,100g/d,0.92,0.87,0.96,NA,NA,NA,NA
42,ISTK,fruit,100g/d,0.94,0.92,0.96,149.37,-0.04142425099958996,0.007268557605001525,1 cup/day
42,Larynx,veg_exc_sta,100 g/d,0.91,0.87,0.96,NA,NA,NA,NA
42,Larynx,fruit,100 g/d,0.95,0.91,1,149.37,-0.034339756569291405,0.016106880099007893,1 cup/day
42,LC,veg_exc_sta,100/d,0.92,0.87,0.97,NA,NA,NA,NA
42,LC,fruit,100 g/d,0.82,0.76,0.89,149.37,-0.13285863207058868,0.026967520293704444,1 cup/day
42,SCNC,pf_pm,50g/d,1.18,1.01,1.38,30.21,0.2739398187315017,0.1317871702149347,1 oz eq/day
43,CC,gr_whole,3 servings/d,0.83,0.78,0.89,NA,NA,NA,NA
43,CC,dairy,400g/d,0.87,0.83,0.9,225,-0.2475770085929025,0.036720663280574696,1 cup/day
43,CC,pf_pm,50g/d,1.16,1.08,1.26,30.21,0.24564714518085604,0.06508466239185322,1 oz eq/day
43,CC,pf_redm,100g/d,1.12,1,1.25,30.21,0.3751363300463531,0.1884289153765561,1 oz eq/day
43,CC,fiber,10g/d,0.9,0.86,0.94,1,-0.10536051565782628,0.02269068520828983,10 g/day
43,DIAB,gr_whole,50g/d,0.94,0.92,0.96,NA,NA,NA,NA
43,DIAB,pf_ns,1oz/wk,0.98,0.98,0.99,NA,NA,NA,NA
43,DIAB,pf_pm,50g/d,1.22,1.12,1.32,30.21,0.3291142978238417,0.06937114150406182,1 oz eq/day
43,DIAB,pf_redm,100g/d,1.09,1.02,1.15,30.21,0.28526215240335123,0.1012971403229932,1 oz eq/day
43,HSTK,gr_whole,50g/d,0.96,0.93,0.98,NA,NA,NA,NA
43,HSTK,veg_exc_sta,100g/d,0.92,0.86,0.97,NA,NA,NA,NA
43,HSTK,fruit,100g/d,0.86,0.8,0.92,149.37,-0.10097267840569302,0.02386928883199894,1 cup/day
43,IHD,gr_whole,50g/d,0.98,0.97,0.99,NA,NA,NA,NA
43,IHD,veg_exc_sta,100g/d,0.98,0.97,0.99,NA,NA,NA,NA
43,IHD,fruit,100g/d,0.97,0.96,0.99,149.37,-0.020391783815162733,0.005255347743986258,1 cup/day
43,IHD,pf_pm,50g/d,1.16,1.07,1.27,30.21,0.24564714518085604,0.07234995000839577,1 oz eq/day
43,IHD,pufa_rep_carb,5%E/d,0.95,0.93,0.97,1,-0.05129329438755058,0.010742725854624184,5%E/day
43,IHD,pufa_rep_sfa,5%E/d,0.96,0.94,0.98,1,-0.040821994520255166,0.010630789898104098,5%E/day
43,IHD,sea_omega3_fa,100mg/d,0.93,0.9,0.96,1,-0.07257069283483537,0.016463908453462017,100 mg/day
43,ISTK,gr_whole,50g/d,0.96,0.93,0.98,NA,NA,NA,NA
43,ISTK,veg_exc_sta,100g/d,0.92,0.87,0.96,NA,NA,NA,NA
43,ISTK,fruit,100g/d,0.94,0.92,0.96,149.37,-0.04142425099958996,0.007268557605001525,1 cup/day
43,Larynx,veg_exc_sta,100 g/d,0.91,0.87,0.96,NA,NA,NA,NA
43,Larynx,fruit,100 g/d,0.95,0.91,1,149.37,-0.034339756569291405,0.016106880099007893,1 cup/day
43,LC,veg_exc_sta,100/d,0.92,0.87,0.97,NA,NA,NA,NA
43,LC,fruit,100 g/d,0.82,0.76,0.89,149.37,-0.13285863207058868,0.026967520293704444,1 cup/day
43,SCNC,pf_pm,50g/d,1.18,1.01,1.38,30.21,0.2739398187315017,0.1317871702149347,1 oz eq/day
44,CC,gr_whole,3 servings/d,0.83,0.78,0.89,NA,NA,NA,NA
44,CC,dairy,400g/d,0.87,0.83,0.9,225,-0.2475770085929025,0.036720663280574696,1 cup/day
44,CC,pf_pm,50g/d,1.16,1.08,1.26,30.21,0.24564714518085604,0.06508466239185322,1 oz eq/day
44,CC,pf_redm,100g/d,1.12,1,1.25,30.21,0.3751363300463531,0.1884289153765561,1 oz eq/day
44,CC,fiber,10g/d,0.9,0.86,0.94,1,-0.10536051565782628,0.02269068520828983,10 g/day
44,DIAB,gr_whole,50g/d,0.94,0.92,0.96,NA,NA,NA,NA
44,DIAB,pf_ns,1oz/wk,0.98,0.98,0.99,NA,NA,NA,NA
44,DIAB,pf_pm,50g/d,1.22,1.12,1.32,30.21,0.3291142978238417,0.06937114150406182,1 oz eq/day
44,DIAB,pf_redm,100g/d,1.09,1.02,1.15,30.21,0.28526215240335123,0.1012971403229932,1 oz eq/day
44,HSTK,gr_whole,50g/d,0.96,0.93,0.98,NA,NA,NA,NA
44,HSTK,veg_exc_sta,100g/d,0.92,0.86,0.97,NA,NA,NA,NA
44,HSTK,fruit,100g/d,0.86,0.8,0.92,149.37,-0.10097267840569302,0.02386928883199894,1 cup/day
44,IHD,gr_whole,50g/d,0.98,0.97,0.99,NA,NA,NA,NA
44,IHD,veg_exc_sta,100g/d,0.98,0.97,0.99,NA,NA,NA,NA
44,IHD,fruit,100g/d,0.97,0.96,0.99,149.37,-0.020391783815162733,0.005255347743986258,1 cup/day
44,IHD,pf_pm,50g/d,1.16,1.07,1.27,30.21,0.24564714518085604,0.07234995000839577,1 oz eq/day
44,IHD,pufa_rep_carb,5%E/d,0.95,0.93,0.97,1,-0.05129329438755058,0.010742725854624184,5%E/day
44,IHD,pufa_rep_sfa,5%E/d,0.96,0.94,0.98,1,-0.040821994520255166,0.010630789898104098,5%E/day
44,IHD,sea_omega3_fa,100mg/d,0.93,0.9,0.96,1,-0.07257069283483537,0.016463908453462017,100 mg/day
44,ISTK,gr_whole,50g/d,0.96,0.93,0.98,NA,NA,NA,NA
44,ISTK,veg_exc_sta,100g/d,0.92,0.87,0.96,NA,NA,NA,NA
44,ISTK,fruit,100g/d,0.94,0.92,0.96,149.37,-0.04142425099958996,0.007268557605001525,1 cup/day
44,Larynx,veg_exc_sta,100 g/d,0.91,0.87,0.96,NA,NA,NA,NA
44,Larynx,fruit,100 g/d,0.95,0.91,1,149.37,-0.034339756569291405,0.016106880099007893,1 cup/day
44,LC,veg_exc_sta,100/d,0.92,0.87,0.97,NA,NA,NA,NA
44,LC,fruit,100 g/d,0.82,0.76,0.89,149.37,-0.13285863207058868,0.026967520293704444,1 cup/day
44,SCNC,pf_pm,50g/d,1.18,1.01,1.38,30.21,0.2739398187315017,0.1317871702149347,1 oz eq/day
45,CC,gr_whole,3 servings/d,0.83,0.78,0.89,NA,NA,NA,NA
45,CC,dairy,400g/d,0.87,0.83,0.9,225,-0.2475770085929025,0.036720663280574696,1 cup/day
45,CC,pf_pm,50g/d,1.16,1.08,1.26,30.21,0.24564714518085604,0.06508466239185322,1 oz eq/day
45,CC,pf_redm,100g/d,1.12,1,1.25,30.21,0.3751363300463531,0.1884289153765561,1 oz eq/day
45,CC,fiber,10g/d,0.9,0.86,0.94,1,-0.10536051565782628,0.02269068520828983,10 g/day
45,DIAB,gr_whole,50g/d,0.94,0.92,0.96,NA,NA,NA,NA
45,DIAB,pf_ns,1oz/wk,0.98,0.98,0.99,NA,NA,NA,NA
45,DIAB,pf_pm,50g/d,1.22,1.12,1.32,30.21,0.3291142978238417,0.06937114150406182,1 oz eq/day
45,DIAB,pf_redm,100g/d,1.09,1.02,1.15,30.21,0.28526215240335123,0.1012971403229932,1 oz eq/day
45,HSTK,gr_whole,50g/d,0.96,0.93,0.98,NA,NA,NA,NA
45,HSTK,veg_exc_sta,100g/d,0.92,0.86,0.97,NA,NA,NA,NA
45,HSTK,fruit,100g/d,0.86,0.8,0.92,149.37,-0.10097267840569302,0.02386928883199894,1 cup/day
45,IHD,gr_whole,50g/d,0.98,0.97,0.99,NA,NA,NA,NA
45,IHD,veg_exc_sta,100g/d,0.98,0.97,0.99,NA,NA,NA,NA
45,IHD,fruit,100g/d,0.97,0.96,0.99,149.37,-0.020391783815162733,0.005255347743986258,1 cup/day
45,IHD,pf_pm,50g/d,1.16,1.07,1.27,30.21,0.24564714518085604,0.07234995000839577,1 oz eq/day
45,IHD,pufa_rep_carb,5%E/d,0.95,0.93,0.97,1,-0.05129329438755058,0.010742725854624184,5%E/day
45,IHD,pufa_rep_sfa,5%E/d,0.96,0.94,0.98,1,-0.040821994520255166,0.010630789898104098,5%E/day
45,IHD,sea_omega3_fa,100mg/d,0.93,0.9,0.96,1,-0.07257069283483537,0.016463908453462017,100 mg/day
45,ISTK,gr_whole,50g/d,0.96,0.93,0.98,NA,NA,NA,NA
45,ISTK,veg_exc_sta,100g/d,0.92,0.87,0.96,NA,NA,NA,NA
45,ISTK,fruit,100g/d,0.94,0.92,0.96,149.37,-0.04142425099958996,0.007268557605001525,1 cup/day
45,Larynx,veg_exc_sta,100 g/d,0.91,0.87,0.96,NA,NA,NA,NA
45,Larynx,fruit,100 g/d,0.95,0.91,1,149.37,-0.034339756569291405,0.016106880099007893,1 cup/day
45,LC,veg_exc_sta,100/d,0.92,0.87,0.97,NA,NA,NA,NA
45,LC,fruit,100 g/d,0.82,0.76,0.89,149.37,-0.13285863207058868,0.026967520293704444,1 cup/day
45,SCNC,pf_pm,50g/d,1.18,1.01,1.38,30.21,0.2739398187315017,0.1317871702149347,1 oz eq/day
46,CC,gr_whole,3 servings/d,0.83,0.78,0.89,NA,NA,NA,NA
46,CC,dairy,400g/d,0.87,0.83,0.9,225,-0.2475770085929025,0.036720663280574696,1 cup/day
46,CC,pf_pm,50g/d,1.16,1.08,1.26,30.21,0.24564714518085604,0.06508466239185322,1 oz eq/day
46,CC,pf_redm,100g/d,1.12,1,1.25,30.21,0.3751363300463531,0.1884289153765561,1 oz eq/day
46,CC,fiber,10g/d,0.9,0.86,0.94,1,-0.10536051565782628,0.02269068520828983,10 g/day
46,DIAB,gr_whole,50g/d,0.94,0.92,0.96,NA,NA,NA,NA
46,DIAB,pf_ns,1oz/wk,0.98,0.98,0.99,NA,NA,NA,NA
46,DIAB,pf_pm,50g/d,1.22,1.12,1.32,30.21,0.3291142978238417,0.06937114150406182,1 oz eq/day
46,DIAB,pf_redm,100g/d,1.09,1.02,1.15,30.21,0.28526215240335123,0.1012971403229932,1 oz eq/day
46,HSTK,gr_whole,50g/d,0.96,0.93,0.98,NA,NA,NA,NA
46,HSTK,veg_exc_sta,100g/d,0.92,0.86,0.97,NA,NA,NA,NA
46,HSTK,fruit,100g/d,0.86,0.8,0.92,149.37,-0.10097267840569302,0.02386928883199894,1 cup/day
46,IHD,gr_whole,50g/d,0.98,0.97,0.99,NA,NA,NA,NA
46,IHD,veg_exc_sta,100g/d,0.98,0.97,0.99,NA,NA,NA,NA
46,IHD,fruit,100g/d,0.97,0.96,0.99,149.37,-0.020391783815162733,0.005255347743986258,1 cup/day
46,IHD,pf_pm,50g/d,1.16,1.07,1.27,30.21,0.24564714518085604,0.07234995000839577,1 oz eq/day
46,IHD,pufa_rep_carb,5%E/d,0.95,0.93,0.97,1,-0.05129329438755058,0.010742725854624184,5%E/day
46,IHD,pufa_rep_sfa,5%E/d,0.96,0.94,0.98,1,-0.040821994520255166,0.010630789898104098,5%E/day
46,IHD,sea_omega3_fa,100mg/d,0.93,0.9,0.96,1,-0.07257069283483537,0.016463908453462017,100 mg/day
46,ISTK,gr_whole,50g/d,0.96,0.93,0.98,NA,NA,NA,NA
46,ISTK,veg_exc_sta,100g/d,0.92,0.87,0.96,NA,NA,NA,NA
46,ISTK,fruit,100g/d,0.94,0.92,0.96,149.37,-0.04142425099958996,0.007268557605001525,1 cup/day
46,Larynx,veg_exc_sta,100 g/d,0.91,0.87,0.96,NA,NA,NA,NA
46,Larynx,fruit,100 g/d,0.95,0.91,1,149.37,-0.034339756569291405,0.016106880099007893,1 cup/day
46,LC,veg_exc_sta,100/d,0.92,0.87,0.97,NA,NA,NA,NA
46,LC,fruit,100 g/d,0.82,0.76,0.89,149.37,-0.13285863207058868,0.026967520293704444,1 cup/day
46,SCNC,pf_pm,50g/d,1.18,1.01,1.38,30.21,0.2739398187315017,0.1317871702149347,1 oz eq/day
47,CC,gr_whole,3 servings/d,0.83,0.78,0.89,NA,NA,NA,NA
47,CC,dairy,400g/d,0.87,0.83,0.9,225,-0.2475770085929025,0.036720663280574696,1 cup/day
47,CC,pf_pm,50g/d,1.16,1.08,1.26,30.21,0.24564714518085604,0.06508466239185322,1 oz eq/day
47,CC,pf_redm,100g/d,1.12,1,1.25,30.21,0.3751363300463531,0.1884289153765561,1 oz eq/day
47,CC,fiber,10g/d,0.9,0.86,0.94,1,-0.10536051565782628,0.02269068520828983,10 g/day
47,DIAB,gr_whole,50g/d,0.94,0.92,0.96,NA,NA,NA,NA
47,DIAB,pf_ns,1oz/wk,0.98,0.98,0.99,NA,NA,NA,NA
47,DIAB,pf_pm,50g/d,1.22,1.12,1.32,30.21,0.3291142978238417,0.06937114150406182,1 oz eq/day
47,DIAB,pf_redm,100g/d,1.09,1.02,1.15,30.21,0.28526215240335123,0.1012971403229932,1 oz eq/day
47,HSTK,gr_whole,50g/d,0.96,0.93,0.98,NA,NA,NA,NA
47,HSTK,veg_exc_sta,100g/d,0.92,0.86,0.97,NA,NA,NA,NA
47,HSTK,fruit,100g/d,0.86,0.8,0.92,149.37,-0.10097267840569302,0.02386928883199894,1 cup/day
47,IHD,gr_whole,50g/d,0.98,0.97,0.99,NA,NA,NA,NA
47,IHD,veg_exc_sta,100g/d,0.98,0.97,0.99,NA,NA,NA,NA
47,IHD,fruit,100g/d,0.97,0.96,0.99,149.37,-0.020391783815162733,0.005255347743986258,1 cup/day
47,IHD,pf_pm,50g/d,1.16,1.07,1.27,30.21,0.24564714518085604,0.07234995000839577,1 oz eq/day
47,IHD,pufa_rep_carb,5%E/d,0.95,0.93,0.97,1,-0.05129329438755058,0.010742725854624184,5%E/day
47,IHD,pufa_rep_sfa,5%E/d,0.96,0.94,0.98,1,-0.040821994520255166,0.010630789898104098,5%E/day
47,IHD,sea_omega3_fa,100mg/d,0.93,0.9,0.96,1,-0.07257069283483537,0.016463908453462017,100 mg/day
47,ISTK,gr_whole,50g/d,0.96,0.93,0.98,NA,NA,NA,NA
47,ISTK,veg_exc_sta,100g/d,0.92,0.87,0.96,NA,NA,NA,NA
47,ISTK,fruit,100g/d,0.94,0.92,0.96,149.37,-0.04142425099958996,0.007268557605001525,1 cup/day
47,Larynx,veg_exc_sta,100 g/d,0.91,0.87,0.96,NA,NA,NA,NA
47,Larynx,fruit,100 g/d,0.95,0.91,1,149.37,-0.034339756569291405,0.016106880099007893,1 cup/day
47,LC,veg_exc_sta,100/d,0.92,0.87,0.97,NA,NA,NA,NA
47,LC,fruit,100 g/d,0.82,0.76,0.89,149.37,-0.13285863207058868,0.026967520293704444,1 cup/day
47,SCNC,pf_pm,50g/d,1.18,1.01,1.38,30.21,0.2739398187315017,0.1317871702149347,1 oz eq/day
48,CC,gr_whole,3 servings/d,0.83,0.78,0.89,NA,NA,NA,NA
48,CC,dairy,400g/d,0.87,0.83,0.9,225,-0.2475770085929025,0.036720663280574696,1 cup/day
48,CC,pf_pm,50g/d,1.16,1.08,1.26,30.21,0.24564714518085604,0.06508466239185322,1 oz eq/day
48,CC,pf_redm,100g/d,1.12,1,1.25,30.21,0.3751363300463531,0.1884289153765561,1 oz eq/day
48,CC,fiber,10g/d,0.9,0.86,0.94,1,-0.10536051565782628,0.02269068520828983,10 g/day
48,DIAB,gr_whole,50g/d,0.94,0.92,0.96,NA,NA,NA,NA
48,DIAB,pf_ns,1oz/wk,0.98,0.98,0.99,NA,NA,NA,NA
48,DIAB,pf_pm,50g/d,1.22,1.12,1.32,30.21,0.3291142978238417,0.06937114150406182,1 oz eq/day
48,DIAB,pf_redm,100g/d,1.09,1.02,1.15,30.21,0.28526215240335123,0.1012971403229932,1 oz eq/day
48,HSTK,gr_whole,50g/d,0.96,0.93,0.98,NA,NA,NA,NA
48,HSTK,veg_exc_sta,100g/d,0.92,0.86,0.97,NA,NA,NA,NA
48,HSTK,fruit,100g/d,0.86,0.8,0.92,149.37,-0.10097267840569302,0.02386928883199894,1 cup/day
48,IHD,gr_whole,50g/d,0.98,0.97,0.99,NA,NA,NA,NA
48,IHD,veg_exc_sta,100g/d,0.98,0.97,0.99,NA,NA,NA,NA
48,IHD,fruit,100g/d,0.97,0.96,0.99,149.37,-0.020391783815162733,0.005255347743986258,1 cup/day
48,IHD,pf_pm,50g/d,1.16,1.07,1.27,30.21,0.24564714518085604,0.07234995000839577,1 oz eq/day
48,IHD,pufa_rep_carb,5%E/d,0.95,0.93,0.97,1,-0.05129329438755058,0.010742725854624184,5%E/day
48,IHD,pufa_rep_sfa,5%E/d,0.96,0.94,0.98,1,-0.040821994520255166,0.010630789898104098,5%E/day
48,IHD,sea_omega3_fa,100mg/d,0.93,0.9,0.96,1,-0.07257069283483537,0.016463908453462017,100 mg/day
48,ISTK,gr_whole,50g/d,0.96,0.93,0.98,NA,NA,NA,NA
48,ISTK,veg_exc_sta,100g/d,0.92,0.87,0.96,NA,NA,NA,NA
48,ISTK,fruit,100g/d,0.94,0.92,0.96,149.37,-0.04142425099958996,0.007268557605001525,1 cup/day
48,Larynx,veg_exc_sta,100 g/d,0.91,0.87,0.96,NA,NA,NA,NA
48,Larynx,fruit,100 g/d,0.95,0.91,1,149.37,-0.034339756569291405,0.016106880099007893,1 cup/day
48,LC,veg_exc_sta,100/d,0.92,0.87,0.97,NA,NA,NA,NA
48,LC,fruit,100 g/d,0.82,0.76,0.89,149.37,-0.13285863207058868,0.026967520293704444,1 cup/day
48,SCNC,pf_pm,50g/d,1.18,1.01,1.38,30.21,0.2739398187315017,0.1317871702149347,1 oz eq/day
